<?xml version="1.0" encoding="UTF-8"?>
<gpx creator="Garmin Connect" version="1.1"
  xsi:schemaLocation="http://www.topografix.com/GPX/1/1 http://www.topografix.com/GPX/11.xsd"
  xmlns:ns3="http://www.garmin.com/xmlschemas/TrackPointExtension/v1"
  xmlns="http://www.topografix.com/GPX/1/1"
  xmlns:xsi="http://www.w3.org/2001/XMLSchema-instance" xmlns:ns2="http://www.garmin.com/xmlschemas/GpxExtensions/v3">
  <metadata>
    <link href="connect.garmin.com">
      <text>Garmin Connect</text>
    </link>
    <time>2026-10-03T01:35:26.000Z</time>
  </metadata>
  <trk>
    <name>Suma Ward 跑步</name>
    <type>running</type>
    <trkseg>
      <trkpt lat="34.64115547947585582733154296875" lon="135.11013753712177276611328125">
        <ele>3.2000000476837158203125</ele>
        <time>2026-10-03T01:35:26.000Z</time>
        <extensions>
          <ns3:TrackPointExtension>
            <ns3:atemp>31.0</ns3:atemp>
            <ns3:hr>113</ns3:hr>
            <ns3:cad>68</ns3:cad>
          </ns3:TrackPointExtension>
        </extensions>
      </trkpt>
      <trkpt lat="34.64116620831191539764404296875" lon="135.1101598329842090606689453125">
        <ele>3.400000095367431640625</ele>
        <time>2026-10-03T01:35:27.000Z</time>
        <extensions>
          <ns3:TrackPointExtension>
            <ns3:atemp>31.0</ns3:atemp>
            <ns3:hr>110</ns3:hr>
            <ns3:cad>60</ns3:cad>
          </ns3:TrackPointExtension>
        </extensions>
      </trkpt>
      <trkpt lat="34.64117777533829212188720703125" lon="135.11018573306500911712646484375">
        <ele>3.400000095367431640625</ele>
        <time>2026-10-03T01:35:28.000Z</time>
        <extensions>
          <ns3:TrackPointExtension>
            <ns3:atemp>31.0</ns3:atemp>
            <ns3:hr>109</ns3:hr>
            <ns3:cad>65</ns3:cad>
          </ns3:TrackPointExtension>
        </extensions>
      </trkpt>
      <trkpt lat="34.64119403623044490814208984375" lon="135.110212974250316619873046875">
        <ele>3.400000095367431640625</ele>
        <time>2026-10-03T01:35:29.000Z</time>
        <extensions>
          <ns3:TrackPointExtension>
            <ns3:atemp>31.0</ns3:atemp>
            <ns3:hr>112</ns3:hr>
            <ns3:cad>89</ns3:cad>
          </ns3:TrackPointExtension>
        </extensions>
      </trkpt>
      <trkpt lat="34.64121348224580287933349609375" lon="135.11023920960724353790283203125">
        <ele>3.400000095367431640625</ele>
        <time>2026-10-03T01:35:30.000Z</time>
        <extensions>
          <ns3:TrackPointExtension>
            <ns3:atemp>31.0</ns3:atemp>
            <ns3:hr>115</ns3:hr>
            <ns3:cad>92</ns3:cad>
          </ns3:TrackPointExtension>
        </extensions>
      </trkpt>
      <trkpt lat="34.64124047197401523590087890625" lon="135.11025597341358661651611328125">
        <ele>3.2000000476837158203125</ele>
        <time>2026-10-03T01:35:31.000Z</time>
        <extensions>
          <ns3:TrackPointExtension>
            <ns3:atemp>31.0</ns3:atemp>
            <ns3:hr>117</ns3:hr>
            <ns3:cad>92</ns3:cad>
          </ns3:TrackPointExtension>
        </extensions>
      </trkpt>
      <trkpt lat="34.64126561768352985382080078125" lon="135.11026402004063129425048828125">
        <ele>3.2000000476837158203125</ele>
        <time>2026-10-03T01:35:32.000Z</time>
        <extensions>
          <ns3:TrackPointExtension>
            <ns3:atemp>31.0</ns3:atemp>
            <ns3:hr>119</ns3:hr>
            <ns3:cad>92</ns3:cad>
          </ns3:TrackPointExtension>
        </extensions>
      </trkpt>
      <trkpt lat="34.6412992291152477264404296875" lon="135.11025463230907917022705078125">
        <ele>3.2000000476837158203125</ele>
        <time>2026-10-03T01:35:33.000Z</time>
        <extensions>
          <ns3:TrackPointExtension>
            <ns3:atemp>31.0</ns3:atemp>
            <ns3:hr>120</ns3:hr>
            <ns3:cad>90</ns3:cad>
          </ns3:TrackPointExtension>
        </extensions>
      </trkpt>
      <trkpt lat="34.641321860253810882568359375" lon="135.11026150546967983245849609375">
        <ele>3.2000000476837158203125</ele>
        <time>2026-10-03T01:35:34.000Z</time>
        <extensions>
          <ns3:TrackPointExtension>
            <ns3:atemp>31.0</ns3:atemp>
            <ns3:hr>122</ns3:hr>
            <ns3:cad>90</ns3:cad>
          </ns3:TrackPointExtension>
        </extensions>
      </trkpt>
      <trkpt lat="34.6413481794297695159912109375" lon="135.11027164757251739501953125">
        <ele>3.400000095367431640625</ele>
        <time>2026-10-03T01:35:35.000Z</time>
        <extensions>
          <ns3:TrackPointExtension>
            <ns3:atemp>31.0</ns3:atemp>
            <ns3:hr>124</ns3:hr>
            <ns3:cad>90</ns3:cad>
          </ns3:TrackPointExtension>
        </extensions>
      </trkpt>
      <trkpt lat="34.64136066846549510955810546875" lon="135.11028815992176532745361328125">
        <ele>3.599999904632568359375</ele>
        <time>2026-10-03T01:35:36.000Z</time>
        <extensions>
          <ns3:TrackPointExtension>
            <ns3:atemp>31.0</ns3:atemp>
            <ns3:hr>125</ns3:hr>
            <ns3:cad>89</ns3:cad>
          </ns3:TrackPointExtension>
        </extensions>
      </trkpt>
      <trkpt lat="34.6413807012140750885009765625" lon="135.11031590402126312255859375">
        <ele>3.599999904632568359375</ele>
        <time>2026-10-03T01:35:37.000Z</time>
        <extensions>
          <ns3:TrackPointExtension>
            <ns3:atemp>31.0</ns3:atemp>
            <ns3:hr>126</ns3:hr>
            <ns3:cad>89</ns3:cad>
          </ns3:TrackPointExtension>
        </extensions>
      </trkpt>
      <trkpt lat="34.64139101095497608184814453125" lon="135.110339038074016571044921875">
        <ele>3.7999999523162841796875</ele>
        <time>2026-10-03T01:35:38.000Z</time>
        <extensions>
          <ns3:TrackPointExtension>
            <ns3:atemp>31.0</ns3:atemp>
            <ns3:hr>127</ns3:hr>
            <ns3:cad>89</ns3:cad>
          </ns3:TrackPointExtension>
        </extensions>
      </trkpt>
      <trkpt lat="34.64140601456165313720703125" lon="135.11036979965865612030029296875">
        <ele>3.7999999523162841796875</ele>
        <time>2026-10-03T01:35:39.000Z</time>
        <extensions>
          <ns3:TrackPointExtension>
            <ns3:atemp>31.0</ns3:atemp>
            <ns3:hr>128</ns3:hr>
            <ns3:cad>89</ns3:cad>
          </ns3:TrackPointExtension>
        </extensions>
      </trkpt>
      <trkpt lat="34.641409702599048614501953125" lon="135.11039595119655132293701171875">
        <ele>3.7999999523162841796875</ele>
        <time>2026-10-03T01:35:40.000Z</time>
        <extensions>
          <ns3:TrackPointExtension>
            <ns3:atemp>31.0</ns3:atemp>
            <ns3:hr>129</ns3:hr>
            <ns3:cad>89</ns3:cad>
          </ns3:TrackPointExtension>
        </extensions>
      </trkpt>
      <trkpt lat="34.64141733013093471527099609375" lon="135.110431574285030364990234375">
        <ele>3.599999904632568359375</ele>
        <time>2026-10-03T01:35:41.000Z</time>
        <extensions>
          <ns3:TrackPointExtension>
            <ns3:atemp>31.0</ns3:atemp>
            <ns3:hr>130</ns3:hr>
            <ns3:cad>89</ns3:cad>
          </ns3:TrackPointExtension>
        </extensions>
      </trkpt>
      <trkpt lat="34.64141615666449069976806640625" lon="135.110457055270671844482421875">
        <ele>3.599999904632568359375</ele>
        <time>2026-10-03T01:35:42.000Z</time>
        <extensions>
          <ns3:TrackPointExtension>
            <ns3:atemp>31.0</ns3:atemp>
            <ns3:hr>131</ns3:hr>
            <ns3:cad>89</ns3:cad>
          </ns3:TrackPointExtension>
        </extensions>
      </trkpt>
      <trkpt lat="34.64142185635864734649658203125" lon="135.110491923987865447998046875">
        <ele>3.599999904632568359375</ele>
        <time>2026-10-03T01:35:43.000Z</time>
        <extensions>
          <ns3:TrackPointExtension>
            <ns3:atemp>31.0</ns3:atemp>
            <ns3:hr>132</ns3:hr>
            <ns3:cad>89</ns3:cad>
          </ns3:TrackPointExtension>
        </extensions>
      </trkpt>
      <trkpt lat="34.64142101816833019256591796875" lon="135.110516063868999481201171875">
        <ele>3.599999904632568359375</ele>
        <time>2026-10-03T01:35:44.000Z</time>
        <extensions>
          <ns3:TrackPointExtension>
            <ns3:atemp>31.0</ns3:atemp>
            <ns3:hr>133</ns3:hr>
            <ns3:cad>89</ns3:cad>
          </ns3:TrackPointExtension>
        </extensions>
      </trkpt>
      <trkpt lat="34.6414246223866939544677734375" lon="135.1105470769107341766357421875">
        <ele>3.599999904632568359375</ele>
        <time>2026-10-03T01:35:45.000Z</time>
        <extensions>
          <ns3:TrackPointExtension>
            <ns3:atemp>31.0</ns3:atemp>
            <ns3:hr>134</ns3:hr>
            <ns3:cad>89</ns3:cad>
          </ns3:TrackPointExtension>
        </extensions>
      </trkpt>
      <trkpt lat="34.64142235927283763885498046875" lon="135.1105728931725025177001953125">
        <ele>3.599999904632568359375</ele>
        <time>2026-10-03T01:35:46.000Z</time>
        <extensions>
          <ns3:TrackPointExtension>
            <ns3:atemp>31.0</ns3:atemp>
            <ns3:hr>135</ns3:hr>
            <ns3:cad>89</ns3:cad>
          </ns3:TrackPointExtension>
        </extensions>
      </trkpt>
      <trkpt lat="34.6414249576628208160400390625" lon="135.1106050796806812286376953125">
        <ele>3.599999904632568359375</ele>
        <time>2026-10-03T01:35:47.000Z</time>
        <extensions>
          <ns3:TrackPointExtension>
            <ns3:atemp>31.0</ns3:atemp>
            <ns3:hr>136</ns3:hr>
            <ns3:cad>89</ns3:cad>
          </ns3:TrackPointExtension>
        </extensions>
      </trkpt>
      <trkpt lat="34.64142571203410625457763671875" lon="135.1106332428753376007080078125">
        <ele>3.599999904632568359375</ele>
        <time>2026-10-03T01:35:48.000Z</time>
        <extensions>
          <ns3:TrackPointExtension>
            <ns3:atemp>31.0</ns3:atemp>
            <ns3:hr>137</ns3:hr>
            <ns3:cad>89</ns3:cad>
          </ns3:TrackPointExtension>
        </extensions>
      </trkpt>
      <trkpt lat="34.64142738841474056243896484375" lon="135.11066366918385028839111328125">
        <ele>3.599999904632568359375</ele>
        <time>2026-10-03T01:35:49.000Z</time>
        <extensions>
          <ns3:TrackPointExtension>
            <ns3:atemp>31.0</ns3:atemp>
            <ns3:hr>137</ns3:hr>
            <ns3:cad>88</ns3:cad>
          </ns3:TrackPointExtension>
        </extensions>
      </trkpt>
      <trkpt lat="34.64143149554729461669921875" lon="135.11069283820688724517822265625">
        <ele>3.400000095367431640625</ele>
        <time>2026-10-03T01:35:50.000Z</time>
        <extensions>
          <ns3:TrackPointExtension>
            <ns3:atemp>31.0</ns3:atemp>
            <ns3:hr>138</ns3:hr>
            <ns3:cad>88</ns3:cad>
          </ns3:TrackPointExtension>
        </extensions>
      </trkpt>
      <trkpt lat="34.6414326690137386322021484375" lon="135.1107207499444484710693359375">
        <ele>3.400000095367431640625</ele>
        <time>2026-10-03T01:35:51.000Z</time>
        <extensions>
          <ns3:TrackPointExtension>
            <ns3:atemp>31.0</ns3:atemp>
            <ns3:hr>138</ns3:hr>
            <ns3:cad>89</ns3:cad>
          </ns3:TrackPointExtension>
        </extensions>
      </trkpt>
      <trkpt lat="34.6414370276033878326416015625" lon="135.11075117625296115875244140625">
        <ele>3.400000095367431640625</ele>
        <time>2026-10-03T01:35:52.000Z</time>
        <extensions>
          <ns3:TrackPointExtension>
            <ns3:atemp>31.0</ns3:atemp>
            <ns3:hr>139</ns3:hr>
            <ns3:cad>89</ns3:cad>
          </ns3:TrackPointExtension>
        </extensions>
      </trkpt>
      <trkpt lat="34.64143694378435611724853515625" lon="135.11077866889536380767822265625">
        <ele>3.599999904632568359375</ele>
        <time>2026-10-03T01:35:53.000Z</time>
        <extensions>
          <ns3:TrackPointExtension>
            <ns3:atemp>31.0</ns3:atemp>
            <ns3:hr>139</ns3:hr>
            <ns3:cad>89</ns3:cad>
          </ns3:TrackPointExtension>
        </extensions>
      </trkpt>
      <trkpt lat="34.64143929071724414825439453125" lon="135.110808424651622772216796875">
        <ele>3.599999904632568359375</ele>
        <time>2026-10-03T01:35:54.000Z</time>
        <extensions>
          <ns3:TrackPointExtension>
            <ns3:atemp>31.0</ns3:atemp>
            <ns3:hr>140</ns3:hr>
            <ns3:cad>89</ns3:cad>
          </ns3:TrackPointExtension>
        </extensions>
      </trkpt>
      <trkpt lat="34.6414407156407833099365234375" lon="135.11083533056080341339111328125">
        <ele>3.599999904632568359375</ele>
        <time>2026-10-03T01:35:55.000Z</time>
        <extensions>
          <ns3:TrackPointExtension>
            <ns3:atemp>31.0</ns3:atemp>
            <ns3:hr>141</ns3:hr>
            <ns3:cad>89</ns3:cad>
          </ns3:TrackPointExtension>
        </extensions>
      </trkpt>
      <trkpt lat="34.641446582973003387451171875" lon="135.110863409936428070068359375">
        <ele>3.599999904632568359375</ele>
        <time>2026-10-03T01:35:56.000Z</time>
        <extensions>
          <ns3:TrackPointExtension>
            <ns3:atemp>31.0</ns3:atemp>
            <ns3:hr>141</ns3:hr>
            <ns3:cad>89</ns3:cad>
          </ns3:TrackPointExtension>
        </extensions>
      </trkpt>
      <trkpt lat="34.641444571316242218017578125" lon="135.11088855564594268798828125">
        <ele>3.7999999523162841796875</ele>
        <time>2026-10-03T01:35:57.000Z</time>
        <extensions>
          <ns3:TrackPointExtension>
            <ns3:atemp>31.0</ns3:atemp>
            <ns3:hr>141</ns3:hr>
            <ns3:cad>88</ns3:cad>
          </ns3:TrackPointExtension>
        </extensions>
      </trkpt>
      <trkpt lat="34.64145001955330371856689453125" lon="135.11092208325862884521484375">
        <ele>3.7999999523162841796875</ele>
        <time>2026-10-03T01:35:58.000Z</time>
        <extensions>
          <ns3:TrackPointExtension>
            <ns3:atemp>31.0</ns3:atemp>
            <ns3:hr>141</ns3:hr>
            <ns3:cad>88</ns3:cad>
          </ns3:TrackPointExtension>
        </extensions>
      </trkpt>
      <trkpt lat="34.64144834317266941070556640625" lon="135.11094613932073116302490234375">
        <ele>3.7999999523162841796875</ele>
        <time>2026-10-03T01:35:59.000Z</time>
        <extensions>
          <ns3:TrackPointExtension>
            <ns3:atemp>31.0</ns3:atemp>
            <ns3:hr>141</ns3:hr>
            <ns3:cad>88</ns3:cad>
          </ns3:TrackPointExtension>
        </extensions>
      </trkpt>
      <trkpt lat="34.641453959047794342041015625" lon="135.110978074371814727783203125">
        <ele>3.599999904632568359375</ele>
        <time>2026-10-03T01:36:00.000Z</time>
        <extensions>
          <ns3:TrackPointExtension>
            <ns3:atemp>31.0</ns3:atemp>
            <ns3:hr>142</ns3:hr>
            <ns3:cad>88</ns3:cad>
          </ns3:TrackPointExtension>
        </extensions>
      </trkpt>
      <trkpt lat="34.64145169593393802642822265625" lon="135.11100296862423419952392578125">
        <ele>3.599999904632568359375</ele>
        <time>2026-10-03T01:36:01.000Z</time>
        <extensions>
          <ns3:TrackPointExtension>
            <ns3:atemp>31.0</ns3:atemp>
            <ns3:hr>142</ns3:hr>
            <ns3:cad>88</ns3:cad>
          </ns3:TrackPointExtension>
        </extensions>
      </trkpt>
      <trkpt lat="34.64145605452358722686767578125" lon="135.11103733442723751068115234375">
        <ele>3.599999904632568359375</ele>
        <time>2026-10-03T01:36:02.000Z</time>
        <extensions>
          <ns3:TrackPointExtension>
            <ns3:atemp>31.0</ns3:atemp>
            <ns3:hr>142</ns3:hr>
            <ns3:cad>88</ns3:cad>
          </ns3:TrackPointExtension>
        </extensions>
      </trkpt>
      <trkpt lat="34.6414544619619846343994140625" lon="135.1110608875751495361328125">
        <ele>3.599999904632568359375</ele>
        <time>2026-10-03T01:36:03.000Z</time>
        <extensions>
          <ns3:TrackPointExtension>
            <ns3:atemp>31.0</ns3:atemp>
            <ns3:hr>142</ns3:hr>
            <ns3:cad>88</ns3:cad>
          </ns3:TrackPointExtension>
        </extensions>
      </trkpt>
      <trkpt lat="34.64145923964679241180419921875" lon="135.1110919006168842315673828125">
        <ele>3.599999904632568359375</ele>
        <time>2026-10-03T01:36:04.000Z</time>
        <extensions>
          <ns3:TrackPointExtension>
            <ns3:atemp>31.0</ns3:atemp>
            <ns3:hr>142</ns3:hr>
            <ns3:cad>88</ns3:cad>
          </ns3:TrackPointExtension>
        </extensions>
      </trkpt>
      <trkpt lat="34.64146024547517299652099609375" lon="135.11111863888800144195556640625">
        <ele>3.400000095367431640625</ele>
        <time>2026-10-03T01:36:05.000Z</time>
        <extensions>
          <ns3:TrackPointExtension>
            <ns3:atemp>31.0</ns3:atemp>
            <ns3:hr>142</ns3:hr>
            <ns3:cad>88</ns3:cad>
          </ns3:TrackPointExtension>
        </extensions>
      </trkpt>
      <trkpt lat="34.6414615027606487274169921875" lon="135.11114831082522869110107421875">
        <ele>3.400000095367431640625</ele>
        <time>2026-10-03T01:36:06.000Z</time>
        <extensions>
          <ns3:TrackPointExtension>
            <ns3:atemp>31.0</ns3:atemp>
            <ns3:hr>143</ns3:hr>
            <ns3:cad>88</ns3:cad>
          </ns3:TrackPointExtension>
        </extensions>
      </trkpt>
      <trkpt lat="34.64146175421774387359619140625" lon="135.1111762225627899169921875">
        <ele>3.400000095367431640625</ele>
        <time>2026-10-03T01:36:07.000Z</time>
        <extensions>
          <ns3:TrackPointExtension>
            <ns3:atemp>31.0</ns3:atemp>
            <ns3:hr>143</ns3:hr>
            <ns3:cad>88</ns3:cad>
          </ns3:TrackPointExtension>
        </extensions>
      </trkpt>
      <trkpt lat="34.641464017331600189208984375" lon="135.11120832525193691253662109375">
        <ele>3.400000095367431640625</ele>
        <time>2026-10-03T01:36:08.000Z</time>
        <extensions>
          <ns3:TrackPointExtension>
            <ns3:atemp>31.0</ns3:atemp>
            <ns3:hr>143</ns3:hr>
            <ns3:cad>89</ns3:cad>
          </ns3:TrackPointExtension>
        </extensions>
      </trkpt>
      <trkpt lat="34.64146946556866168975830078125" lon="135.11124453507363796234130859375">
        <ele>3.400000095367431640625</ele>
        <time>2026-10-03T01:36:09.000Z</time>
        <extensions>
          <ns3:TrackPointExtension>
            <ns3:atemp>31.0</ns3:atemp>
            <ns3:hr>145</ns3:hr>
            <ns3:cad>89</ns3:cad>
          </ns3:TrackPointExtension>
        </extensions>
      </trkpt>
      <trkpt lat="34.641475416719913482666015625" lon="135.1112773083150386810302734375">
        <ele>3.599999904632568359375</ele>
        <time>2026-10-03T01:36:10.000Z</time>
        <extensions>
          <ns3:TrackPointExtension>
            <ns3:atemp>31.0</ns3:atemp>
            <ns3:hr>145</ns3:hr>
            <ns3:cad>90</ns3:cad>
          </ns3:TrackPointExtension>
        </extensions>
      </trkpt>
      <trkpt lat="34.64147751219570636749267578125" lon="135.11130639351904392242431640625">
        <ele>3.7999999523162841796875</ele>
        <time>2026-10-03T01:36:11.000Z</time>
        <extensions>
          <ns3:TrackPointExtension>
            <ns3:atemp>31.0</ns3:atemp>
            <ns3:hr>145</ns3:hr>
            <ns3:cad>91</ns3:cad>
          </ns3:TrackPointExtension>
        </extensions>
      </trkpt>
      <trkpt lat="34.641476757824420928955078125" lon="135.1113373227417469024658203125">
        <ele>4</ele>
        <time>2026-10-03T01:36:12.000Z</time>
        <extensions>
          <ns3:TrackPointExtension>
            <ns3:atemp>31.0</ns3:atemp>
            <ns3:hr>146</ns3:hr>
            <ns3:cad>91</ns3:cad>
          </ns3:TrackPointExtension>
        </extensions>
      </trkpt>
      <trkpt lat="34.641477763652801513671875" lon="135.11136506684124469757080078125">
        <ele>4.19999980926513671875</ele>
        <time>2026-10-03T01:36:13.000Z</time>
        <extensions>
          <ns3:TrackPointExtension>
            <ns3:atemp>31.0</ns3:atemp>
            <ns3:hr>146</ns3:hr>
            <ns3:cad>91</ns3:cad>
          </ns3:TrackPointExtension>
        </extensions>
      </trkpt>
      <trkpt lat="34.64148245751857757568359375" lon="135.11139951646327972412109375">
        <ele>4.19999980926513671875</ele>
        <time>2026-10-03T01:36:14.000Z</time>
        <extensions>
          <ns3:TrackPointExtension>
            <ns3:atemp>31.0</ns3:atemp>
            <ns3:hr>146</ns3:hr>
            <ns3:cad>91</ns3:cad>
          </ns3:TrackPointExtension>
        </extensions>
      </trkpt>
      <trkpt lat="34.64148421771824359893798828125" lon="135.11142809875309467315673828125">
        <ele>4</ele>
        <time>2026-10-03T01:36:15.000Z</time>
        <extensions>
          <ns3:TrackPointExtension>
            <ns3:atemp>31.0</ns3:atemp>
            <ns3:hr>146</ns3:hr>
            <ns3:cad>91</ns3:cad>
          </ns3:TrackPointExtension>
        </extensions>
      </trkpt>
      <trkpt lat="34.64148907922208309173583984375" lon="135.1114674098789691925048828125">
        <ele>4</ele>
        <time>2026-10-03T01:36:16.000Z</time>
        <extensions>
          <ns3:TrackPointExtension>
            <ns3:atemp>31.0</ns3:atemp>
            <ns3:hr>147</ns3:hr>
            <ns3:cad>91</ns3:cad>
          </ns3:TrackPointExtension>
        </extensions>
      </trkpt>
      <trkpt lat="34.64149184525012969970703125" lon="135.11149599216878414154052734375">
        <ele>4</ele>
        <time>2026-10-03T01:36:17.000Z</time>
        <extensions>
          <ns3:TrackPointExtension>
            <ns3:atemp>31.0</ns3:atemp>
            <ns3:hr>148</ns3:hr>
            <ns3:cad>91</ns3:cad>
          </ns3:TrackPointExtension>
        </extensions>
      </trkpt>
      <trkpt lat="34.64149964042007923126220703125" lon="135.1115361414849758148193359375">
        <ele>3.7999999523162841796875</ele>
        <time>2026-10-03T01:36:18.000Z</time>
        <extensions>
          <ns3:TrackPointExtension>
            <ns3:atemp>31.0</ns3:atemp>
            <ns3:hr>148</ns3:hr>
            <ns3:cad>91</ns3:cad>
          </ns3:TrackPointExtension>
        </extensions>
      </trkpt>
      <trkpt lat="34.6414990536868572235107421875" lon="135.11156505905091762542724609375">
        <ele>3.7999999523162841796875</ele>
        <time>2026-10-03T01:36:19.000Z</time>
        <extensions>
          <ns3:TrackPointExtension>
            <ns3:atemp>31.0</ns3:atemp>
            <ns3:hr>149</ns3:hr>
            <ns3:cad>91</ns3:cad>
          </ns3:TrackPointExtension>
        </extensions>
      </trkpt>
      <trkpt lat="34.64150668121874332427978515625" lon="135.11160311289131641387939453125">
        <ele>3.7999999523162841796875</ele>
        <time>2026-10-03T01:36:20.000Z</time>
        <extensions>
          <ns3:TrackPointExtension>
            <ns3:atemp>31.0</ns3:atemp>
            <ns3:hr>149</ns3:hr>
            <ns3:cad>90</ns3:cad>
          </ns3:TrackPointExtension>
        </extensions>
      </trkpt>
      <trkpt lat="34.6415057592093944549560546875" lon="135.11163345538079738616943359375">
        <ele>3.599999904632568359375</ele>
        <time>2026-10-03T01:36:21.000Z</time>
        <extensions>
          <ns3:TrackPointExtension>
            <ns3:atemp>31.0</ns3:atemp>
            <ns3:hr>150</ns3:hr>
            <ns3:cad>90</ns3:cad>
          </ns3:TrackPointExtension>
        </extensions>
      </trkpt>
      <trkpt lat="34.6415134705603122711181640625" lon="135.11167310178279876708984375">
        <ele>3.400000095367431640625</ele>
        <time>2026-10-03T01:36:22.000Z</time>
        <extensions>
          <ns3:TrackPointExtension>
            <ns3:atemp>30.0</ns3:atemp>
            <ns3:hr>150</ns3:hr>
            <ns3:cad>90</ns3:cad>
          </ns3:TrackPointExtension>
        </extensions>
      </trkpt>
      <trkpt lat="34.6415138058364391326904296875" lon="135.1117047853767871856689453125">
        <ele>3.2000000476837158203125</ele>
        <time>2026-10-03T01:36:23.000Z</time>
        <extensions>
          <ns3:TrackPointExtension>
            <ns3:atemp>30.0</ns3:atemp>
            <ns3:hr>150</ns3:hr>
            <ns3:cad>90</ns3:cad>
          </ns3:TrackPointExtension>
        </extensions>
      </trkpt>
      <trkpt lat="34.64152000844478607177734375" lon="135.11174661107361316680908203125">
        <ele>3.2000000476837158203125</ele>
        <time>2026-10-03T01:36:24.000Z</time>
        <extensions>
          <ns3:TrackPointExtension>
            <ns3:atemp>30.0</ns3:atemp>
            <ns3:hr>151</ns3:hr>
            <ns3:cad>90</ns3:cad>
          </ns3:TrackPointExtension>
        </extensions>
      </trkpt>
      <trkpt lat="34.641521014273166656494140625" lon="135.111782066524028778076171875">
        <ele>3.2000000476837158203125</ele>
        <time>2026-10-03T01:36:25.000Z</time>
        <extensions>
          <ns3:TrackPointExtension>
            <ns3:atemp>30.0</ns3:atemp>
            <ns3:hr>152</ns3:hr>
            <ns3:cad>90</ns3:cad>
          </ns3:TrackPointExtension>
        </extensions>
      </trkpt>
      <trkpt lat="34.64152880944311618804931640625" lon="135.11182506568729877471923828125">
        <ele>3.2000000476837158203125</ele>
        <time>2026-10-03T01:36:26.000Z</time>
        <extensions>
          <ns3:TrackPointExtension>
            <ns3:atemp>30.0</ns3:atemp>
            <ns3:hr>153</ns3:hr>
            <ns3:cad>91</ns3:cad>
          </ns3:TrackPointExtension>
        </extensions>
      </trkpt>
      <trkpt lat="34.6415278874337673187255859375" lon="135.11185909621417522430419921875">
        <ele>3</ele>
        <time>2026-10-03T01:36:27.000Z</time>
        <extensions>
          <ns3:TrackPointExtension>
            <ns3:atemp>30.0</ns3:atemp>
            <ns3:hr>153</ns3:hr>
            <ns3:cad>91</ns3:cad>
          </ns3:TrackPointExtension>
        </extensions>
      </trkpt>
      <trkpt lat="34.6415354311466217041015625" lon="135.11189882643520832061767578125">
        <ele>3.2000000476837158203125</ele>
        <time>2026-10-03T01:36:28.000Z</time>
        <extensions>
          <ns3:TrackPointExtension>
            <ns3:atemp>30.0</ns3:atemp>
            <ns3:hr>154</ns3:hr>
            <ns3:cad>90</ns3:cad>
          </ns3:TrackPointExtension>
        </extensions>
      </trkpt>
      <trkpt lat="34.64153769426047801971435546875" lon="135.111928917467594146728515625">
        <ele>3.400000095367431640625</ele>
        <time>2026-10-03T01:36:29.000Z</time>
        <extensions>
          <ns3:TrackPointExtension>
            <ns3:atemp>30.0</ns3:atemp>
            <ns3:hr>154</ns3:hr>
            <ns3:cad>90</ns3:cad>
          </ns3:TrackPointExtension>
        </extensions>
      </trkpt>
      <trkpt lat="34.64154473505914211273193359375" lon="135.1119673065841197967529296875">
        <ele>3.400000095367431640625</ele>
        <time>2026-10-03T01:36:30.000Z</time>
        <extensions>
          <ns3:TrackPointExtension>
            <ns3:atemp>30.0</ns3:atemp>
            <ns3:hr>156</ns3:hr>
            <ns3:cad>90</ns3:cad>
          </ns3:TrackPointExtension>
        </extensions>
      </trkpt>
      <trkpt lat="34.64154808782041072845458984375" lon="135.1119968108832836151123046875">
        <ele>3.599999904632568359375</ele>
        <time>2026-10-03T01:36:31.000Z</time>
        <extensions>
          <ns3:TrackPointExtension>
            <ns3:atemp>30.0</ns3:atemp>
            <ns3:hr>157</ns3:hr>
            <ns3:cad>90</ns3:cad>
          </ns3:TrackPointExtension>
        </extensions>
      </trkpt>
      <trkpt lat="34.641555882990360260009765625" lon="135.11203394271433353424072265625">
        <ele>3.599999904632568359375</ele>
        <time>2026-10-03T01:36:32.000Z</time>
        <extensions>
          <ns3:TrackPointExtension>
            <ns3:atemp>30.0</ns3:atemp>
            <ns3:hr>157</ns3:hr>
            <ns3:cad>90</ns3:cad>
          </ns3:TrackPointExtension>
        </extensions>
      </trkpt>
      <trkpt lat="34.64155663736164569854736328125" lon="135.1120642013847827911376953125">
        <ele>3.599999904632568359375</ele>
        <time>2026-10-03T01:36:33.000Z</time>
        <extensions>
          <ns3:TrackPointExtension>
            <ns3:atemp>30.0</ns3:atemp>
            <ns3:hr>158</ns3:hr>
            <ns3:cad>90</ns3:cad>
          </ns3:TrackPointExtension>
        </extensions>
      </trkpt>
      <trkpt lat="34.6415637619793415069580078125" lon="135.11210099793970584869384765625">
        <ele>3.599999904632568359375</ele>
        <time>2026-10-03T01:36:34.000Z</time>
        <extensions>
          <ns3:TrackPointExtension>
            <ns3:atemp>30.0</ns3:atemp>
            <ns3:hr>158</ns3:hr>
            <ns3:cad>90</ns3:cad>
          </ns3:TrackPointExtension>
        </extensions>
      </trkpt>
      <trkpt lat="34.64156568981707096099853515625" lon="135.11213234625756740570068359375">
        <ele>3.599999904632568359375</ele>
        <time>2026-10-03T01:36:35.000Z</time>
        <extensions>
          <ns3:TrackPointExtension>
            <ns3:atemp>30.0</ns3:atemp>
            <ns3:hr>159</ns3:hr>
            <ns3:cad>90</ns3:cad>
          </ns3:TrackPointExtension>
        </extensions>
      </trkpt>
      <trkpt lat="34.6415729820728302001953125" lon="135.11217207647860050201416015625">
        <ele>3.599999904632568359375</ele>
        <time>2026-10-03T01:36:36.000Z</time>
        <extensions>
          <ns3:TrackPointExtension>
            <ns3:atemp>30.0</ns3:atemp>
            <ns3:hr>159</ns3:hr>
            <ns3:cad>89</ns3:cad>
          </ns3:TrackPointExtension>
        </extensions>
      </trkpt>
      <trkpt lat="34.64157407172024250030517578125" lon="135.11220074258744716644287109375">
        <ele>3.400000095367431640625</ele>
        <time>2026-10-03T01:36:37.000Z</time>
        <extensions>
          <ns3:TrackPointExtension>
            <ns3:atemp>30.0</ns3:atemp>
            <ns3:hr>160</ns3:hr>
            <ns3:cad>89</ns3:cad>
          </ns3:TrackPointExtension>
        </extensions>
      </trkpt>
      <trkpt lat="34.64158228598535060882568359375" lon="135.11224382556974887847900390625">
        <ele>3.599999904632568359375</ele>
        <time>2026-10-03T01:36:38.000Z</time>
        <extensions>
          <ns3:TrackPointExtension>
            <ns3:atemp>30.0</ns3:atemp>
            <ns3:hr>160</ns3:hr>
            <ns3:cad>89</ns3:cad>
          </ns3:TrackPointExtension>
        </extensions>
      </trkpt>
      <trkpt lat="34.64158438146114349365234375" lon="135.11227450333535671234130859375">
        <ele>3.599999904632568359375</ele>
        <time>2026-10-03T01:36:39.000Z</time>
        <extensions>
          <ns3:TrackPointExtension>
            <ns3:atemp>30.0</ns3:atemp>
            <ns3:hr>160</ns3:hr>
            <ns3:cad>89</ns3:cad>
          </ns3:TrackPointExtension>
        </extensions>
      </trkpt>
      <trkpt lat="34.641590416431427001953125" lon="135.112313814461231231689453125">
        <ele>3.7999999523162841796875</ele>
        <time>2026-10-03T01:36:40.000Z</time>
        <extensions>
          <ns3:TrackPointExtension>
            <ns3:atemp>30.0</ns3:atemp>
            <ns3:hr>161</ns3:hr>
            <ns3:cad>89</ns3:cad>
          </ns3:TrackPointExtension>
        </extensions>
      </trkpt>
      <trkpt lat="34.6415942721068859100341796875" lon="135.11234558187425136566162109375">
        <ele>3.7999999523162841796875</ele>
        <time>2026-10-03T01:36:41.000Z</time>
        <extensions>
          <ns3:TrackPointExtension>
            <ns3:atemp>30.0</ns3:atemp>
            <ns3:hr>160</ns3:hr>
            <ns3:cad>89</ns3:cad>
          </ns3:TrackPointExtension>
        </extensions>
      </trkpt>
      <trkpt lat="34.64160290546715259552001953125" lon="135.1123823784291744232177734375">
        <ele>3.7999999523162841796875</ele>
        <time>2026-10-03T01:36:42.000Z</time>
        <extensions>
          <ns3:TrackPointExtension>
            <ns3:atemp>30.0</ns3:atemp>
            <ns3:hr>161</ns3:hr>
            <ns3:cad>89</ns3:cad>
          </ns3:TrackPointExtension>
        </extensions>
      </trkpt>
      <trkpt lat="34.64160583913326263427734375" lon="135.112412385642528533935546875">
        <ele>3.7999999523162841796875</ele>
        <time>2026-10-03T01:36:43.000Z</time>
        <extensions>
          <ns3:TrackPointExtension>
            <ns3:atemp>30.0</ns3:atemp>
            <ns3:hr>161</ns3:hr>
            <ns3:cad>90</ns3:cad>
          </ns3:TrackPointExtension>
        </extensions>
      </trkpt>
      <trkpt lat="34.64161614887416362762451171875" lon="135.11244985274970531463623046875">
        <ele>3.599999904632568359375</ele>
        <time>2026-10-03T01:36:44.000Z</time>
        <extensions>
          <ns3:TrackPointExtension>
            <ns3:atemp>30.0</ns3:atemp>
            <ns3:hr>161</ns3:hr>
            <ns3:cad>90</ns3:cad>
          </ns3:TrackPointExtension>
        </extensions>
      </trkpt>
      <trkpt lat="34.6416177414357662200927734375" lon="135.1124786026775836944580078125">
        <ele>3.599999904632568359375</ele>
        <time>2026-10-03T01:36:45.000Z</time>
        <extensions>
          <ns3:TrackPointExtension>
            <ns3:atemp>30.0</ns3:atemp>
            <ns3:hr>162</ns3:hr>
            <ns3:cad>90</ns3:cad>
          </ns3:TrackPointExtension>
        </extensions>
      </trkpt>
      <trkpt lat="34.64162285439670085906982421875" lon="135.1125191710889339447021484375">
        <ele>3.7999999523162841796875</ele>
        <time>2026-10-03T01:36:46.000Z</time>
        <extensions>
          <ns3:TrackPointExtension>
            <ns3:atemp>30.0</ns3:atemp>
            <ns3:hr>161</ns3:hr>
            <ns3:cad>90</ns3:cad>
          </ns3:TrackPointExtension>
        </extensions>
      </trkpt>
      <trkpt lat="34.64162235148251056671142578125" lon="135.11255496181547641754150390625">
        <ele>4</ele>
        <time>2026-10-03T01:36:47.000Z</time>
        <extensions>
          <ns3:TrackPointExtension>
            <ns3:atemp>30.0</ns3:atemp>
            <ns3:hr>162</ns3:hr>
            <ns3:cad>90</ns3:cad>
          </ns3:TrackPointExtension>
        </extensions>
      </trkpt>
      <trkpt lat="34.64162738062441349029541015625" lon="135.11259268037974834442138671875">
        <ele>4</ele>
        <time>2026-10-03T01:36:48.000Z</time>
        <extensions>
          <ns3:TrackPointExtension>
            <ns3:atemp>30.0</ns3:atemp>
            <ns3:hr>162</ns3:hr>
            <ns3:cad>90</ns3:cad>
          </ns3:TrackPointExtension>
        </extensions>
      </trkpt>
      <trkpt lat="34.641630649566650390625" lon="135.1126207597553730010986328125">
        <ele>4.19999980926513671875</ele>
        <time>2026-10-03T01:36:49.000Z</time>
        <extensions>
          <ns3:TrackPointExtension>
            <ns3:atemp>30.0</ns3:atemp>
            <ns3:hr>163</ns3:hr>
            <ns3:cad>90</ns3:cad>
          </ns3:TrackPointExtension>
        </extensions>
      </trkpt>
      <trkpt lat="34.641642384231090545654296875" lon="135.112659819424152374267578125">
        <ele>4.19999980926513671875</ele>
        <time>2026-10-03T01:36:50.000Z</time>
        <extensions>
          <ns3:TrackPointExtension>
            <ns3:atemp>30.0</ns3:atemp>
            <ns3:hr>162</ns3:hr>
            <ns3:cad>90</ns3:cad>
          </ns3:TrackPointExtension>
        </extensions>
      </trkpt>
      <trkpt lat="34.641647078096866607666015625" lon="135.11268831789493560791015625">
        <ele>4.19999980926513671875</ele>
        <time>2026-10-03T01:36:51.000Z</time>
        <extensions>
          <ns3:TrackPointExtension>
            <ns3:atemp>30.0</ns3:atemp>
            <ns3:hr>163</ns3:hr>
            <ns3:cad>90</ns3:cad>
          </ns3:TrackPointExtension>
        </extensions>
      </trkpt>
      <trkpt lat="34.64165939949452877044677734375" lon="135.1127283833920955657958984375">
        <ele>4.19999980926513671875</ele>
        <time>2026-10-03T01:36:52.000Z</time>
        <extensions>
          <ns3:TrackPointExtension>
            <ns3:atemp>30.0</ns3:atemp>
            <ns3:hr>163</ns3:hr>
            <ns3:cad>90</ns3:cad>
          </ns3:TrackPointExtension>
        </extensions>
      </trkpt>
      <trkpt lat="34.6416650153696537017822265625" lon="135.112757049500942230224609375">
        <ele>4</ele>
        <time>2026-10-03T01:36:53.000Z</time>
        <extensions>
          <ns3:TrackPointExtension>
            <ns3:atemp>30.0</ns3:atemp>
            <ns3:hr>163</ns3:hr>
            <ns3:cad>90</ns3:cad>
          </ns3:TrackPointExtension>
        </extensions>
      </trkpt>
      <trkpt lat="34.64167549274861812591552734375" lon="135.1127967797219753265380859375">
        <ele>3.7999999523162841796875</ele>
        <time>2026-10-03T01:36:54.000Z</time>
        <extensions>
          <ns3:TrackPointExtension>
            <ns3:atemp>30.0</ns3:atemp>
            <ns3:hr>163</ns3:hr>
            <ns3:cad>90</ns3:cad>
          </ns3:TrackPointExtension>
        </extensions>
      </trkpt>
      <trkpt lat="34.64167817495763301849365234375" lon="135.11282703839242458343505859375">
        <ele>3.7999999523162841796875</ele>
        <time>2026-10-03T01:36:55.000Z</time>
        <extensions>
          <ns3:TrackPointExtension>
            <ns3:atemp>30.0</ns3:atemp>
            <ns3:hr>163</ns3:hr>
            <ns3:cad>90</ns3:cad>
          </ns3:TrackPointExtension>
        </extensions>
      </trkpt>
      <trkpt lat="34.641683958470821380615234375" lon="135.11286609806120395660400390625">
        <ele>3.7999999523162841796875</ele>
        <time>2026-10-03T01:36:56.000Z</time>
        <extensions>
          <ns3:TrackPointExtension>
            <ns3:atemp>30.0</ns3:atemp>
            <ns3:hr>164</ns3:hr>
            <ns3:cad>89</ns3:cad>
          </ns3:TrackPointExtension>
        </extensions>
      </trkpt>
      <trkpt lat="34.64168538339436054229736328125" lon="135.11289576999843120574951171875">
        <ele>4</ele>
        <time>2026-10-03T01:36:57.000Z</time>
        <extensions>
          <ns3:TrackPointExtension>
            <ns3:atemp>29.0</ns3:atemp>
            <ns3:hr>163</ns3:hr>
            <ns3:cad>89</ns3:cad>
          </ns3:TrackPointExtension>
        </extensions>
      </trkpt>
      <trkpt lat="34.6416894905269145965576171875" lon="135.112934075295925140380859375">
        <ele>4</ele>
        <time>2026-10-03T01:36:58.000Z</time>
        <extensions>
          <ns3:TrackPointExtension>
            <ns3:atemp>30.0</ns3:atemp>
            <ns3:hr>163</ns3:hr>
            <ns3:cad>89</ns3:cad>
          </ns3:TrackPointExtension>
        </extensions>
      </trkpt>
      <trkpt lat="34.64169175364077091217041015625" lon="135.112962238490581512451171875">
        <ele>4</ele>
        <time>2026-10-03T01:36:59.000Z</time>
        <extensions>
          <ns3:TrackPointExtension>
            <ns3:atemp>29.0</ns3:atemp>
            <ns3:hr>163</ns3:hr>
            <ns3:cad>89</ns3:cad>
          </ns3:TrackPointExtension>
        </extensions>
      </trkpt>
      <trkpt lat="34.6416975371539592742919921875" lon="135.11299685575067996978759765625">
        <ele>4</ele>
        <time>2026-10-03T01:37:00.000Z</time>
        <extensions>
          <ns3:TrackPointExtension>
            <ns3:atemp>29.0</ns3:atemp>
            <ns3:hr>164</ns3:hr>
            <ns3:cad>89</ns3:cad>
          </ns3:TrackPointExtension>
        </extensions>
      </trkpt>
      <trkpt lat="34.64170332066714763641357421875" lon="135.113027952611446380615234375">
        <ele>4</ele>
        <time>2026-10-03T01:37:01.000Z</time>
        <extensions>
          <ns3:TrackPointExtension>
            <ns3:atemp>29.0</ns3:atemp>
            <ns3:hr>164</ns3:hr>
            <ns3:cad>89</ns3:cad>
          </ns3:TrackPointExtension>
        </extensions>
      </trkpt>
      <trkpt lat="34.64170985855162143707275390625" lon="135.11306290514767169952392578125">
        <ele>3.7999999523162841796875</ele>
        <time>2026-10-03T01:37:02.000Z</time>
        <extensions>
          <ns3:TrackPointExtension>
            <ns3:atemp>30.0</ns3:atemp>
            <ns3:hr>164</ns3:hr>
            <ns3:cad>89</ns3:cad>
          </ns3:TrackPointExtension>
        </extensions>
      </trkpt>
      <trkpt lat="34.64171673171222209930419921875" lon="135.1130978576838970184326171875">
        <ele>3.7999999523162841796875</ele>
        <time>2026-10-03T01:37:03.000Z</time>
        <extensions>
          <ns3:TrackPointExtension>
            <ns3:atemp>30.0</ns3:atemp>
            <ns3:hr>164</ns3:hr>
            <ns3:cad>89</ns3:cad>
          </ns3:TrackPointExtension>
        </extensions>
      </trkpt>
      <trkpt lat="34.64172058738768100738525390625" lon="135.11313415132462978363037109375">
        <ele>3.7999999523162841796875</ele>
        <time>2026-10-03T01:37:04.000Z</time>
        <extensions>
          <ns3:TrackPointExtension>
            <ns3:atemp>29.0</ns3:atemp>
            <ns3:hr>164</ns3:hr>
            <ns3:cad>89</ns3:cad>
          </ns3:TrackPointExtension>
        </extensions>
      </trkpt>
      <trkpt lat="34.64172787964344024658203125" lon="135.1131679303944110870361328125">
        <ele>3.7999999523162841796875</ele>
        <time>2026-10-03T01:37:05.000Z</time>
        <extensions>
          <ns3:TrackPointExtension>
            <ns3:atemp>30.0</ns3:atemp>
            <ns3:hr>164</ns3:hr>
            <ns3:cad>89</ns3:cad>
          </ns3:TrackPointExtension>
        </extensions>
      </trkpt>
      <trkpt lat="34.64173148386180400848388671875" lon="135.113201625645160675048828125">
        <ele>3.7999999523162841796875</ele>
        <time>2026-10-03T01:37:06.000Z</time>
        <extensions>
          <ns3:TrackPointExtension>
            <ns3:atemp>29.0</ns3:atemp>
            <ns3:hr>164</ns3:hr>
            <ns3:cad>89</ns3:cad>
          </ns3:TrackPointExtension>
        </extensions>
      </trkpt>
      <trkpt lat="34.6417394466698169708251953125" lon="135.11323708109557628631591796875">
        <ele>3.7999999523162841796875</ele>
        <time>2026-10-03T01:37:07.000Z</time>
        <extensions>
          <ns3:TrackPointExtension>
            <ns3:atemp>29.0</ns3:atemp>
            <ns3:hr>164</ns3:hr>
            <ns3:cad>89</ns3:cad>
          </ns3:TrackPointExtension>
        </extensions>
      </trkpt>
      <trkpt lat="34.64174355380237102508544921875" lon="135.11326692067086696624755859375">
        <ele>4</ele>
        <time>2026-10-03T01:37:08.000Z</time>
        <extensions>
          <ns3:TrackPointExtension>
            <ns3:atemp>29.0</ns3:atemp>
            <ns3:hr>165</ns3:hr>
            <ns3:cad>89</ns3:cad>
          </ns3:TrackPointExtension>
        </extensions>
      </trkpt>
      <trkpt lat="34.64175327681005001068115234375" lon="135.1133005321025848388671875">
        <ele>4</ele>
        <time>2026-10-03T01:37:09.000Z</time>
        <extensions>
          <ns3:TrackPointExtension>
            <ns3:atemp>29.0</ns3:atemp>
            <ns3:hr>165</ns3:hr>
            <ns3:cad>89</ns3:cad>
          </ns3:TrackPointExtension>
        </extensions>
      </trkpt>
      <trkpt lat="34.64175528846681118011474609375" lon="135.11333045549690723419189453125">
        <ele>4</ele>
        <time>2026-10-03T01:37:10.000Z</time>
        <extensions>
          <ns3:TrackPointExtension>
            <ns3:atemp>29.0</ns3:atemp>
            <ns3:hr>165</ns3:hr>
            <ns3:cad>89</ns3:cad>
          </ns3:TrackPointExtension>
        </extensions>
      </trkpt>
      <trkpt lat="34.64176333509385585784912109375" lon="135.113367252051830291748046875">
        <ele>4</ele>
        <time>2026-10-03T01:37:11.000Z</time>
        <extensions>
          <ns3:TrackPointExtension>
            <ns3:atemp>29.0</ns3:atemp>
            <ns3:hr>165</ns3:hr>
            <ns3:cad>89</ns3:cad>
          </ns3:TrackPointExtension>
        </extensions>
      </trkpt>
      <trkpt lat="34.64176702313125133514404296875" lon="135.11339885182678699493408203125">
        <ele>4</ele>
        <time>2026-10-03T01:37:12.000Z</time>
        <extensions>
          <ns3:TrackPointExtension>
            <ns3:atemp>29.0</ns3:atemp>
            <ns3:hr>165</ns3:hr>
            <ns3:cad>89</ns3:cad>
          </ns3:TrackPointExtension>
        </extensions>
      </trkpt>
      <trkpt lat="34.64177456684410572052001953125" lon="135.113434307277202606201171875">
        <ele>4</ele>
        <time>2026-10-03T01:37:13.000Z</time>
        <extensions>
          <ns3:TrackPointExtension>
            <ns3:atemp>29.0</ns3:atemp>
            <ns3:hr>166</ns3:hr>
            <ns3:cad>89</ns3:cad>
          </ns3:TrackPointExtension>
        </extensions>
      </trkpt>
      <trkpt lat="34.6417793445289134979248046875" lon="135.11346540413796901702880859375">
        <ele>4</ele>
        <time>2026-10-03T01:37:14.000Z</time>
        <extensions>
          <ns3:TrackPointExtension>
            <ns3:atemp>29.0</ns3:atemp>
            <ns3:hr>166</ns3:hr>
            <ns3:cad>89</ns3:cad>
          </ns3:TrackPointExtension>
        </extensions>
      </trkpt>
      <trkpt lat="34.64178931899368762969970703125" lon="135.11350178159773349761962890625">
        <ele>4</ele>
        <time>2026-10-03T01:37:15.000Z</time>
        <extensions>
          <ns3:TrackPointExtension>
            <ns3:atemp>29.0</ns3:atemp>
            <ns3:hr>166</ns3:hr>
            <ns3:cad>89</ns3:cad>
          </ns3:TrackPointExtension>
        </extensions>
      </trkpt>
      <trkpt lat="34.64179250411689281463623046875" lon="135.11353262700140476226806640625">
        <ele>4</ele>
        <time>2026-10-03T01:37:16.000Z</time>
        <extensions>
          <ns3:TrackPointExtension>
            <ns3:atemp>29.0</ns3:atemp>
            <ns3:hr>166</ns3:hr>
            <ns3:cad>89</ns3:cad>
          </ns3:TrackPointExtension>
        </extensions>
      </trkpt>
      <trkpt lat="34.64180298149585723876953125" lon="135.11356883682310581207275390625">
        <ele>4</ele>
        <time>2026-10-03T01:37:17.000Z</time>
        <extensions>
          <ns3:TrackPointExtension>
            <ns3:atemp>29.0</ns3:atemp>
            <ns3:hr>166</ns3:hr>
            <ns3:cad>89</ns3:cad>
          </ns3:TrackPointExtension>
        </extensions>
      </trkpt>
      <trkpt lat="34.6418036520481109619140625" lon="135.113600604236125946044921875">
        <ele>4</ele>
        <time>2026-10-03T01:37:18.000Z</time>
        <extensions>
          <ns3:TrackPointExtension>
            <ns3:atemp>29.0</ns3:atemp>
            <ns3:hr>166</ns3:hr>
            <ns3:cad>90</ns3:cad>
          </ns3:TrackPointExtension>
        </extensions>
      </trkpt>
      <trkpt lat="34.64181262068450450897216796875" lon="135.113637484610080718994140625">
        <ele>4</ele>
        <time>2026-10-03T01:37:19.000Z</time>
        <extensions>
          <ns3:TrackPointExtension>
            <ns3:atemp>29.0</ns3:atemp>
            <ns3:hr>166</ns3:hr>
            <ns3:cad>90</ns3:cad>
          </ns3:TrackPointExtension>
        </extensions>
      </trkpt>
      <trkpt lat="34.64181463234126567840576171875" lon="135.1136679947376251220703125">
        <ele>4</ele>
        <time>2026-10-03T01:37:20.000Z</time>
        <extensions>
          <ns3:TrackPointExtension>
            <ns3:atemp>29.0</ns3:atemp>
            <ns3:hr>166</ns3:hr>
            <ns3:cad>90</ns3:cad>
          </ns3:TrackPointExtension>
        </extensions>
      </trkpt>
      <trkpt lat="34.64182301424443721771240234375" lon="135.11370462365448474884033203125">
        <ele>4</ele>
        <time>2026-10-03T01:37:21.000Z</time>
        <extensions>
          <ns3:TrackPointExtension>
            <ns3:atemp>29.0</ns3:atemp>
            <ns3:hr>165</ns3:hr>
            <ns3:cad>90</ns3:cad>
          </ns3:TrackPointExtension>
        </extensions>
      </trkpt>
      <trkpt lat="34.64182670228183269500732421875" lon="135.1137323677539825439453125">
        <ele>3.7999999523162841796875</ele>
        <time>2026-10-03T01:37:22.000Z</time>
        <extensions>
          <ns3:TrackPointExtension>
            <ns3:atemp>29.0</ns3:atemp>
            <ns3:hr>166</ns3:hr>
            <ns3:cad>90</ns3:cad>
          </ns3:TrackPointExtension>
        </extensions>
      </trkpt>
      <trkpt lat="34.64183759875595569610595703125" lon="135.1137687452137470245361328125">
        <ele>3.7999999523162841796875</ele>
        <time>2026-10-03T01:37:23.000Z</time>
        <extensions>
          <ns3:TrackPointExtension>
            <ns3:atemp>30.0</ns3:atemp>
            <ns3:hr>165</ns3:hr>
            <ns3:cad>90</ns3:cad>
          </ns3:TrackPointExtension>
        </extensions>
      </trkpt>
      <trkpt lat="34.641840867698192596435546875" lon="135.1137972436845302581787109375">
        <ele>3.7999999523162841796875</ele>
        <time>2026-10-03T01:37:24.000Z</time>
        <extensions>
          <ns3:TrackPointExtension>
            <ns3:atemp>29.0</ns3:atemp>
            <ns3:hr>165</ns3:hr>
            <ns3:cad>89</ns3:cad>
          </ns3:TrackPointExtension>
        </extensions>
      </trkpt>
      <trkpt lat="34.64184983633458614349365234375" lon="135.1138347946107387542724609375">
        <ele>3.7999999523162841796875</ele>
        <time>2026-10-03T01:37:25.000Z</time>
        <extensions>
          <ns3:TrackPointExtension>
            <ns3:atemp>29.0</ns3:atemp>
            <ns3:hr>165</ns3:hr>
            <ns3:cad>89</ns3:cad>
          </ns3:TrackPointExtension>
        </extensions>
      </trkpt>
      <trkpt lat="34.6418534405529499053955078125" lon="135.11386387981474399566650390625">
        <ele>4</ele>
        <time>2026-10-03T01:37:26.000Z</time>
        <extensions>
          <ns3:TrackPointExtension>
            <ns3:atemp>29.0</ns3:atemp>
            <ns3:hr>166</ns3:hr>
            <ns3:cad>89</ns3:cad>
          </ns3:TrackPointExtension>
        </extensions>
      </trkpt>
      <trkpt lat="34.64186408556997776031494140625" lon="135.113900341093540191650390625">
        <ele>4</ele>
        <time>2026-10-03T01:37:27.000Z</time>
        <extensions>
          <ns3:TrackPointExtension>
            <ns3:atemp>29.0</ns3:atemp>
            <ns3:hr>166</ns3:hr>
            <ns3:cad>89</ns3:cad>
          </ns3:TrackPointExtension>
        </extensions>
      </trkpt>
      <trkpt lat="34.64186869561672210693359375" lon="135.113929845392704010009765625">
        <ele>4.19999980926513671875</ele>
        <time>2026-10-03T01:37:28.000Z</time>
        <extensions>
          <ns3:TrackPointExtension>
            <ns3:atemp>29.0</ns3:atemp>
            <ns3:hr>167</ns3:hr>
            <ns3:cad>89</ns3:cad>
          </ns3:TrackPointExtension>
        </extensions>
      </trkpt>
      <trkpt lat="34.641875736415386199951171875" lon="135.1139621995389461517333984375">
        <ele>4.19999980926513671875</ele>
        <time>2026-10-03T01:37:29.000Z</time>
        <extensions>
          <ns3:TrackPointExtension>
            <ns3:atemp>29.0</ns3:atemp>
            <ns3:hr>167</ns3:hr>
            <ns3:cad>88</ns3:cad>
          </ns3:TrackPointExtension>
        </extensions>
      </trkpt>
      <trkpt lat="34.64188219048082828521728515625" lon="135.11399212293326854705810546875">
        <ele>4</ele>
        <time>2026-10-03T01:37:30.000Z</time>
        <extensions>
          <ns3:TrackPointExtension>
            <ns3:atemp>29.0</ns3:atemp>
            <ns3:hr>166</ns3:hr>
            <ns3:cad>87</ns3:cad>
          </ns3:TrackPointExtension>
        </extensions>
      </trkpt>
      <trkpt lat="34.64188822545111179351806640625" lon="135.1140248961746692657470703125">
        <ele>4</ele>
        <time>2026-10-03T01:37:31.000Z</time>
        <extensions>
          <ns3:TrackPointExtension>
            <ns3:atemp>29.0</ns3:atemp>
            <ns3:hr>166</ns3:hr>
            <ns3:cad>87</ns3:cad>
          </ns3:TrackPointExtension>
        </extensions>
      </trkpt>
      <trkpt lat="34.64189694263041019439697265625" lon="135.1140590943396091461181640625">
        <ele>4</ele>
        <time>2026-10-03T01:37:32.000Z</time>
        <extensions>
          <ns3:TrackPointExtension>
            <ns3:atemp>29.0</ns3:atemp>
            <ns3:hr>167</ns3:hr>
            <ns3:cad>88</ns3:cad>
          </ns3:TrackPointExtension>
        </extensions>
      </trkpt>
      <trkpt lat="34.64190364815294742584228515625" lon="135.11409002356231212615966796875">
        <ele>4</ele>
        <time>2026-10-03T01:37:33.000Z</time>
        <extensions>
          <ns3:TrackPointExtension>
            <ns3:atemp>29.0</ns3:atemp>
            <ns3:hr>167</ns3:hr>
            <ns3:cad>88</ns3:cad>
          </ns3:TrackPointExtension>
        </extensions>
      </trkpt>
      <trkpt lat="34.6419136226177215576171875" lon="135.11412288062274456024169921875">
        <ele>4</ele>
        <time>2026-10-03T01:37:34.000Z</time>
        <extensions>
          <ns3:TrackPointExtension>
            <ns3:atemp>29.0</ns3:atemp>
            <ns3:hr>168</ns3:hr>
            <ns3:cad>88</ns3:cad>
          </ns3:TrackPointExtension>
        </extensions>
      </trkpt>
      <trkpt lat="34.64191856794059276580810546875" lon="135.114152468740940093994140625">
        <ele>4</ele>
        <time>2026-10-03T01:37:35.000Z</time>
        <extensions>
          <ns3:TrackPointExtension>
            <ns3:atemp>29.0</ns3:atemp>
            <ns3:hr>167</ns3:hr>
            <ns3:cad>88</ns3:cad>
          </ns3:TrackPointExtension>
        </extensions>
      </trkpt>
      <trkpt lat="34.64193038642406463623046875" lon="135.1141881756484508514404296875">
        <ele>4</ele>
        <time>2026-10-03T01:37:36.000Z</time>
        <extensions>
          <ns3:TrackPointExtension>
            <ns3:atemp>29.0</ns3:atemp>
            <ns3:hr>167</ns3:hr>
            <ns3:cad>89</ns3:cad>
          </ns3:TrackPointExtension>
        </extensions>
      </trkpt>
      <trkpt lat="34.64193667285144329071044921875" lon="135.11421876959502696990966796875">
        <ele>4</ele>
        <time>2026-10-03T01:37:37.000Z</time>
        <extensions>
          <ns3:TrackPointExtension>
            <ns3:atemp>29.0</ns3:atemp>
            <ns3:hr>166</ns3:hr>
            <ns3:cad>89</ns3:cad>
          </ns3:TrackPointExtension>
        </extensions>
      </trkpt>
      <trkpt lat="34.6419483236968517303466796875" lon="135.1142525486648082733154296875">
        <ele>4</ele>
        <time>2026-10-03T01:37:38.000Z</time>
        <extensions>
          <ns3:TrackPointExtension>
            <ns3:atemp>29.0</ns3:atemp>
            <ns3:hr>167</ns3:hr>
            <ns3:cad>89</ns3:cad>
          </ns3:TrackPointExtension>
        </extensions>
      </trkpt>
      <trkpt lat="34.641955196857452392578125" lon="135.11428381316363811492919921875">
        <ele>3.7999999523162841796875</ele>
        <time>2026-10-03T01:37:39.000Z</time>
        <extensions>
          <ns3:TrackPointExtension>
            <ns3:atemp>29.0</ns3:atemp>
            <ns3:hr>167</ns3:hr>
            <ns3:cad>89</ns3:cad>
          </ns3:TrackPointExtension>
        </extensions>
      </trkpt>
      <trkpt lat="34.64196860790252685546875" lon="135.11431910097599029541015625">
        <ele>3.7999999523162841796875</ele>
        <time>2026-10-03T01:37:40.000Z</time>
        <extensions>
          <ns3:TrackPointExtension>
            <ns3:atemp>29.0</ns3:atemp>
            <ns3:hr>167</ns3:hr>
            <ns3:cad>89</ns3:cad>
          </ns3:TrackPointExtension>
        </extensions>
      </trkpt>
      <trkpt lat="34.6419701166450977325439453125" lon="135.1143514551222324371337890625">
        <ele>3.7999999523162841796875</ele>
        <time>2026-10-03T01:37:41.000Z</time>
        <extensions>
          <ns3:TrackPointExtension>
            <ns3:atemp>29.0</ns3:atemp>
            <ns3:hr>167</ns3:hr>
            <ns3:cad>89</ns3:cad>
          </ns3:TrackPointExtension>
        </extensions>
      </trkpt>
      <trkpt lat="34.64198260568082332611083984375" lon="135.1143876649439334869384765625">
        <ele>3.7999999523162841796875</ele>
        <time>2026-10-03T01:37:42.000Z</time>
        <extensions>
          <ns3:TrackPointExtension>
            <ns3:atemp>29.0</ns3:atemp>
            <ns3:hr>166</ns3:hr>
            <ns3:cad>89</ns3:cad>
          </ns3:TrackPointExtension>
        </extensions>
      </trkpt>
      <trkpt lat="34.64198780246078968048095703125" lon="135.11441926471889019012451171875">
        <ele>3.7999999523162841796875</ele>
        <time>2026-10-03T01:37:43.000Z</time>
        <extensions>
          <ns3:TrackPointExtension>
            <ns3:atemp>29.0</ns3:atemp>
            <ns3:hr>167</ns3:hr>
            <ns3:cad>89</ns3:cad>
          </ns3:TrackPointExtension>
        </extensions>
      </trkpt>
      <trkpt lat="34.64200054295361042022705078125" lon="135.11445597745478153228759765625">
        <ele>3.7999999523162841796875</ele>
        <time>2026-10-03T01:37:44.000Z</time>
        <extensions>
          <ns3:TrackPointExtension>
            <ns3:atemp>29.0</ns3:atemp>
            <ns3:hr>167</ns3:hr>
            <ns3:cad>89</ns3:cad>
          </ns3:TrackPointExtension>
        </extensions>
      </trkpt>
      <trkpt lat="34.6420039795339107513427734375" lon="135.11448732577264308929443359375">
        <ele>3.7999999523162841796875</ele>
        <time>2026-10-03T01:37:45.000Z</time>
        <extensions>
          <ns3:TrackPointExtension>
            <ns3:atemp>29.0</ns3:atemp>
            <ns3:hr>166</ns3:hr>
            <ns3:cad>89</ns3:cad>
          </ns3:TrackPointExtension>
        </extensions>
      </trkpt>
      <trkpt lat="34.6420160494744777679443359375" lon="135.11452504433691501617431640625">
        <ele>3.7999999523162841796875</ele>
        <time>2026-10-03T01:37:46.000Z</time>
        <extensions>
          <ns3:TrackPointExtension>
            <ns3:atemp>29.0</ns3:atemp>
            <ns3:hr>166</ns3:hr>
            <ns3:cad>90</ns3:cad>
          </ns3:TrackPointExtension>
        </extensions>
      </trkpt>
      <trkpt lat="34.64202049188315868377685546875" lon="135.11455806903541088104248046875">
        <ele>3.7999999523162841796875</ele>
        <time>2026-10-03T01:37:47.000Z</time>
        <extensions>
          <ns3:TrackPointExtension>
            <ns3:atemp>29.0</ns3:atemp>
            <ns3:hr>166</ns3:hr>
            <ns3:cad>90</ns3:cad>
          </ns3:TrackPointExtension>
        </extensions>
      </trkpt>
      <trkpt lat="34.642031304538249969482421875" lon="135.1145955361425876617431640625">
        <ele>3.7999999523162841796875</ele>
        <time>2026-10-03T01:37:48.000Z</time>
        <extensions>
          <ns3:TrackPointExtension>
            <ns3:atemp>29.0</ns3:atemp>
            <ns3:hr>167</ns3:hr>
            <ns3:cad>90</ns3:cad>
          </ns3:TrackPointExtension>
        </extensions>
      </trkpt>
      <trkpt lat="34.642037339508533477783203125" lon="135.1146293990314006805419921875">
        <ele>4</ele>
        <time>2026-10-03T01:37:49.000Z</time>
        <extensions>
          <ns3:TrackPointExtension>
            <ns3:atemp>29.0</ns3:atemp>
            <ns3:hr>166</ns3:hr>
            <ns3:cad>90</ns3:cad>
          </ns3:TrackPointExtension>
        </extensions>
      </trkpt>
      <trkpt lat="34.642045386135578155517578125" lon="135.1146669499576091766357421875">
        <ele>3.7999999523162841796875</ele>
        <time>2026-10-03T01:37:50.000Z</time>
        <extensions>
          <ns3:TrackPointExtension>
            <ns3:atemp>29.0</ns3:atemp>
            <ns3:hr>166</ns3:hr>
            <ns3:cad>90</ns3:cad>
          </ns3:TrackPointExtension>
        </extensions>
      </trkpt>
      <trkpt lat="34.64204840362071990966796875" lon="135.1147001422941684722900390625">
        <ele>4</ele>
        <time>2026-10-03T01:37:51.000Z</time>
        <extensions>
          <ns3:TrackPointExtension>
            <ns3:atemp>29.0</ns3:atemp>
            <ns3:hr>166</ns3:hr>
            <ns3:cad>91</ns3:cad>
          </ns3:TrackPointExtension>
        </extensions>
      </trkpt>
      <trkpt lat="34.642054103314876556396484375" lon="135.1147346757352352142333984375">
        <ele>4</ele>
        <time>2026-10-03T01:37:52.000Z</time>
        <extensions>
          <ns3:TrackPointExtension>
            <ns3:atemp>29.0</ns3:atemp>
            <ns3:hr>166</ns3:hr>
            <ns3:cad>90</ns3:cad>
          </ns3:TrackPointExtension>
        </extensions>
      </trkpt>
      <trkpt lat="34.6420557796955108642578125" lon="135.1147675327956676483154296875">
        <ele>4</ele>
        <time>2026-10-03T01:37:53.000Z</time>
        <extensions>
          <ns3:TrackPointExtension>
            <ns3:atemp>29.0</ns3:atemp>
            <ns3:hr>166</ns3:hr>
            <ns3:cad>90</ns3:cad>
          </ns3:TrackPointExtension>
        </extensions>
      </trkpt>
      <trkpt lat="34.642061479389667510986328125" lon="135.11480499990284442901611328125">
        <ele>4</ele>
        <time>2026-10-03T01:37:54.000Z</time>
        <extensions>
          <ns3:TrackPointExtension>
            <ns3:atemp>29.0</ns3:atemp>
            <ns3:hr>166</ns3:hr>
            <ns3:cad>90</ns3:cad>
          </ns3:TrackPointExtension>
        </extensions>
      </trkpt>
      <trkpt lat="34.642061479389667510986328125" lon="135.1148401200771331787109375">
        <ele>4</ele>
        <time>2026-10-03T01:37:55.000Z</time>
        <extensions>
          <ns3:TrackPointExtension>
            <ns3:atemp>29.0</ns3:atemp>
            <ns3:hr>166</ns3:hr>
            <ns3:cad>90</ns3:cad>
          </ns3:TrackPointExtension>
        </extensions>
      </trkpt>
      <trkpt lat="34.642066173255443572998046875" lon="135.11487792246043682098388671875">
        <ele>4</ele>
        <time>2026-10-03T01:37:56.000Z</time>
        <extensions>
          <ns3:TrackPointExtension>
            <ns3:atemp>29.0</ns3:atemp>
            <ns3:hr>167</ns3:hr>
            <ns3:cad>90</ns3:cad>
          </ns3:TrackPointExtension>
        </extensions>
      </trkpt>
      <trkpt lat="34.64206717908382415771484375" lon="135.11491413228213787078857421875">
        <ele>4</ele>
        <time>2026-10-03T01:37:57.000Z</time>
        <extensions>
          <ns3:TrackPointExtension>
            <ns3:atemp>29.0</ns3:atemp>
            <ns3:hr>167</ns3:hr>
            <ns3:cad>90</ns3:cad>
          </ns3:TrackPointExtension>
        </extensions>
      </trkpt>
      <trkpt lat="34.6420703642070293426513671875" lon="135.1149546168744564056396484375">
        <ele>4</ele>
        <time>2026-10-03T01:37:58.000Z</time>
        <extensions>
          <ns3:TrackPointExtension>
            <ns3:atemp>29.0</ns3:atemp>
            <ns3:hr>167</ns3:hr>
            <ns3:cad>90</ns3:cad>
          </ns3:TrackPointExtension>
        </extensions>
      </trkpt>
      <trkpt lat="34.64207212440669536590576171875" lon="135.11499233543872833251953125">
        <ele>4</ele>
        <time>2026-10-03T01:37:59.000Z</time>
        <extensions>
          <ns3:TrackPointExtension>
            <ns3:atemp>29.0</ns3:atemp>
            <ns3:hr>167</ns3:hr>
            <ns3:cad>90</ns3:cad>
          </ns3:TrackPointExtension>
        </extensions>
      </trkpt>
      <trkpt lat="34.64207748882472515106201171875" lon="135.1150251924991607666015625">
        <ele>4</ele>
        <time>2026-10-03T01:38:00.000Z</time>
        <extensions>
          <ns3:TrackPointExtension>
            <ns3:atemp>29.0</ns3:atemp>
            <ns3:hr>168</ns3:hr>
            <ns3:cad>90</ns3:cad>
          </ns3:TrackPointExtension>
        </extensions>
      </trkpt>
      <trkpt lat="34.642079584300518035888671875" lon="135.11505779810249805450439453125">
        <ele>4</ele>
        <time>2026-10-03T01:38:01.000Z</time>
        <extensions>
          <ns3:TrackPointExtension>
            <ns3:atemp>29.0</ns3:atemp>
            <ns3:hr>168</ns3:hr>
            <ns3:cad>90</ns3:cad>
          </ns3:TrackPointExtension>
        </extensions>
      </trkpt>
      <trkpt lat="34.64208729565143585205078125" lon="135.11509417556226253509521484375">
        <ele>4</ele>
        <time>2026-10-03T01:38:02.000Z</time>
        <extensions>
          <ns3:TrackPointExtension>
            <ns3:atemp>29.0</ns3:atemp>
            <ns3:hr>167</ns3:hr>
            <ns3:cad>90</ns3:cad>
          </ns3:TrackPointExtension>
        </extensions>
      </trkpt>
      <trkpt lat="34.6420911513268947601318359375" lon="135.115128792822360992431640625">
        <ele>4</ele>
        <time>2026-10-03T01:38:03.000Z</time>
        <extensions>
          <ns3:TrackPointExtension>
            <ns3:atemp>29.0</ns3:atemp>
            <ns3:hr>167</ns3:hr>
            <ns3:cad>90</ns3:cad>
          </ns3:TrackPointExtension>
        </extensions>
      </trkpt>
      <trkpt lat="34.64209442026913166046142578125" lon="135.11516374535858631134033203125">
        <ele>3.599999904632568359375</ele>
        <time>2026-10-03T01:38:04.000Z</time>
        <extensions>
          <ns3:TrackPointExtension>
            <ns3:atemp>29.0</ns3:atemp>
            <ns3:hr>166</ns3:hr>
            <ns3:cad>90</ns3:cad>
          </ns3:TrackPointExtension>
        </extensions>
      </trkpt>
      <trkpt lat="34.6420955099165439605712890625" lon="135.1152010448276996612548828125">
        <ele>3.599999904632568359375</ele>
        <time>2026-10-03T01:38:05.000Z</time>
        <extensions>
          <ns3:TrackPointExtension>
            <ns3:atemp>29.0</ns3:atemp>
            <ns3:hr>166</ns3:hr>
            <ns3:cad>91</ns3:cad>
          </ns3:TrackPointExtension>
        </extensions>
      </trkpt>
      <trkpt lat="34.64209936559200286865234375" lon="135.1152382604777812957763671875">
        <ele>3.599999904632568359375</ele>
        <time>2026-10-03T01:38:06.000Z</time>
        <extensions>
          <ns3:TrackPointExtension>
            <ns3:atemp>29.0</ns3:atemp>
            <ns3:hr>167</ns3:hr>
            <ns3:cad>90</ns3:cad>
          </ns3:TrackPointExtension>
        </extensions>
      </trkpt>
      <trkpt lat="34.6421018801629543304443359375" lon="135.11527187190949916839599609375">
        <ele>3.599999904632568359375</ele>
        <time>2026-10-03T01:38:07.000Z</time>
        <extensions>
          <ns3:TrackPointExtension>
            <ns3:atemp>29.0</ns3:atemp>
            <ns3:hr>167</ns3:hr>
            <ns3:cad>90</ns3:cad>
          </ns3:TrackPointExtension>
        </extensions>
      </trkpt>
      <trkpt lat="34.6421045623719692230224609375" lon="135.1153076626360416412353515625">
        <ele>3.7999999523162841796875</ele>
        <time>2026-10-03T01:38:08.000Z</time>
        <extensions>
          <ns3:TrackPointExtension>
            <ns3:atemp>29.0</ns3:atemp>
            <ns3:hr>167</ns3:hr>
            <ns3:cad>89</ns3:cad>
          </ns3:TrackPointExtension>
        </extensions>
      </trkpt>
      <trkpt lat="34.642107747495174407958984375" lon="135.1153405196964740753173828125">
        <ele>4</ele>
        <time>2026-10-03T01:38:09.000Z</time>
        <extensions>
          <ns3:TrackPointExtension>
            <ns3:atemp>29.0</ns3:atemp>
            <ns3:hr>168</ns3:hr>
            <ns3:cad>89</ns3:cad>
          </ns3:TrackPointExtension>
        </extensions>
      </trkpt>
      <trkpt lat="34.6421112678945064544677734375" lon="135.115374885499477386474609375">
        <ele>4.19999980926513671875</ele>
        <time>2026-10-03T01:38:10.000Z</time>
        <extensions>
          <ns3:TrackPointExtension>
            <ns3:atemp>29.0</ns3:atemp>
            <ns3:hr>168</ns3:hr>
            <ns3:cad>89</ns3:cad>
          </ns3:TrackPointExtension>
        </extensions>
      </trkpt>
      <trkpt lat="34.6421121060848236083984375" lon="135.11540807783603668212890625">
        <ele>4.599999904632568359375</ele>
        <time>2026-10-03T01:38:11.000Z</time>
        <extensions>
          <ns3:TrackPointExtension>
            <ns3:atemp>29.0</ns3:atemp>
            <ns3:hr>169</ns3:hr>
            <ns3:cad>89</ns3:cad>
          </ns3:TrackPointExtension>
        </extensions>
      </trkpt>
      <trkpt lat="34.64211788959801197052001953125" lon="135.11544252745807170867919921875">
        <ele>4.400000095367431640625</ele>
        <time>2026-10-03T01:38:12.000Z</time>
        <extensions>
          <ns3:TrackPointExtension>
            <ns3:atemp>29.0</ns3:atemp>
            <ns3:hr>168</ns3:hr>
            <ns3:cad>89</ns3:cad>
          </ns3:TrackPointExtension>
        </extensions>
      </trkpt>
      <trkpt lat="34.64211872778832912445068359375" lon="135.11547437869012355804443359375">
        <ele>4.400000095367431640625</ele>
        <time>2026-10-03T01:38:13.000Z</time>
        <extensions>
          <ns3:TrackPointExtension>
            <ns3:atemp>29.0</ns3:atemp>
            <ns3:hr>168</ns3:hr>
            <ns3:cad>89</ns3:cad>
          </ns3:TrackPointExtension>
        </extensions>
      </trkpt>
      <trkpt lat="34.64212618768215179443359375" lon="135.11551360599696636199951171875">
        <ele>4.400000095367431640625</ele>
        <time>2026-10-03T01:38:14.000Z</time>
        <extensions>
          <ns3:TrackPointExtension>
            <ns3:atemp>29.0</ns3:atemp>
            <ns3:hr>169</ns3:hr>
            <ns3:cad>89</ns3:cad>
          </ns3:TrackPointExtension>
        </extensions>
      </trkpt>
      <trkpt lat="34.642129875719547271728515625" lon="135.1155447028577327728271484375">
        <ele>4.400000095367431640625</ele>
        <time>2026-10-03T01:38:15.000Z</time>
        <extensions>
          <ns3:TrackPointExtension>
            <ns3:atemp>29.0</ns3:atemp>
            <ns3:hr>168</ns3:hr>
            <ns3:cad>89</ns3:cad>
          </ns3:TrackPointExtension>
        </extensions>
      </trkpt>
      <trkpt lat="34.64213515631854534149169921875" lon="135.115583427250385284423828125">
        <ele>4.599999904632568359375</ele>
        <time>2026-10-03T01:38:16.000Z</time>
        <extensions>
          <ns3:TrackPointExtension>
            <ns3:atemp>29.0</ns3:atemp>
            <ns3:hr>169</ns3:hr>
            <ns3:cad>89</ns3:cad>
          </ns3:TrackPointExtension>
        </extensions>
      </trkpt>
      <trkpt lat="34.64213649742305278778076171875" lon="135.1156171225011348724365234375">
        <ele>4.80000019073486328125</ele>
        <time>2026-10-03T01:38:17.000Z</time>
        <extensions>
          <ns3:TrackPointExtension>
            <ns3:atemp>29.0</ns3:atemp>
            <ns3:hr>169</ns3:hr>
            <ns3:cad>89</ns3:cad>
          </ns3:TrackPointExtension>
        </extensions>
      </trkpt>
      <trkpt lat="34.64214420877397060394287109375" lon="135.1156563498079776763916015625">
        <ele>4.80000019073486328125</ele>
        <time>2026-10-03T01:38:18.000Z</time>
        <extensions>
          <ns3:TrackPointExtension>
            <ns3:atemp>29.0</ns3:atemp>
            <ns3:hr>169</ns3:hr>
            <ns3:cad>89</ns3:cad>
          </ns3:TrackPointExtension>
        </extensions>
      </trkpt>
      <trkpt lat="34.6421461366117000579833984375" lon="135.11568744666874408721923828125">
        <ele>4.80000019073486328125</ele>
        <time>2026-10-03T01:38:19.000Z</time>
        <extensions>
          <ns3:TrackPointExtension>
            <ns3:atemp>29.0</ns3:atemp>
            <ns3:hr>169</ns3:hr>
            <ns3:cad>90</ns3:cad>
          </ns3:TrackPointExtension>
        </extensions>
      </trkpt>
      <trkpt lat="34.6421548537909984588623046875" lon="135.11572734452784061431884765625">
        <ele>5</ele>
        <time>2026-10-03T01:38:20.000Z</time>
        <extensions>
          <ns3:TrackPointExtension>
            <ns3:atemp>29.0</ns3:atemp>
            <ns3:hr>169</ns3:hr>
            <ns3:cad>90</ns3:cad>
          </ns3:TrackPointExtension>
        </extensions>
      </trkpt>
      <trkpt lat="34.64215342886745929718017578125" lon="135.11575550772249698638916015625">
        <ele>4.80000019073486328125</ele>
        <time>2026-10-03T01:38:21.000Z</time>
        <extensions>
          <ns3:TrackPointExtension>
            <ns3:atemp>29.0</ns3:atemp>
            <ns3:hr>168</ns3:hr>
            <ns3:cad>89</ns3:cad>
          </ns3:TrackPointExtension>
        </extensions>
      </trkpt>
      <trkpt lat="34.64215778745710849761962890625" lon="135.1157971657812595367431640625">
        <ele>4.80000019073486328125</ele>
        <time>2026-10-03T01:38:22.000Z</time>
        <extensions>
          <ns3:TrackPointExtension>
            <ns3:atemp>29.0</ns3:atemp>
            <ns3:hr>169</ns3:hr>
            <ns3:cad>89</ns3:cad>
          </ns3:TrackPointExtension>
        </extensions>
      </trkpt>
      <trkpt lat="34.64215493761003017425537109375" lon="135.11582725681364536285400390625">
        <ele>4.80000019073486328125</ele>
        <time>2026-10-03T01:38:23.000Z</time>
        <extensions>
          <ns3:TrackPointExtension>
            <ns3:atemp>29.0</ns3:atemp>
            <ns3:hr>170</ns3:hr>
            <ns3:cad>90</ns3:cad>
          </ns3:TrackPointExtension>
        </extensions>
      </trkpt>
      <trkpt lat="34.64216298423707485198974609375" lon="135.1158652268350124359130859375">
        <ele>4.80000019073486328125</ele>
        <time>2026-10-03T01:38:24.000Z</time>
        <extensions>
          <ns3:TrackPointExtension>
            <ns3:atemp>29.0</ns3:atemp>
            <ns3:hr>169</ns3:hr>
            <ns3:cad>90</ns3:cad>
          </ns3:TrackPointExtension>
        </extensions>
      </trkpt>
      <trkpt lat="34.6421635709702968597412109375" lon="135.11589447967708110809326171875">
        <ele>4.599999904632568359375</ele>
        <time>2026-10-03T01:38:25.000Z</time>
        <extensions>
          <ns3:TrackPointExtension>
            <ns3:atemp>29.0</ns3:atemp>
            <ns3:hr>169</ns3:hr>
            <ns3:cad>90</ns3:cad>
          </ns3:TrackPointExtension>
        </extensions>
      </trkpt>
      <trkpt lat="34.64217304252088069915771484375" lon="135.11593387462198734283447265625">
        <ele>4.599999904632568359375</ele>
        <time>2026-10-03T01:38:26.000Z</time>
        <extensions>
          <ns3:TrackPointExtension>
            <ns3:atemp>29.0</ns3:atemp>
            <ns3:hr>168</ns3:hr>
            <ns3:cad>90</ns3:cad>
          </ns3:TrackPointExtension>
        </extensions>
      </trkpt>
      <trkpt lat="34.6421764791011810302734375" lon="135.11596589349210262298583984375">
        <ele>4.599999904632568359375</ele>
        <time>2026-10-03T01:38:27.000Z</time>
        <extensions>
          <ns3:TrackPointExtension>
            <ns3:atemp>29.0</ns3:atemp>
            <ns3:hr>169</ns3:hr>
            <ns3:cad>90</ns3:cad>
          </ns3:TrackPointExtension>
        </extensions>
      </trkpt>
      <trkpt lat="34.64218511246144771575927734375" lon="135.1160080544650554656982421875">
        <ele>4.400000095367431640625</ele>
        <time>2026-10-03T01:38:28.000Z</time>
        <extensions>
          <ns3:TrackPointExtension>
            <ns3:atemp>29.0</ns3:atemp>
            <ns3:hr>169</ns3:hr>
            <ns3:cad>90</ns3:cad>
          </ns3:TrackPointExtension>
        </extensions>
      </trkpt>
      <trkpt lat="34.6421820111572742462158203125" lon="135.1160378940403461456298828125">
        <ele>4.400000095367431640625</ele>
        <time>2026-10-03T01:38:29.000Z</time>
        <extensions>
          <ns3:TrackPointExtension>
            <ns3:atemp>29.0</ns3:atemp>
            <ns3:hr>168</ns3:hr>
            <ns3:cad>90</ns3:cad>
          </ns3:TrackPointExtension>
        </extensions>
      </trkpt>
      <trkpt lat="34.6421873755753040313720703125" lon="135.11607653461396694183349609375">
        <ele>4.400000095367431640625</ele>
        <time>2026-10-03T01:38:30.000Z</time>
        <extensions>
          <ns3:TrackPointExtension>
            <ns3:atemp>29.0</ns3:atemp>
            <ns3:hr>167</ns3:hr>
            <ns3:cad>90</ns3:cad>
          </ns3:TrackPointExtension>
        </extensions>
      </trkpt>
      <trkpt lat="34.64218460954725742340087890625" lon="135.11610436253249645233154296875">
        <ele>4.400000095367431640625</ele>
        <time>2026-10-03T01:38:31.000Z</time>
        <extensions>
          <ns3:TrackPointExtension>
            <ns3:atemp>29.0</ns3:atemp>
            <ns3:hr>167</ns3:hr>
            <ns3:cad>90</ns3:cad>
          </ns3:TrackPointExtension>
        </extensions>
      </trkpt>
      <trkpt lat="34.6421890519559383392333984375" lon="135.11614610441029071807861328125">
        <ele>4.400000095367431640625</ele>
        <time>2026-10-03T01:38:32.000Z</time>
        <extensions>
          <ns3:TrackPointExtension>
            <ns3:atemp>29.0</ns3:atemp>
            <ns3:hr>167</ns3:hr>
            <ns3:cad>90</ns3:cad>
          </ns3:TrackPointExtension>
        </extensions>
      </trkpt>
      <trkpt lat="34.6421872079372406005859375" lon="135.11617694981396198272705078125">
        <ele>4.400000095367431640625</ele>
        <time>2026-10-03T01:38:33.000Z</time>
        <extensions>
          <ns3:TrackPointExtension>
            <ns3:atemp>29.0</ns3:atemp>
            <ns3:hr>168</ns3:hr>
            <ns3:cad>89</ns3:cad>
          </ns3:TrackPointExtension>
        </extensions>
      </trkpt>
      <trkpt lat="34.64218846522271633148193359375" lon="135.116219110786914825439453125">
        <ele>4.400000095367431640625</ele>
        <time>2026-10-03T01:38:34.000Z</time>
        <extensions>
          <ns3:TrackPointExtension>
            <ns3:atemp>29.0</ns3:atemp>
            <ns3:hr>168</ns3:hr>
            <ns3:cad>89</ns3:cad>
          </ns3:TrackPointExtension>
        </extensions>
      </trkpt>
      <trkpt lat="34.64218251407146453857421875" lon="135.1162524707615375518798828125">
        <ele>4.400000095367431640625</ele>
        <time>2026-10-03T01:38:35.000Z</time>
        <extensions>
          <ns3:TrackPointExtension>
            <ns3:atemp>29.0</ns3:atemp>
            <ns3:hr>168</ns3:hr>
            <ns3:cad>89</ns3:cad>
          </ns3:TrackPointExtension>
        </extensions>
      </trkpt>
      <trkpt lat="34.6421826817095279693603515625" lon="135.11629664339125156402587890625">
        <ele>4.400000095367431640625</ele>
        <time>2026-10-03T01:38:36.000Z</time>
        <extensions>
          <ns3:TrackPointExtension>
            <ns3:atemp>29.0</ns3:atemp>
            <ns3:hr>168</ns3:hr>
            <ns3:cad>89</ns3:cad>
          </ns3:TrackPointExtension>
        </extensions>
      </trkpt>
      <trkpt lat="34.64217522181570529937744140625" lon="135.11632631532847881317138671875">
        <ele>4.19999980926513671875</ele>
        <time>2026-10-03T01:38:37.000Z</time>
        <extensions>
          <ns3:TrackPointExtension>
            <ns3:atemp>29.0</ns3:atemp>
            <ns3:hr>168</ns3:hr>
            <ns3:cad>89</ns3:cad>
          </ns3:TrackPointExtension>
        </extensions>
      </trkpt>
      <trkpt lat="34.64217312633991241455078125" lon="135.1163694821298122406005859375">
        <ele>4.19999980926513671875</ele>
        <time>2026-10-03T01:38:38.000Z</time>
        <extensions>
          <ns3:TrackPointExtension>
            <ns3:atemp>29.0</ns3:atemp>
            <ns3:hr>169</ns3:hr>
            <ns3:cad>89</ns3:cad>
          </ns3:TrackPointExtension>
        </extensions>
      </trkpt>
      <trkpt lat="34.642164744436740875244140625" lon="135.11639873497188091278076171875">
        <ele>4</ele>
        <time>2026-10-03T01:38:39.000Z</time>
        <extensions>
          <ns3:TrackPointExtension>
            <ns3:atemp>29.0</ns3:atemp>
            <ns3:hr>169</ns3:hr>
            <ns3:cad>89</ns3:cad>
          </ns3:TrackPointExtension>
        </extensions>
      </trkpt>
      <trkpt lat="34.64216013438999652862548828125" lon="135.11643670499324798583984375">
        <ele>4</ele>
        <time>2026-10-03T01:38:40.000Z</time>
        <extensions>
          <ns3:TrackPointExtension>
            <ns3:atemp>29.0</ns3:atemp>
            <ns3:hr>170</ns3:hr>
            <ns3:cad>89</ns3:cad>
          </ns3:TrackPointExtension>
        </extensions>
      </trkpt>
      <trkpt lat="34.64215326122939586639404296875" lon="135.1164647005498409271240234375">
        <ele>4.19999980926513671875</ele>
        <time>2026-10-03T01:38:41.000Z</time>
        <extensions>
          <ns3:TrackPointExtension>
            <ns3:atemp>29.0</ns3:atemp>
            <ns3:hr>170</ns3:hr>
            <ns3:cad>89</ns3:cad>
          </ns3:TrackPointExtension>
        </extensions>
      </trkpt>
      <trkpt lat="34.6421464718878269195556640625" lon="135.11650183238089084625244140625">
        <ele>4.19999980926513671875</ele>
        <time>2026-10-03T01:38:42.000Z</time>
        <extensions>
          <ns3:TrackPointExtension>
            <ns3:atemp>29.0</ns3:atemp>
            <ns3:hr>169</ns3:hr>
            <ns3:cad>89</ns3:cad>
          </ns3:TrackPointExtension>
        </extensions>
      </trkpt>
      <trkpt lat="34.642142951488494873046875" lon="135.11653150431811809539794921875">
        <ele>4.400000095367431640625</ele>
        <time>2026-10-03T01:38:43.000Z</time>
        <extensions>
          <ns3:TrackPointExtension>
            <ns3:atemp>29.0</ns3:atemp>
            <ns3:hr>169</ns3:hr>
            <ns3:cad>89</ns3:cad>
          </ns3:TrackPointExtension>
        </extensions>
      </trkpt>
      <trkpt lat="34.642137251794338226318359375" lon="135.11656587012112140655517578125">
        <ele>4.400000095367431640625</ele>
        <time>2026-10-03T01:38:44.000Z</time>
        <extensions>
          <ns3:TrackPointExtension>
            <ns3:atemp>29.0</ns3:atemp>
            <ns3:hr>169</ns3:hr>
            <ns3:cad>89</ns3:cad>
          </ns3:TrackPointExtension>
        </extensions>
      </trkpt>
      <trkpt lat="34.64213482104241847991943359375" lon="135.11659654788672924041748046875">
        <ele>4.400000095367431640625</ele>
        <time>2026-10-03T01:38:45.000Z</time>
        <extensions>
          <ns3:TrackPointExtension>
            <ns3:atemp>29.0</ns3:atemp>
            <ns3:hr>169</ns3:hr>
            <ns3:cad>89</ns3:cad>
          </ns3:TrackPointExtension>
        </extensions>
      </trkpt>
      <trkpt lat="34.6421308815479278564453125" lon="135.11663309298455715179443359375">
        <ele>4.19999980926513671875</ele>
        <time>2026-10-03T01:38:46.000Z</time>
        <extensions>
          <ns3:TrackPointExtension>
            <ns3:atemp>29.0</ns3:atemp>
            <ns3:hr>170</ns3:hr>
            <ns3:cad>89</ns3:cad>
          </ns3:TrackPointExtension>
        </extensions>
      </trkpt>
      <trkpt lat="34.6421300433576107025146484375" lon="135.116667039692401885986328125">
        <ele>4.19999980926513671875</ele>
        <time>2026-10-03T01:38:47.000Z</time>
        <extensions>
          <ns3:TrackPointExtension>
            <ns3:atemp>29.0</ns3:atemp>
            <ns3:hr>170</ns3:hr>
            <ns3:cad>89</ns3:cad>
          </ns3:TrackPointExtension>
        </extensions>
      </trkpt>
      <trkpt lat="34.6421260200440883636474609375" lon="135.11670333333313465118408203125">
        <ele>4.19999980926513671875</ele>
        <time>2026-10-03T01:38:48.000Z</time>
        <extensions>
          <ns3:TrackPointExtension>
            <ns3:atemp>29.0</ns3:atemp>
            <ns3:hr>171</ns3:hr>
            <ns3:cad>89</ns3:cad>
          </ns3:TrackPointExtension>
        </extensions>
      </trkpt>
      <trkpt lat="34.6421243436634540557861328125" lon="135.11673711240291595458984375">
        <ele>4.19999980926513671875</ele>
        <time>2026-10-03T01:38:49.000Z</time>
        <extensions>
          <ns3:TrackPointExtension>
            <ns3:atemp>29.0</ns3:atemp>
            <ns3:hr>170</ns3:hr>
            <ns3:cad>89</ns3:cad>
          </ns3:TrackPointExtension>
        </extensions>
      </trkpt>
      <trkpt lat="34.64212140999734401702880859375" lon="135.11677223257720470428466796875">
        <ele>4.19999980926513671875</ele>
        <time>2026-10-03T01:38:50.000Z</time>
        <extensions>
          <ns3:TrackPointExtension>
            <ns3:atemp>29.0</ns3:atemp>
            <ns3:hr>170</ns3:hr>
            <ns3:cad>89</ns3:cad>
          </ns3:TrackPointExtension>
        </extensions>
      </trkpt>
      <trkpt lat="34.64212023653090000152587890625" lon="135.11680827476084232330322265625">
        <ele>4.19999980926513671875</ele>
        <time>2026-10-03T01:38:51.000Z</time>
        <extensions>
          <ns3:TrackPointExtension>
            <ns3:atemp>29.0</ns3:atemp>
            <ns3:hr>170</ns3:hr>
            <ns3:cad>89</ns3:cad>
          </ns3:TrackPointExtension>
        </extensions>
      </trkpt>
      <trkpt lat="34.6421173028647899627685546875" lon="135.11684264056384563446044921875">
        <ele>4.19999980926513671875</ele>
        <time>2026-10-03T01:38:52.000Z</time>
        <extensions>
          <ns3:TrackPointExtension>
            <ns3:atemp>29.0</ns3:atemp>
            <ns3:hr>170</ns3:hr>
            <ns3:cad>90</ns3:cad>
          </ns3:TrackPointExtension>
        </extensions>
      </trkpt>
      <trkpt lat="34.642121158540248870849609375" lon="135.11687935329973697662353515625">
        <ele>4.19999980926513671875</ele>
        <time>2026-10-03T01:38:53.000Z</time>
        <extensions>
          <ns3:TrackPointExtension>
            <ns3:atemp>29.0</ns3:atemp>
            <ns3:hr>171</ns3:hr>
            <ns3:cad>90</ns3:cad>
          </ns3:TrackPointExtension>
        </extensions>
      </trkpt>
      <trkpt lat="34.64212375693023204803466796875" lon="135.1169156469404697418212890625">
        <ele>4.19999980926513671875</ele>
        <time>2026-10-03T01:38:54.000Z</time>
        <extensions>
          <ns3:TrackPointExtension>
            <ns3:atemp>29.0</ns3:atemp>
            <ns3:hr>171</ns3:hr>
            <ns3:cad>90</ns3:cad>
          </ns3:TrackPointExtension>
        </extensions>
      </trkpt>
      <trkpt lat="34.6421290375292301177978515625" lon="135.1169508509337902069091796875">
        <ele>4</ele>
        <time>2026-10-03T01:38:55.000Z</time>
        <extensions>
          <ns3:TrackPointExtension>
            <ns3:atemp>29.0</ns3:atemp>
            <ns3:hr>171</ns3:hr>
            <ns3:cad>90</ns3:cad>
          </ns3:TrackPointExtension>
        </extensions>
      </trkpt>
      <trkpt lat="34.64213264174759387969970703125" lon="135.11698597110807895660400390625">
        <ele>4</ele>
        <time>2026-10-03T01:38:56.000Z</time>
        <extensions>
          <ns3:TrackPointExtension>
            <ns3:atemp>29.0</ns3:atemp>
            <ns3:hr>171</ns3:hr>
            <ns3:cad>90</ns3:cad>
          </ns3:TrackPointExtension>
        </extensions>
      </trkpt>
      <trkpt lat="34.64214018546044826507568359375" lon="135.1170207560062408447265625">
        <ele>4</ele>
        <time>2026-10-03T01:38:57.000Z</time>
        <extensions>
          <ns3:TrackPointExtension>
            <ns3:atemp>29.0</ns3:atemp>
            <ns3:hr>171</ns3:hr>
            <ns3:cad>90</ns3:cad>
          </ns3:TrackPointExtension>
        </extensions>
      </trkpt>
      <trkpt lat="34.642144627869129180908203125" lon="135.11705495417118072509765625">
        <ele>4</ele>
        <time>2026-10-03T01:38:58.000Z</time>
        <extensions>
          <ns3:TrackPointExtension>
            <ns3:atemp>29.0</ns3:atemp>
            <ns3:hr>170</ns3:hr>
            <ns3:cad>90</ns3:cad>
          </ns3:TrackPointExtension>
        </extensions>
      </trkpt>
      <trkpt lat="34.6421515010297298431396484375" lon="135.1170916669070720672607421875">
        <ele>4</ele>
        <time>2026-10-03T01:38:59.000Z</time>
        <extensions>
          <ns3:TrackPointExtension>
            <ns3:atemp>29.0</ns3:atemp>
            <ns3:hr>171</ns3:hr>
            <ns3:cad>90</ns3:cad>
          </ns3:TrackPointExtension>
        </extensions>
      </trkpt>
      <trkpt lat="34.64215460233390331268310546875" lon="135.1171278767287731170654296875">
        <ele>4</ele>
        <time>2026-10-03T01:39:00.000Z</time>
        <extensions>
          <ns3:TrackPointExtension>
            <ns3:atemp>29.0</ns3:atemp>
            <ns3:hr>171</ns3:hr>
            <ns3:cad>90</ns3:cad>
          </ns3:TrackPointExtension>
        </extensions>
      </trkpt>
      <trkpt lat="34.6421605534851551055908203125" lon="135.11716894805431365966796875">
        <ele>4</ele>
        <time>2026-10-03T01:39:01.000Z</time>
        <extensions>
          <ns3:TrackPointExtension>
            <ns3:atemp>29.0</ns3:atemp>
            <ns3:hr>171</ns3:hr>
            <ns3:cad>90</ns3:cad>
          </ns3:TrackPointExtension>
        </extensions>
      </trkpt>
      <trkpt lat="34.642164409160614013671875" lon="135.11720272712409496307373046875">
        <ele>4</ele>
        <time>2026-10-03T01:39:02.000Z</time>
        <extensions>
          <ns3:TrackPointExtension>
            <ns3:atemp>29.0</ns3:atemp>
            <ns3:hr>170</ns3:hr>
            <ns3:cad>90</ns3:cad>
          </ns3:TrackPointExtension>
        </extensions>
      </trkpt>
      <trkpt lat="34.64217203669250011444091796875" lon="135.117239691317081451416015625">
        <ele>4</ele>
        <time>2026-10-03T01:39:03.000Z</time>
        <extensions>
          <ns3:TrackPointExtension>
            <ns3:atemp>29.0</ns3:atemp>
            <ns3:hr>170</ns3:hr>
            <ns3:cad>90</ns3:cad>
          </ns3:TrackPointExtension>
        </extensions>
      </trkpt>
      <trkpt lat="34.64217958040535449981689453125" lon="135.11727531440556049346923828125">
        <ele>4</ele>
        <time>2026-10-03T01:39:04.000Z</time>
        <extensions>
          <ns3:TrackPointExtension>
            <ns3:atemp>29.0</ns3:atemp>
            <ns3:hr>170</ns3:hr>
            <ns3:cad>91</ns3:cad>
          </ns3:TrackPointExtension>
        </extensions>
      </trkpt>
      <trkpt lat="34.64218921959400177001953125" lon="135.117306075990200042724609375">
        <ele>4</ele>
        <time>2026-10-03T01:39:05.000Z</time>
        <extensions>
          <ns3:TrackPointExtension>
            <ns3:atemp>29.0</ns3:atemp>
            <ns3:hr>170</ns3:hr>
            <ns3:cad>91</ns3:cad>
          </ns3:TrackPointExtension>
        </extensions>
      </trkpt>
      <trkpt lat="34.64219634421169757843017578125" lon="135.1173391006886959075927734375">
        <ele>3.7999999523162841796875</ele>
        <time>2026-10-03T01:39:06.000Z</time>
        <extensions>
          <ns3:TrackPointExtension>
            <ns3:atemp>29.0</ns3:atemp>
            <ns3:hr>170</ns3:hr>
            <ns3:cad>90</ns3:cad>
          </ns3:TrackPointExtension>
        </extensions>
      </trkpt>
      <trkpt lat="34.642201960086822509765625" lon="135.11737405322492122650146484375">
        <ele>3.7999999523162841796875</ele>
        <time>2026-10-03T01:39:07.000Z</time>
        <extensions>
          <ns3:TrackPointExtension>
            <ns3:atemp>29.0</ns3:atemp>
            <ns3:hr>171</ns3:hr>
            <ns3:cad>89</ns3:cad>
          </ns3:TrackPointExtension>
        </extensions>
      </trkpt>
      <trkpt lat="34.64220799505710601806640625" lon="135.1174088381230831146240234375">
        <ele>3.7999999523162841796875</ele>
        <time>2026-10-03T01:39:08.000Z</time>
        <extensions>
          <ns3:TrackPointExtension>
            <ns3:atemp>29.0</ns3:atemp>
            <ns3:hr>171</ns3:hr>
            <ns3:cad>89</ns3:cad>
          </ns3:TrackPointExtension>
        </extensions>
      </trkpt>
      <trkpt lat="34.64221528731286525726318359375" lon="135.117446891963481903076171875">
        <ele>3.7999999523162841796875</ele>
        <time>2026-10-03T01:39:09.000Z</time>
        <extensions>
          <ns3:TrackPointExtension>
            <ns3:atemp>29.0</ns3:atemp>
            <ns3:hr>171</ns3:hr>
            <ns3:cad>89</ns3:cad>
          </ns3:TrackPointExtension>
        </extensions>
      </trkpt>
      <trkpt lat="34.6422185562551021575927734375" lon="135.1174809224903583526611328125">
        <ele>3.7999999523162841796875</ele>
        <time>2026-10-03T01:39:10.000Z</time>
        <extensions>
          <ns3:TrackPointExtension>
            <ns3:atemp>29.0</ns3:atemp>
            <ns3:hr>170</ns3:hr>
            <ns3:cad>88</ns3:cad>
          </ns3:TrackPointExtension>
        </extensions>
      </trkpt>
      <trkpt lat="34.642227105796337127685546875" lon="135.11751889251172542572021484375">
        <ele>3.7999999523162841796875</ele>
        <time>2026-10-03T01:39:11.000Z</time>
        <extensions>
          <ns3:TrackPointExtension>
            <ns3:atemp>29.0</ns3:atemp>
            <ns3:hr>170</ns3:hr>
            <ns3:cad>88</ns3:cad>
          </ns3:TrackPointExtension>
        </extensions>
      </trkpt>
      <trkpt lat="34.64222987182438373565673828125" lon="135.11754982173442840576171875">
        <ele>3.7999999523162841796875</ele>
        <time>2026-10-03T01:39:12.000Z</time>
        <extensions>
          <ns3:TrackPointExtension>
            <ns3:atemp>29.0</ns3:atemp>
            <ns3:hr>170</ns3:hr>
            <ns3:cad>88</ns3:cad>
          </ns3:TrackPointExtension>
        </extensions>
      </trkpt>
      <trkpt lat="34.64223808608949184417724609375" lon="135.11758879758417606353759765625">
        <ele>3.7999999523162841796875</ele>
        <time>2026-10-03T01:39:13.000Z</time>
        <extensions>
          <ns3:TrackPointExtension>
            <ns3:atemp>29.0</ns3:atemp>
            <ns3:hr>170</ns3:hr>
            <ns3:cad>88</ns3:cad>
          </ns3:TrackPointExtension>
        </extensions>
      </trkpt>
      <trkpt lat="34.642238505184650421142578125" lon="135.1176190562546253204345703125">
        <ele>3.7999999523162841796875</ele>
        <time>2026-10-03T01:39:14.000Z</time>
        <extensions>
          <ns3:TrackPointExtension>
            <ns3:atemp>29.0</ns3:atemp>
            <ns3:hr>170</ns3:hr>
            <ns3:cad>88</ns3:cad>
          </ns3:TrackPointExtension>
        </extensions>
      </trkpt>
      <trkpt lat="34.64224554598331451416015625" lon="135.1176589541137218475341796875">
        <ele>3.7999999523162841796875</ele>
        <time>2026-10-03T01:39:15.000Z</time>
        <extensions>
          <ns3:TrackPointExtension>
            <ns3:atemp>29.0</ns3:atemp>
            <ns3:hr>171</ns3:hr>
            <ns3:cad>88</ns3:cad>
          </ns3:TrackPointExtension>
        </extensions>
      </trkpt>
      <trkpt lat="34.64224646799266338348388671875" lon="135.1176884584128856658935546875">
        <ele>3.7999999523162841796875</ele>
        <time>2026-10-03T01:39:16.000Z</time>
        <extensions>
          <ns3:TrackPointExtension>
            <ns3:atemp>29.0</ns3:atemp>
            <ns3:hr>171</ns3:hr>
            <ns3:cad>88</ns3:cad>
          </ns3:TrackPointExtension>
        </extensions>
      </trkpt>
      <trkpt lat="34.64225434698164463043212890625" lon="135.11773011647164821624755859375">
        <ele>3.7999999523162841796875</ele>
        <time>2026-10-03T01:39:17.000Z</time>
        <extensions>
          <ns3:TrackPointExtension>
            <ns3:atemp>29.0</ns3:atemp>
            <ns3:hr>172</ns3:hr>
            <ns3:cad>89</ns3:cad>
          </ns3:TrackPointExtension>
        </extensions>
      </trkpt>
      <trkpt lat="34.642255604267120361328125" lon="135.11775970458984375">
        <ele>3.7999999523162841796875</ele>
        <time>2026-10-03T01:39:18.000Z</time>
        <extensions>
          <ns3:TrackPointExtension>
            <ns3:atemp>29.0</ns3:atemp>
            <ns3:hr>172</ns3:hr>
            <ns3:cad>89</ns3:cad>
          </ns3:TrackPointExtension>
        </extensions>
      </trkpt>
      <trkpt lat="34.6422648243606090545654296875" lon="135.11780136264860630035400390625">
        <ele>4</ele>
        <time>2026-10-03T01:39:19.000Z</time>
        <extensions>
          <ns3:TrackPointExtension>
            <ns3:atemp>29.0</ns3:atemp>
            <ns3:hr>172</ns3:hr>
            <ns3:cad>89</ns3:cad>
          </ns3:TrackPointExtension>
        </extensions>
      </trkpt>
      <trkpt lat="34.64226474054157733917236328125" lon="135.117832124233245849609375">
        <ele>4</ele>
        <time>2026-10-03T01:39:20.000Z</time>
        <extensions>
          <ns3:TrackPointExtension>
            <ns3:atemp>29.0</ns3:atemp>
            <ns3:hr>172</ns3:hr>
            <ns3:cad>89</ns3:cad>
          </ns3:TrackPointExtension>
        </extensions>
      </trkpt>
      <trkpt lat="34.64226943440735340118408203125" lon="135.11787302792072296142578125">
        <ele>4.19999980926513671875</ele>
        <time>2026-10-03T01:39:21.000Z</time>
        <extensions>
          <ns3:TrackPointExtension>
            <ns3:atemp>29.0</ns3:atemp>
            <ns3:hr>171</ns3:hr>
            <ns3:cad>89</ns3:cad>
          </ns3:TrackPointExtension>
        </extensions>
      </trkpt>
      <trkpt lat="34.64226876385509967803955078125" lon="135.11790278367698192596435546875">
        <ele>4.19999980926513671875</ele>
        <time>2026-10-03T01:39:22.000Z</time>
        <extensions>
          <ns3:TrackPointExtension>
            <ns3:atemp>29.0</ns3:atemp>
            <ns3:hr>171</ns3:hr>
            <ns3:cad>89</ns3:cad>
          </ns3:TrackPointExtension>
        </extensions>
      </trkpt>
      <trkpt lat="34.6422708593308925628662109375" lon="135.11794201098382472991943359375">
        <ele>4.19999980926513671875</ele>
        <time>2026-10-03T01:39:23.000Z</time>
        <extensions>
          <ns3:TrackPointExtension>
            <ns3:atemp>29.0</ns3:atemp>
            <ns3:hr>171</ns3:hr>
            <ns3:cad>89</ns3:cad>
          </ns3:TrackPointExtension>
        </extensions>
      </trkpt>
      <trkpt lat="34.6422752179205417633056640625" lon="135.1179727725684642791748046875">
        <ele>4</ele>
        <time>2026-10-03T01:39:24.000Z</time>
        <extensions>
          <ns3:TrackPointExtension>
            <ns3:atemp>29.0</ns3:atemp>
            <ns3:hr>171</ns3:hr>
            <ns3:cad>89</ns3:cad>
          </ns3:TrackPointExtension>
        </extensions>
      </trkpt>
      <trkpt lat="34.64227781631052494049072265625" lon="135.1180106587707996368408203125">
        <ele>4</ele>
        <time>2026-10-03T01:39:25.000Z</time>
        <extensions>
          <ns3:TrackPointExtension>
            <ns3:atemp>29.0</ns3:atemp>
            <ns3:hr>172</ns3:hr>
            <ns3:cad>89</ns3:cad>
          </ns3:TrackPointExtension>
        </extensions>
      </trkpt>
      <trkpt lat="34.64228318072855472564697265625" lon="135.11804326437413692474365234375">
        <ele>4</ele>
        <time>2026-10-03T01:39:26.000Z</time>
        <extensions>
          <ns3:TrackPointExtension>
            <ns3:atemp>29.0</ns3:atemp>
            <ns3:hr>172</ns3:hr>
            <ns3:cad>89</ns3:cad>
          </ns3:TrackPointExtension>
        </extensions>
      </trkpt>
      <trkpt lat="34.64228577911853790283203125" lon="135.11807947419583797454833984375">
        <ele>4</ele>
        <time>2026-10-03T01:39:27.000Z</time>
        <extensions>
          <ns3:TrackPointExtension>
            <ns3:atemp>29.0</ns3:atemp>
            <ns3:hr>172</ns3:hr>
            <ns3:cad>89</ns3:cad>
          </ns3:TrackPointExtension>
        </extensions>
      </trkpt>
      <trkpt lat="34.642288126051425933837890625" lon="135.1181129179894924163818359375">
        <ele>3.7999999523162841796875</ele>
        <time>2026-10-03T01:39:28.000Z</time>
        <extensions>
          <ns3:TrackPointExtension>
            <ns3:atemp>29.0</ns3:atemp>
            <ns3:hr>172</ns3:hr>
            <ns3:cad>89</ns3:cad>
          </ns3:TrackPointExtension>
        </extensions>
      </trkpt>
      <trkpt lat="34.64228854514658451080322265625" lon="135.11814719997346401214599609375">
        <ele>3.7999999523162841796875</ele>
        <time>2026-10-03T01:39:29.000Z</time>
        <extensions>
          <ns3:TrackPointExtension>
            <ns3:atemp>29.0</ns3:atemp>
            <ns3:hr>171</ns3:hr>
            <ns3:cad>89</ns3:cad>
          </ns3:TrackPointExtension>
        </extensions>
      </trkpt>
      <trkpt lat="34.6422906406223773956298828125" lon="135.11818349361419677734375">
        <ele>3.7999999523162841796875</ele>
        <time>2026-10-03T01:39:30.000Z</time>
        <extensions>
          <ns3:TrackPointExtension>
            <ns3:atemp>29.0</ns3:atemp>
            <ns3:hr>170</ns3:hr>
            <ns3:cad>89</ns3:cad>
          </ns3:TrackPointExtension>
        </extensions>
      </trkpt>
      <trkpt lat="34.64229022152721881866455078125" lon="135.1182181946933269500732421875">
        <ele>3.7999999523162841796875</ele>
        <time>2026-10-03T01:39:31.000Z</time>
        <extensions>
          <ns3:TrackPointExtension>
            <ns3:atemp>29.0</ns3:atemp>
            <ns3:hr>170</ns3:hr>
            <ns3:cad>89</ns3:cad>
          </ns3:TrackPointExtension>
        </extensions>
      </trkpt>
      <trkpt lat="34.64229357428848743438720703125" lon="135.11825398541986942291259765625">
        <ele>3.7999999523162841796875</ele>
        <time>2026-10-03T01:39:32.000Z</time>
        <extensions>
          <ns3:TrackPointExtension>
            <ns3:atemp>29.0</ns3:atemp>
            <ns3:hr>171</ns3:hr>
            <ns3:cad>89</ns3:cad>
          </ns3:TrackPointExtension>
        </extensions>
      </trkpt>
      <trkpt lat="34.64229105971753597259521484375" lon="135.11829086579382419586181640625">
        <ele>3.7999999523162841796875</ele>
        <time>2026-10-03T01:39:33.000Z</time>
        <extensions>
          <ns3:TrackPointExtension>
            <ns3:atemp>29.0</ns3:atemp>
            <ns3:hr>171</ns3:hr>
            <ns3:cad>89</ns3:cad>
          </ns3:TrackPointExtension>
        </extensions>
      </trkpt>
      <trkpt lat="34.6422918140888214111328125" lon="135.1183268241584300994873046875">
        <ele>3.7999999523162841796875</ele>
        <time>2026-10-03T01:39:34.000Z</time>
        <extensions>
          <ns3:TrackPointExtension>
            <ns3:atemp>29.0</ns3:atemp>
            <ns3:hr>172</ns3:hr>
            <ns3:cad>89</ns3:cad>
          </ns3:TrackPointExtension>
        </extensions>
      </trkpt>
      <trkpt lat="34.64228955097496509552001953125" lon="135.1183616928756237030029296875">
        <ele>3.7999999523162841796875</ele>
        <time>2026-10-03T01:39:35.000Z</time>
        <extensions>
          <ns3:TrackPointExtension>
            <ns3:atemp>29.0</ns3:atemp>
            <ns3:hr>172</ns3:hr>
            <ns3:cad>89</ns3:cad>
          </ns3:TrackPointExtension>
        </extensions>
      </trkpt>
      <trkpt lat="34.6422916464507579803466796875" lon="135.11839781887829303741455078125">
        <ele>3.7999999523162841796875</ele>
        <time>2026-10-03T01:39:36.000Z</time>
        <extensions>
          <ns3:TrackPointExtension>
            <ns3:atemp>29.0</ns3:atemp>
            <ns3:hr>170</ns3:hr>
            <ns3:cad>89</ns3:cad>
          </ns3:TrackPointExtension>
        </extensions>
      </trkpt>
      <trkpt lat="34.642287790775299072265625" lon="135.11843570508062839508056640625">
        <ele>3.7999999523162841796875</ele>
        <time>2026-10-03T01:39:37.000Z</time>
        <extensions>
          <ns3:TrackPointExtension>
            <ns3:atemp>29.0</ns3:atemp>
            <ns3:hr>170</ns3:hr>
            <ns3:cad>90</ns3:cad>
          </ns3:TrackPointExtension>
        </extensions>
      </trkpt>
      <trkpt lat="34.6422872878611087799072265625" lon="135.11847124435007572174072265625">
        <ele>3.7999999523162841796875</ele>
        <time>2026-10-03T01:39:38.000Z</time>
        <extensions>
          <ns3:TrackPointExtension>
            <ns3:atemp>29.0</ns3:atemp>
            <ns3:hr>170</ns3:hr>
            <ns3:cad>90</ns3:cad>
          </ns3:TrackPointExtension>
        </extensions>
      </trkpt>
      <trkpt lat="34.6422846056520938873291015625" lon="135.1185075379908084869384765625">
        <ele>4</ele>
        <time>2026-10-03T01:39:39.000Z</time>
        <extensions>
          <ns3:TrackPointExtension>
            <ns3:atemp>29.0</ns3:atemp>
            <ns3:hr>171</ns3:hr>
            <ns3:cad>90</ns3:cad>
          </ns3:TrackPointExtension>
        </extensions>
      </trkpt>
      <trkpt lat="34.6422851085662841796875" lon="135.11854358017444610595703125">
        <ele>4</ele>
        <time>2026-10-03T01:39:40.000Z</time>
        <extensions>
          <ns3:TrackPointExtension>
            <ns3:atemp>29.0</ns3:atemp>
            <ns3:hr>172</ns3:hr>
            <ns3:cad>90</ns3:cad>
          </ns3:TrackPointExtension>
        </extensions>
      </trkpt>
      <trkpt lat="34.64228234253823757171630859375" lon="135.11857819743454456329345703125">
        <ele>4</ele>
        <time>2026-10-03T01:39:41.000Z</time>
        <extensions>
          <ns3:TrackPointExtension>
            <ns3:atemp>29.0</ns3:atemp>
            <ns3:hr>172</ns3:hr>
            <ns3:cad>89</ns3:cad>
          </ns3:TrackPointExtension>
        </extensions>
      </trkpt>
      <trkpt lat="34.6422815881669521331787109375" lon="135.1186171732842922210693359375">
        <ele>4.19999980926513671875</ele>
        <time>2026-10-03T01:39:42.000Z</time>
        <extensions>
          <ns3:TrackPointExtension>
            <ns3:atemp>29.0</ns3:atemp>
            <ns3:hr>172</ns3:hr>
            <ns3:cad>90</ns3:cad>
          </ns3:TrackPointExtension>
        </extensions>
      </trkpt>
      <trkpt lat="34.6422755531966686248779296875" lon="135.1186604239046573638916015625">
        <ele>4.599999904632568359375</ele>
        <time>2026-10-03T01:39:43.000Z</time>
        <extensions>
          <ns3:TrackPointExtension>
            <ns3:atemp>29.0</ns3:atemp>
            <ns3:hr>172</ns3:hr>
            <ns3:cad>90</ns3:cad>
          </ns3:TrackPointExtension>
        </extensions>
      </trkpt>
      <trkpt lat="34.64227412827312946319580078125" lon="135.1186966337263584136962890625">
        <ele>4.80000019073486328125</ele>
        <time>2026-10-03T01:39:44.000Z</time>
        <extensions>
          <ns3:TrackPointExtension>
            <ns3:atemp>29.0</ns3:atemp>
            <ns3:hr>171</ns3:hr>
            <ns3:cad>90</ns3:cad>
          </ns3:TrackPointExtension>
        </extensions>
      </trkpt>
      <trkpt lat="34.64227077551186084747314453125" lon="135.118724294006824493408203125">
        <ele>5</ele>
        <time>2026-10-03T01:39:45.000Z</time>
        <extensions>
          <ns3:TrackPointExtension>
            <ns3:atemp>29.0</ns3:atemp>
            <ns3:hr>171</ns3:hr>
            <ns3:cad>90</ns3:cad>
          </ns3:TrackPointExtension>
        </extensions>
      </trkpt>
      <trkpt lat="34.642271362245082855224609375" lon="135.1187563128769397735595703125">
        <ele>5.19999980926513671875</ele>
        <time>2026-10-03T01:39:46.000Z</time>
        <extensions>
          <ns3:TrackPointExtension>
            <ns3:atemp>29.0</ns3:atemp>
            <ns3:hr>171</ns3:hr>
            <ns3:cad>90</ns3:cad>
          </ns3:TrackPointExtension>
        </extensions>
      </trkpt>
      <trkpt lat="34.642266668379306793212890625" lon="135.11878673918545246124267578125">
        <ele>5.19999980926513671875</ele>
        <time>2026-10-03T01:39:47.000Z</time>
        <extensions>
          <ns3:TrackPointExtension>
            <ns3:atemp>29.0</ns3:atemp>
            <ns3:hr>172</ns3:hr>
            <ns3:cad>90</ns3:cad>
          </ns3:TrackPointExtension>
        </extensions>
      </trkpt>
      <trkpt lat="34.6422649919986724853515625" lon="135.11882144026458263397216796875">
        <ele>5.19999980926513671875</ele>
        <time>2026-10-03T01:39:48.000Z</time>
        <extensions>
          <ns3:TrackPointExtension>
            <ns3:atemp>29.0</ns3:atemp>
            <ns3:hr>173</ns3:hr>
            <ns3:cad>90</ns3:cad>
          </ns3:TrackPointExtension>
        </extensions>
      </trkpt>
      <trkpt lat="34.64225987903773784637451171875" lon="135.118857063353061676025390625">
        <ele>4.19999980926513671875</ele>
        <time>2026-10-03T01:39:49.000Z</time>
        <extensions>
          <ns3:TrackPointExtension>
            <ns3:atemp>29.0</ns3:atemp>
            <ns3:hr>173</ns3:hr>
            <ns3:cad>90</ns3:cad>
          </ns3:TrackPointExtension>
        </extensions>
      </trkpt>
      <trkpt lat="34.64225753210484981536865234375" lon="135.1188941113650798797607421875">
        <ele>4</ele>
        <time>2026-10-03T01:39:50.000Z</time>
        <extensions>
          <ns3:TrackPointExtension>
            <ns3:atemp>29.0</ns3:atemp>
            <ns3:hr>172</ns3:hr>
            <ns3:cad>90</ns3:cad>
          </ns3:TrackPointExtension>
        </extensions>
      </trkpt>
      <trkpt lat="34.64225283823907375335693359375" lon="135.11892990209162235260009765625">
        <ele>4.19999980926513671875</ele>
        <time>2026-10-03T01:39:51.000Z</time>
        <extensions>
          <ns3:TrackPointExtension>
            <ns3:atemp>29.0</ns3:atemp>
            <ns3:hr>172</ns3:hr>
            <ns3:cad>90</ns3:cad>
          </ns3:TrackPointExtension>
        </extensions>
      </trkpt>
      <trkpt lat="34.64225267060101032257080078125" lon="135.11896736919879913330078125">
        <ele>4.19999980926513671875</ele>
        <time>2026-10-03T01:39:52.000Z</time>
        <extensions>
          <ns3:TrackPointExtension>
            <ns3:atemp>29.0</ns3:atemp>
            <ns3:hr>172</ns3:hr>
            <ns3:cad>90</ns3:cad>
          </ns3:TrackPointExtension>
        </extensions>
      </trkpt>
      <trkpt lat="34.64224814437329769134521484375" lon="135.1190003938972949981689453125">
        <ele>4.19999980926513671875</ele>
        <time>2026-10-03T01:39:53.000Z</time>
        <extensions>
          <ns3:TrackPointExtension>
            <ns3:atemp>29.0</ns3:atemp>
            <ns3:hr>172</ns3:hr>
            <ns3:cad>90</ns3:cad>
          </ns3:TrackPointExtension>
        </extensions>
      </trkpt>
      <trkpt lat="34.64224864728748798370361328125" lon="135.1190412975847721099853515625">
        <ele>4.400000095367431640625</ele>
        <time>2026-10-03T01:39:54.000Z</time>
        <extensions>
          <ns3:TrackPointExtension>
            <ns3:atemp>29.0</ns3:atemp>
            <ns3:hr>172</ns3:hr>
            <ns3:cad>90</ns3:cad>
          </ns3:TrackPointExtension>
        </extensions>
      </trkpt>
      <trkpt lat="34.64224412105977535247802734375" lon="135.11907842941582202911376953125">
        <ele>4.400000095367431640625</ele>
        <time>2026-10-03T01:39:55.000Z</time>
        <extensions>
          <ns3:TrackPointExtension>
            <ns3:atemp>29.0</ns3:atemp>
            <ns3:hr>173</ns3:hr>
            <ns3:cad>90</ns3:cad>
          </ns3:TrackPointExtension>
        </extensions>
      </trkpt>
      <trkpt lat="34.64224152266979217529296875" lon="135.119115896522998809814453125">
        <ele>4.400000095367431640625</ele>
        <time>2026-10-03T01:39:56.000Z</time>
        <extensions>
          <ns3:TrackPointExtension>
            <ns3:atemp>28.0</ns3:atemp>
            <ns3:hr>173</ns3:hr>
            <ns3:cad>90</ns3:cad>
          </ns3:TrackPointExtension>
        </extensions>
      </trkpt>
      <trkpt lat="34.6422346495091915130615234375" lon="135.1191502623260021209716796875">
        <ele>4.400000095367431640625</ele>
        <time>2026-10-03T01:39:57.000Z</time>
        <extensions>
          <ns3:TrackPointExtension>
            <ns3:atemp>29.0</ns3:atemp>
            <ns3:hr>174</ns3:hr>
            <ns3:cad>90</ns3:cad>
          </ns3:TrackPointExtension>
        </extensions>
      </trkpt>
      <trkpt lat="34.6422328054904937744140625" lon="135.11918622069060802459716796875">
        <ele>4.400000095367431640625</ele>
        <time>2026-10-03T01:39:58.000Z</time>
        <extensions>
          <ns3:TrackPointExtension>
            <ns3:atemp>29.0</ns3:atemp>
            <ns3:hr>173</ns3:hr>
            <ns3:cad>90</ns3:cad>
          </ns3:TrackPointExtension>
        </extensions>
      </trkpt>
      <trkpt lat="34.64222987182438373565673828125" lon="135.11921756900846958160400390625">
        <ele>4.19999980926513671875</ele>
        <time>2026-10-03T01:39:59.000Z</time>
        <extensions>
          <ns3:TrackPointExtension>
            <ns3:atemp>28.0</ns3:atemp>
            <ns3:hr>173</ns3:hr>
            <ns3:cad>89</ns3:cad>
          </ns3:TrackPointExtension>
        </extensions>
      </trkpt>
      <trkpt lat="34.64223188348114490509033203125" lon="135.11925495229661464691162109375">
        <ele>4.19999980926513671875</ele>
        <time>2026-10-03T01:40:00.000Z</time>
        <extensions>
          <ns3:TrackPointExtension>
            <ns3:atemp>28.0</ns3:atemp>
            <ns3:hr>173</ns3:hr>
            <ns3:cad>89</ns3:cad>
          </ns3:TrackPointExtension>
        </extensions>
      </trkpt>
      <trkpt lat="34.642227105796337127685546875" lon="135.1192850433290004730224609375">
        <ele>4.19999980926513671875</ele>
        <time>2026-10-03T01:40:01.000Z</time>
        <extensions>
          <ns3:TrackPointExtension>
            <ns3:atemp>28.0</ns3:atemp>
            <ns3:hr>173</ns3:hr>
            <ns3:cad>89</ns3:cad>
          </ns3:TrackPointExtension>
        </extensions>
      </trkpt>
      <trkpt lat="34.6422286145389080047607421875" lon="135.11932334862649440765380859375">
        <ele>4.19999980926513671875</ele>
        <time>2026-10-03T01:40:02.000Z</time>
        <extensions>
          <ns3:TrackPointExtension>
            <ns3:atemp>28.0</ns3:atemp>
            <ns3:hr>173</ns3:hr>
            <ns3:cad>89</ns3:cad>
          </ns3:TrackPointExtension>
        </extensions>
      </trkpt>
      <trkpt lat="34.64222677052021026611328125" lon="135.1193531043827533721923828125">
        <ele>4.19999980926513671875</ele>
        <time>2026-10-03T01:40:03.000Z</time>
        <extensions>
          <ns3:TrackPointExtension>
            <ns3:atemp>28.0</ns3:atemp>
            <ns3:hr>173</ns3:hr>
            <ns3:cad>89</ns3:cad>
          </ns3:TrackPointExtension>
        </extensions>
      </trkpt>
      <trkpt lat="34.6422299556434154510498046875" lon="135.1193919964134693145751953125">
        <ele>4.400000095367431640625</ele>
        <time>2026-10-03T01:40:04.000Z</time>
        <extensions>
          <ns3:TrackPointExtension>
            <ns3:atemp>28.0</ns3:atemp>
            <ns3:hr>173</ns3:hr>
            <ns3:cad>89</ns3:cad>
          </ns3:TrackPointExtension>
        </extensions>
      </trkpt>
      <trkpt lat="34.64222718961536884307861328125" lon="135.11942024342715740203857421875">
        <ele>4.400000095367431640625</ele>
        <time>2026-10-03T01:40:05.000Z</time>
        <extensions>
          <ns3:TrackPointExtension>
            <ns3:atemp>28.0</ns3:atemp>
            <ns3:hr>174</ns3:hr>
            <ns3:cad>89</ns3:cad>
          </ns3:TrackPointExtension>
        </extensions>
      </trkpt>
      <trkpt lat="34.6422299556434154510498046875" lon="135.119460560381412506103515625">
        <ele>4.400000095367431640625</ele>
        <time>2026-10-03T01:40:06.000Z</time>
        <extensions>
          <ns3:TrackPointExtension>
            <ns3:atemp>28.0</ns3:atemp>
            <ns3:hr>174</ns3:hr>
            <ns3:cad>90</ns3:cad>
          </ns3:TrackPointExtension>
        </extensions>
      </trkpt>
      <trkpt lat="34.64222903363406658172607421875" lon="135.11949039995670318603515625">
        <ele>4.400000095367431640625</ele>
        <time>2026-10-03T01:40:07.000Z</time>
        <extensions>
          <ns3:TrackPointExtension>
            <ns3:atemp>28.0</ns3:atemp>
            <ns3:hr>174</ns3:hr>
            <ns3:cad>90</ns3:cad>
          </ns3:TrackPointExtension>
        </extensions>
      </trkpt>
      <trkpt lat="34.64223682880401611328125" lon="135.11952635832130908966064453125">
        <ele>4.400000095367431640625</ele>
        <time>2026-10-03T01:40:08.000Z</time>
        <extensions>
          <ns3:TrackPointExtension>
            <ns3:atemp>28.0</ns3:atemp>
            <ns3:hr>175</ns3:hr>
            <ns3:cad>90</ns3:cad>
          </ns3:TrackPointExtension>
        </extensions>
      </trkpt>
      <trkpt lat="34.6422393433749675750732421875" lon="135.11955787427723407745361328125">
        <ele>4.400000095367431640625</ele>
        <time>2026-10-03T01:40:09.000Z</time>
        <extensions>
          <ns3:TrackPointExtension>
            <ns3:atemp>28.0</ns3:atemp>
            <ns3:hr>174</ns3:hr>
            <ns3:cad>90</ns3:cad>
          </ns3:TrackPointExtension>
        </extensions>
      </trkpt>
      <trkpt lat="34.6422480605542659759521484375" lon="135.11959542520344257354736328125">
        <ele>4.400000095367431640625</ele>
        <time>2026-10-03T01:40:10.000Z</time>
        <extensions>
          <ns3:TrackPointExtension>
            <ns3:atemp>28.0</ns3:atemp>
            <ns3:hr>173</ns3:hr>
            <ns3:cad>90</ns3:cad>
          </ns3:TrackPointExtension>
        </extensions>
      </trkpt>
      <trkpt lat="34.6422514133155345916748046875" lon="135.119625516235828399658203125">
        <ele>4.400000095367431640625</ele>
        <time>2026-10-03T01:40:11.000Z</time>
        <extensions>
          <ns3:TrackPointExtension>
            <ns3:atemp>28.0</ns3:atemp>
            <ns3:hr>173</ns3:hr>
            <ns3:cad>90</ns3:cad>
          </ns3:TrackPointExtension>
        </extensions>
      </trkpt>
      <trkpt lat="34.64226474054157733917236328125" lon="135.1196618936955928802490234375">
        <ele>4.400000095367431640625</ele>
        <time>2026-10-03T01:40:12.000Z</time>
        <extensions>
          <ns3:TrackPointExtension>
            <ns3:atemp>28.0</ns3:atemp>
            <ns3:hr>172</ns3:hr>
            <ns3:cad>90</ns3:cad>
          </ns3:TrackPointExtension>
        </extensions>
      </trkpt>
      <trkpt lat="34.64227044023573398590087890625" lon="135.1196944154798984527587890625">
        <ele>4.400000095367431640625</ele>
        <time>2026-10-03T01:40:13.000Z</time>
        <extensions>
          <ns3:TrackPointExtension>
            <ns3:atemp>28.0</ns3:atemp>
            <ns3:hr>172</ns3:hr>
            <ns3:cad>90</ns3:cad>
          </ns3:TrackPointExtension>
        </extensions>
      </trkpt>
      <trkpt lat="34.6422859467566013336181640625" lon="135.1197276078164577484130859375">
        <ele>4.400000095367431640625</ele>
        <time>2026-10-03T01:40:14.000Z</time>
        <extensions>
          <ns3:TrackPointExtension>
            <ns3:atemp>28.0</ns3:atemp>
            <ns3:hr>172</ns3:hr>
            <ns3:cad>90</ns3:cad>
          </ns3:TrackPointExtension>
        </extensions>
      </trkpt>
      <trkpt lat="34.64229223318397998809814453125" lon="135.11975652538239955902099609375">
        <ele>4.19999980926513671875</ele>
        <time>2026-10-03T01:40:15.000Z</time>
        <extensions>
          <ns3:TrackPointExtension>
            <ns3:atemp>28.0</ns3:atemp>
            <ns3:hr>173</ns3:hr>
            <ns3:cad>90</ns3:cad>
          </ns3:TrackPointExtension>
        </extensions>
      </trkpt>
      <trkpt lat="34.64230715297162532806396484375" lon="135.11979022063314914703369140625">
        <ele>4.400000095367431640625</ele>
        <time>2026-10-03T01:40:16.000Z</time>
        <extensions>
          <ns3:TrackPointExtension>
            <ns3:atemp>28.0</ns3:atemp>
            <ns3:hr>173</ns3:hr>
            <ns3:cad>89</ns3:cad>
          </ns3:TrackPointExtension>
        </extensions>
      </trkpt>
      <trkpt lat="34.64231369085609912872314453125" lon="135.11981754563748836517333984375">
        <ele>4.400000095367431640625</ele>
        <time>2026-10-03T01:40:17.000Z</time>
        <extensions>
          <ns3:TrackPointExtension>
            <ns3:atemp>28.0</ns3:atemp>
            <ns3:hr>173</ns3:hr>
            <ns3:cad>89</ns3:cad>
          </ns3:TrackPointExtension>
        </extensions>
      </trkpt>
      <trkpt lat="34.6423271857202053070068359375" lon="135.11985358782112598419189453125">
        <ele>4.400000095367431640625</ele>
        <time>2026-10-03T01:40:18.000Z</time>
        <extensions>
          <ns3:TrackPointExtension>
            <ns3:atemp>28.0</ns3:atemp>
            <ns3:hr>173</ns3:hr>
            <ns3:cad>89</ns3:cad>
          </ns3:TrackPointExtension>
        </extensions>
      </trkpt>
      <trkpt lat="34.642336070537567138671875" lon="135.11988342739641666412353515625">
        <ele>4.400000095367431640625</ele>
        <time>2026-10-03T01:40:19.000Z</time>
        <extensions>
          <ns3:TrackPointExtension>
            <ns3:atemp>28.0</ns3:atemp>
            <ns3:hr>173</ns3:hr>
            <ns3:cad>88</ns3:cad>
          </ns3:TrackPointExtension>
        </extensions>
      </trkpt>
      <trkpt lat="34.6423508226871490478515625" lon="135.1199200563132762908935546875">
        <ele>4.400000095367431640625</ele>
        <time>2026-10-03T01:40:20.000Z</time>
        <extensions>
          <ns3:TrackPointExtension>
            <ns3:atemp>28.0</ns3:atemp>
            <ns3:hr>174</ns3:hr>
            <ns3:cad>88</ns3:cad>
          </ns3:TrackPointExtension>
        </extensions>
      </trkpt>
      <trkpt lat="34.642359875142574310302734375" lon="135.1199485547840595245361328125">
        <ele>4.400000095367431640625</ele>
        <time>2026-10-03T01:40:21.000Z</time>
        <extensions>
          <ns3:TrackPointExtension>
            <ns3:atemp>28.0</ns3:atemp>
            <ns3:hr>172</ns3:hr>
            <ns3:cad>89</ns3:cad>
          </ns3:TrackPointExtension>
        </extensions>
      </trkpt>
      <trkpt lat="34.64237621985375881195068359375" lon="135.11998702771961688995361328125">
        <ele>4.400000095367431640625</ele>
        <time>2026-10-03T01:40:22.000Z</time>
        <extensions>
          <ns3:TrackPointExtension>
            <ns3:atemp>29.0</ns3:atemp>
            <ns3:hr>172</ns3:hr>
            <ns3:cad>89</ns3:cad>
          </ns3:TrackPointExtension>
        </extensions>
      </trkpt>
      <trkpt lat="34.64238275773823261260986328125" lon="135.12001787312328815460205078125">
        <ele>4.400000095367431640625</ele>
        <time>2026-10-03T01:40:23.000Z</time>
        <extensions>
          <ns3:TrackPointExtension>
            <ns3:atemp>28.0</ns3:atemp>
            <ns3:hr>172</ns3:hr>
            <ns3:cad>89</ns3:cad>
          </ns3:TrackPointExtension>
        </extensions>
      </trkpt>
      <trkpt lat="34.64239750988781452178955078125" lon="135.12005366384983062744140625">
        <ele>4.400000095367431640625</ele>
        <time>2026-10-03T01:40:24.000Z</time>
        <extensions>
          <ns3:TrackPointExtension>
            <ns3:atemp>28.0</ns3:atemp>
            <ns3:hr>172</ns3:hr>
            <ns3:cad>89</ns3:cad>
          </ns3:TrackPointExtension>
        </extensions>
      </trkpt>
      <trkpt lat="34.64240513741970062255859375" lon="135.12008182704448699951171875">
        <ele>4.400000095367431640625</ele>
        <time>2026-10-03T01:40:25.000Z</time>
        <extensions>
          <ns3:TrackPointExtension>
            <ns3:atemp>29.0</ns3:atemp>
            <ns3:hr>173</ns3:hr>
            <ns3:cad>89</ns3:cad>
          </ns3:TrackPointExtension>
        </extensions>
      </trkpt>
      <trkpt lat="34.6424197219312191009521484375" lon="135.12011661194264888763427734375">
        <ele>4.400000095367431640625</ele>
        <time>2026-10-03T01:40:26.000Z</time>
        <extensions>
          <ns3:TrackPointExtension>
            <ns3:atemp>28.0</ns3:atemp>
            <ns3:hr>173</ns3:hr>
            <ns3:cad>89</ns3:cad>
          </ns3:TrackPointExtension>
        </extensions>
      </trkpt>
      <trkpt lat="34.64242994785308837890625" lon="135.120146535336971282958984375">
        <ele>4.400000095367431640625</ele>
        <time>2026-10-03T01:40:27.000Z</time>
        <extensions>
          <ns3:TrackPointExtension>
            <ns3:atemp>28.0</ns3:atemp>
            <ns3:hr>174</ns3:hr>
            <ns3:cad>89</ns3:cad>
          </ns3:TrackPointExtension>
        </extensions>
      </trkpt>
      <trkpt lat="34.6424448676407337188720703125" lon="135.12018299661576747894287109375">
        <ele>4.400000095367431640625</ele>
        <time>2026-10-03T01:40:28.000Z</time>
        <extensions>
          <ns3:TrackPointExtension>
            <ns3:atemp>28.0</ns3:atemp>
            <ns3:hr>174</ns3:hr>
            <ns3:cad>90</ns3:cad>
          </ns3:TrackPointExtension>
        </extensions>
      </trkpt>
      <trkpt lat="34.64245383627712726593017578125" lon="135.12021325528621673583984375">
        <ele>4.400000095367431640625</ele>
        <time>2026-10-03T01:40:29.000Z</time>
        <extensions>
          <ns3:TrackPointExtension>
            <ns3:atemp>29.0</ns3:atemp>
            <ns3:hr>174</ns3:hr>
            <ns3:cad>90</ns3:cad>
          </ns3:TrackPointExtension>
        </extensions>
      </trkpt>
      <trkpt lat="34.64246523566544055938720703125" lon="135.1202487945556640625">
        <ele>4.400000095367431640625</ele>
        <time>2026-10-03T01:40:30.000Z</time>
        <extensions>
          <ns3:TrackPointExtension>
            <ns3:atemp>29.0</ns3:atemp>
            <ns3:hr>173</ns3:hr>
            <ns3:cad>89</ns3:cad>
          </ns3:TrackPointExtension>
        </extensions>
      </trkpt>
      <trkpt lat="34.64247160591185092926025390625" lon="135.12028031051158905029296875">
        <ele>4.400000095367431640625</ele>
        <time>2026-10-03T01:40:31.000Z</time>
        <extensions>
          <ns3:TrackPointExtension>
            <ns3:atemp>29.0</ns3:atemp>
            <ns3:hr>172</ns3:hr>
            <ns3:cad>90</ns3:cad>
          </ns3:TrackPointExtension>
        </extensions>
      </trkpt>
      <trkpt lat="34.6424840949475765228271484375" lon="135.12031811289489269256591796875">
        <ele>4.400000095367431640625</ele>
        <time>2026-10-03T01:40:32.000Z</time>
        <extensions>
          <ns3:TrackPointExtension>
            <ns3:atemp>29.0</ns3:atemp>
            <ns3:hr>173</ns3:hr>
            <ns3:cad>90</ns3:cad>
          </ns3:TrackPointExtension>
        </extensions>
      </trkpt>
      <trkpt lat="34.64249105192720890045166015625" lon="135.1203495450317859649658203125">
        <ele>4.19999980926513671875</ele>
        <time>2026-10-03T01:40:33.000Z</time>
        <extensions>
          <ns3:TrackPointExtension>
            <ns3:atemp>29.0</ns3:atemp>
            <ns3:hr>172</ns3:hr>
            <ns3:cad>90</ns3:cad>
          </ns3:TrackPointExtension>
        </extensions>
      </trkpt>
      <trkpt lat="34.6425042115151882171630859375" lon="135.120385251939296722412109375">
        <ele>4.19999980926513671875</ele>
        <time>2026-10-03T01:40:34.000Z</time>
        <extensions>
          <ns3:TrackPointExtension>
            <ns3:atemp>29.0</ns3:atemp>
            <ns3:hr>172</ns3:hr>
            <ns3:cad>90</ns3:cad>
          </ns3:TrackPointExtension>
        </extensions>
      </trkpt>
      <trkpt lat="34.642512090504169464111328125" lon="135.12041467241942882537841796875">
        <ele>4.400000095367431640625</ele>
        <time>2026-10-03T01:40:35.000Z</time>
        <extensions>
          <ns3:TrackPointExtension>
            <ns3:atemp>29.0</ns3:atemp>
            <ns3:hr>172</ns3:hr>
            <ns3:cad>90</ns3:cad>
          </ns3:TrackPointExtension>
        </extensions>
      </trkpt>
      <trkpt lat="34.6425219811499118804931640625" lon="135.120450295507907867431640625">
        <ele>4.400000095367431640625</ele>
        <time>2026-10-03T01:40:36.000Z</time>
        <extensions>
          <ns3:TrackPointExtension>
            <ns3:atemp>29.0</ns3:atemp>
            <ns3:hr>173</ns3:hr>
            <ns3:cad>90</ns3:cad>
          </ns3:TrackPointExtension>
        </extensions>
      </trkpt>
      <trkpt lat="34.6425273455679416656494140625" lon="135.1204826496541500091552734375">
        <ele>4.400000095367431640625</ele>
        <time>2026-10-03T01:40:37.000Z</time>
        <extensions>
          <ns3:TrackPointExtension>
            <ns3:atemp>29.0</ns3:atemp>
            <ns3:hr>173</ns3:hr>
            <ns3:cad>90</ns3:cad>
          </ns3:TrackPointExtension>
        </extensions>
      </trkpt>
      <trkpt lat="34.64253581129014492034912109375" lon="135.120516009628772735595703125">
        <ele>4.400000095367431640625</ele>
        <time>2026-10-03T01:40:38.000Z</time>
        <extensions>
          <ns3:TrackPointExtension>
            <ns3:atemp>29.0</ns3:atemp>
            <ns3:hr>173</ns3:hr>
            <ns3:cad>89</ns3:cad>
          </ns3:TrackPointExtension>
        </extensions>
      </trkpt>
      <trkpt lat="34.642545282840728759765625" lon="135.12054626829922199249267578125">
        <ele>4.400000095367431640625</ele>
        <time>2026-10-03T01:40:39.000Z</time>
        <extensions>
          <ns3:TrackPointExtension>
            <ns3:atemp>29.0</ns3:atemp>
            <ns3:hr>173</ns3:hr>
            <ns3:cad>89</ns3:cad>
          </ns3:TrackPointExtension>
        </extensions>
      </trkpt>
      <trkpt lat="34.64255400002002716064453125" lon="135.120575688779354095458984375">
        <ele>4.19999980926513671875</ele>
        <time>2026-10-03T01:40:40.000Z</time>
        <extensions>
          <ns3:TrackPointExtension>
            <ns3:atemp>29.0</ns3:atemp>
            <ns3:hr>172</ns3:hr>
            <ns3:cad>89</ns3:cad>
          </ns3:TrackPointExtension>
        </extensions>
      </trkpt>
      <trkpt lat="34.6425662375986576080322265625" lon="135.1206083782017230987548828125">
        <ele>4.19999980926513671875</ele>
        <time>2026-10-03T01:40:41.000Z</time>
        <extensions>
          <ns3:TrackPointExtension>
            <ns3:atemp>29.0</ns3:atemp>
            <ns3:hr>172</ns3:hr>
            <ns3:cad>88</ns3:cad>
          </ns3:TrackPointExtension>
        </extensions>
      </trkpt>
      <trkpt lat="34.6425746195018291473388671875" lon="135.12064148671925067901611328125">
        <ele>4.400000095367431640625</ele>
        <time>2026-10-03T01:40:42.000Z</time>
        <extensions>
          <ns3:TrackPointExtension>
            <ns3:atemp>29.0</ns3:atemp>
            <ns3:hr>173</ns3:hr>
            <ns3:cad>89</ns3:cad>
          </ns3:TrackPointExtension>
        </extensions>
      </trkpt>
      <trkpt lat="34.64258627034723758697509765625" lon="135.120674930512905120849609375">
        <ele>4.400000095367431640625</ele>
        <time>2026-10-03T01:40:43.000Z</time>
        <extensions>
          <ns3:TrackPointExtension>
            <ns3:atemp>29.0</ns3:atemp>
            <ns3:hr>173</ns3:hr>
            <ns3:cad>89</ns3:cad>
          </ns3:TrackPointExtension>
        </extensions>
      </trkpt>
      <trkpt lat="34.6425933949649333953857421875" lon="135.1207076199352741241455078125">
        <ele>4.400000095367431640625</ele>
        <time>2026-10-03T01:40:44.000Z</time>
        <extensions>
          <ns3:TrackPointExtension>
            <ns3:atemp>29.0</ns3:atemp>
            <ns3:hr>173</ns3:hr>
            <ns3:cad>89</ns3:cad>
          </ns3:TrackPointExtension>
        </extensions>
      </trkpt>
      <trkpt lat="34.6426058001816272735595703125" lon="135.12073989026248455047607421875">
        <ele>4.400000095367431640625</ele>
        <time>2026-10-03T01:40:45.000Z</time>
        <extensions>
          <ns3:TrackPointExtension>
            <ns3:atemp>29.0</ns3:atemp>
            <ns3:hr>173</ns3:hr>
            <ns3:cad>89</ns3:cad>
          </ns3:TrackPointExtension>
        </extensions>
      </trkpt>
      <trkpt lat="34.64261309243738651275634765625" lon="135.120774172246456146240234375">
        <ele>4.400000095367431640625</ele>
        <time>2026-10-03T01:40:46.000Z</time>
        <extensions>
          <ns3:TrackPointExtension>
            <ns3:atemp>29.0</ns3:atemp>
            <ns3:hr>174</ns3:hr>
            <ns3:cad>89</ns3:cad>
          </ns3:TrackPointExtension>
        </extensions>
      </trkpt>
      <trkpt lat="34.642624072730541229248046875" lon="135.12080929242074489593505859375">
        <ele>4.400000095367431640625</ele>
        <time>2026-10-03T01:40:47.000Z</time>
        <extensions>
          <ns3:TrackPointExtension>
            <ns3:atemp>29.0</ns3:atemp>
            <ns3:hr>174</ns3:hr>
            <ns3:cad>90</ns3:cad>
          </ns3:TrackPointExtension>
        </extensions>
      </trkpt>
      <trkpt lat="34.6426316164433956146240234375" lon="135.12084365822374820709228515625">
        <ele>4.400000095367431640625</ele>
        <time>2026-10-03T01:40:48.000Z</time>
        <extensions>
          <ns3:TrackPointExtension>
            <ns3:atemp>29.0</ns3:atemp>
            <ns3:hr>174</ns3:hr>
            <ns3:cad>90</ns3:cad>
          </ns3:TrackPointExtension>
        </extensions>
      </trkpt>
      <trkpt lat="34.64264251291751861572265625" lon="135.12087802402675151824951171875">
        <ele>4.400000095367431640625</ele>
        <time>2026-10-03T01:40:49.000Z</time>
        <extensions>
          <ns3:TrackPointExtension>
            <ns3:atemp>29.0</ns3:atemp>
            <ns3:hr>173</ns3:hr>
            <ns3:cad>90</ns3:cad>
          </ns3:TrackPointExtension>
        </extensions>
      </trkpt>
      <trkpt lat="34.6426500566303730010986328125" lon="135.120910294353961944580078125">
        <ele>4.400000095367431640625</ele>
        <time>2026-10-03T01:40:50.000Z</time>
        <extensions>
          <ns3:TrackPointExtension>
            <ns3:atemp>29.0</ns3:atemp>
            <ns3:hr>173</ns3:hr>
            <ns3:cad>90</ns3:cad>
          </ns3:TrackPointExtension>
        </extensions>
      </trkpt>
      <trkpt lat="34.642660953104496002197265625" lon="135.12094306759536266326904296875">
        <ele>4.400000095367431640625</ele>
        <time>2026-10-03T01:40:51.000Z</time>
        <extensions>
          <ns3:TrackPointExtension>
            <ns3:atemp>29.0</ns3:atemp>
            <ns3:hr>173</ns3:hr>
            <ns3:cad>90</ns3:cad>
          </ns3:TrackPointExtension>
        </extensions>
      </trkpt>
      <trkpt lat="34.6426664851605892181396484375" lon="135.1209743320941925048828125">
        <ele>4.400000095367431640625</ele>
        <time>2026-10-03T01:40:52.000Z</time>
        <extensions>
          <ns3:TrackPointExtension>
            <ns3:atemp>29.0</ns3:atemp>
            <ns3:hr>172</ns3:hr>
            <ns3:cad>90</ns3:cad>
          </ns3:TrackPointExtension>
        </extensions>
      </trkpt>
      <trkpt lat="34.64267696253955364227294921875" lon="135.12100777588784694671630859375">
        <ele>4.400000095367431640625</ele>
        <time>2026-10-03T01:40:53.000Z</time>
        <extensions>
          <ns3:TrackPointExtension>
            <ns3:atemp>29.0</ns3:atemp>
            <ns3:hr>172</ns3:hr>
            <ns3:cad>90</ns3:cad>
          </ns3:TrackPointExtension>
        </extensions>
      </trkpt>
      <trkpt lat="34.6426825784146785736083984375" lon="135.121039710938930511474609375">
        <ele>4.400000095367431640625</ele>
        <time>2026-10-03T01:40:54.000Z</time>
        <extensions>
          <ns3:TrackPointExtension>
            <ns3:atemp>29.0</ns3:atemp>
            <ns3:hr>172</ns3:hr>
            <ns3:cad>90</ns3:cad>
          </ns3:TrackPointExtension>
        </extensions>
      </trkpt>
      <trkpt lat="34.6426916308701038360595703125" lon="135.12107382528483867645263671875">
        <ele>4.400000095367431640625</ele>
        <time>2026-10-03T01:40:55.000Z</time>
        <extensions>
          <ns3:TrackPointExtension>
            <ns3:atemp>29.0</ns3:atemp>
            <ns3:hr>173</ns3:hr>
            <ns3:cad>90</ns3:cad>
          </ns3:TrackPointExtension>
        </extensions>
      </trkpt>
      <trkpt lat="34.642697162926197052001953125" lon="135.12110643088817596435546875">
        <ele>4.599999904632568359375</ele>
        <time>2026-10-03T01:40:56.000Z</time>
        <extensions>
          <ns3:TrackPointExtension>
            <ns3:atemp>29.0</ns3:atemp>
            <ns3:hr>173</ns3:hr>
            <ns3:cad>90</ns3:cad>
          </ns3:TrackPointExtension>
        </extensions>
      </trkpt>
      <trkpt lat="34.6427070535719394683837890625" lon="135.121142305433750152587890625">
        <ele>4.599999904632568359375</ele>
        <time>2026-10-03T01:40:57.000Z</time>
        <extensions>
          <ns3:TrackPointExtension>
            <ns3:atemp>29.0</ns3:atemp>
            <ns3:hr>173</ns3:hr>
            <ns3:cad>90</ns3:cad>
          </ns3:TrackPointExtension>
        </extensions>
      </trkpt>
      <trkpt lat="34.64271099306643009185791015625" lon="135.1211763359606266021728515625">
        <ele>4.599999904632568359375</ele>
        <time>2026-10-03T01:40:58.000Z</time>
        <extensions>
          <ns3:TrackPointExtension>
            <ns3:atemp>29.0</ns3:atemp>
            <ns3:hr>173</ns3:hr>
            <ns3:cad>90</ns3:cad>
          </ns3:TrackPointExtension>
        </extensions>
      </trkpt>
      <trkpt lat="34.64271920733153820037841796875" lon="135.12121103703975677490234375">
        <ele>4.599999904632568359375</ele>
        <time>2026-10-03T01:40:59.000Z</time>
        <extensions>
          <ns3:TrackPointExtension>
            <ns3:atemp>29.0</ns3:atemp>
            <ns3:hr>172</ns3:hr>
            <ns3:cad>90</ns3:cad>
          </ns3:TrackPointExtension>
        </extensions>
      </trkpt>
      <trkpt lat="34.6427231468260288238525390625" lon="135.12124213390052318572998046875">
        <ele>4.599999904632568359375</ele>
        <time>2026-10-03T01:41:00.000Z</time>
        <extensions>
          <ns3:TrackPointExtension>
            <ns3:atemp>29.0</ns3:atemp>
            <ns3:hr>172</ns3:hr>
            <ns3:cad>90</ns3:cad>
          </ns3:TrackPointExtension>
        </extensions>
      </trkpt>
      <trkpt lat="34.64273077435791492462158203125" lon="135.12127943336963653564453125">
        <ele>4.599999904632568359375</ele>
        <time>2026-10-03T01:41:01.000Z</time>
        <extensions>
          <ns3:TrackPointExtension>
            <ns3:atemp>29.0</ns3:atemp>
            <ns3:hr>172</ns3:hr>
            <ns3:cad>90</ns3:cad>
          </ns3:TrackPointExtension>
        </extensions>
      </trkpt>
      <trkpt lat="34.6427345462143421173095703125" lon="135.12131069786846637725830078125">
        <ele>4.599999904632568359375</ele>
        <time>2026-10-03T01:41:02.000Z</time>
        <extensions>
          <ns3:TrackPointExtension>
            <ns3:atemp>29.0</ns3:atemp>
            <ns3:hr>172</ns3:hr>
            <ns3:cad>90</ns3:cad>
          </ns3:TrackPointExtension>
        </extensions>
      </trkpt>
      <trkpt lat="34.6427415870130062103271484375" lon="135.12134472839534282684326171875">
        <ele>4.599999904632568359375</ele>
        <time>2026-10-03T01:41:03.000Z</time>
        <extensions>
          <ns3:TrackPointExtension>
            <ns3:atemp>29.0</ns3:atemp>
            <ns3:hr>173</ns3:hr>
            <ns3:cad>90</ns3:cad>
          </ns3:TrackPointExtension>
        </extensions>
      </trkpt>
      <trkpt lat="34.64274250902235507965087890625" lon="135.12137657962739467620849609375">
        <ele>4.400000095367431640625</ele>
        <time>2026-10-03T01:41:04.000Z</time>
        <extensions>
          <ns3:TrackPointExtension>
            <ns3:atemp>29.0</ns3:atemp>
            <ns3:hr>173</ns3:hr>
            <ns3:cad>90</ns3:cad>
          </ns3:TrackPointExtension>
        </extensions>
      </trkpt>
      <trkpt lat="34.642750807106494903564453125" lon="135.12141413055360317230224609375">
        <ele>4.400000095367431640625</ele>
        <time>2026-10-03T01:41:05.000Z</time>
        <extensions>
          <ns3:TrackPointExtension>
            <ns3:atemp>29.0</ns3:atemp>
            <ns3:hr>173</ns3:hr>
            <ns3:cad>90</ns3:cad>
          </ns3:TrackPointExtension>
        </extensions>
      </trkpt>
      <trkpt lat="34.64275390841066837310791015625" lon="135.12144581414759159088134765625">
        <ele>4.19999980926513671875</ele>
        <time>2026-10-03T01:41:06.000Z</time>
        <extensions>
          <ns3:TrackPointExtension>
            <ns3:atemp>29.0</ns3:atemp>
            <ns3:hr>173</ns3:hr>
            <ns3:cad>89</ns3:cad>
          </ns3:TrackPointExtension>
        </extensions>
      </trkpt>
      <trkpt lat="34.642763547599315643310546875" lon="135.1214814372360706329345703125">
        <ele>4.19999980926513671875</ele>
        <time>2026-10-03T01:41:07.000Z</time>
        <extensions>
          <ns3:TrackPointExtension>
            <ns3:atemp>29.0</ns3:atemp>
            <ns3:hr>172</ns3:hr>
            <ns3:cad>90</ns3:cad>
          </ns3:TrackPointExtension>
        </extensions>
      </trkpt>
      <trkpt lat="34.6427674032747745513916015625" lon="135.12151387520134449005126953125">
        <ele>4.19999980926513671875</ele>
        <time>2026-10-03T01:41:08.000Z</time>
        <extensions>
          <ns3:TrackPointExtension>
            <ns3:atemp>29.0</ns3:atemp>
            <ns3:hr>172</ns3:hr>
            <ns3:cad>90</ns3:cad>
          </ns3:TrackPointExtension>
        </extensions>
      </trkpt>
      <trkpt lat="34.6427720971405506134033203125" lon="135.12154991738498210906982421875">
        <ele>4.19999980926513671875</ele>
        <time>2026-10-03T01:41:09.000Z</time>
        <extensions>
          <ns3:TrackPointExtension>
            <ns3:atemp>29.0</ns3:atemp>
            <ns3:hr>172</ns3:hr>
            <ns3:cad>90</ns3:cad>
          </ns3:TrackPointExtension>
        </extensions>
      </trkpt>
      <trkpt lat="34.64277419261634349822998046875" lon="135.12158042751252651214599609375">
        <ele>4.400000095367431640625</ele>
        <time>2026-10-03T01:41:10.000Z</time>
        <extensions>
          <ns3:TrackPointExtension>
            <ns3:atemp>29.0</ns3:atemp>
            <ns3:hr>172</ns3:hr>
            <ns3:cad>90</ns3:cad>
          </ns3:TrackPointExtension>
        </extensions>
      </trkpt>
      <trkpt lat="34.6427814848721027374267578125" lon="135.12161630205810070037841796875">
        <ele>4.400000095367431640625</ele>
        <time>2026-10-03T01:41:11.000Z</time>
        <extensions>
          <ns3:TrackPointExtension>
            <ns3:atemp>29.0</ns3:atemp>
            <ns3:hr>172</ns3:hr>
            <ns3:cad>90</ns3:cad>
          </ns3:TrackPointExtension>
        </extensions>
      </trkpt>
      <trkpt lat="34.64278466999530792236328125" lon="135.12164957821369171142578125">
        <ele>4.400000095367431640625</ele>
        <time>2026-10-03T01:41:12.000Z</time>
        <extensions>
          <ns3:TrackPointExtension>
            <ns3:atemp>29.0</ns3:atemp>
            <ns3:hr>172</ns3:hr>
            <ns3:cad>90</ns3:cad>
          </ns3:TrackPointExtension>
        </extensions>
      </trkpt>
      <trkpt lat="34.642793051898479461669921875" lon="135.1216849498450756072998046875">
        <ele>4.400000095367431640625</ele>
        <time>2026-10-03T01:41:13.000Z</time>
        <extensions>
          <ns3:TrackPointExtension>
            <ns3:atemp>29.0</ns3:atemp>
            <ns3:hr>171</ns3:hr>
            <ns3:cad>90</ns3:cad>
          </ns3:TrackPointExtension>
        </extensions>
      </trkpt>
      <trkpt lat="34.64279514737427234649658203125" lon="135.1217184774577617645263671875">
        <ele>4.599999904632568359375</ele>
        <time>2026-10-03T01:41:14.000Z</time>
        <extensions>
          <ns3:TrackPointExtension>
            <ns3:atemp>29.0</ns3:atemp>
            <ns3:hr>170</ns3:hr>
            <ns3:cad>90</ns3:cad>
          </ns3:TrackPointExtension>
        </extensions>
      </trkpt>
      <trkpt lat="34.64280269108712673187255859375" lon="135.1217530108988285064697265625">
        <ele>4.599999904632568359375</ele>
        <time>2026-10-03T01:41:15.000Z</time>
        <extensions>
          <ns3:TrackPointExtension>
            <ns3:atemp>29.0</ns3:atemp>
            <ns3:hr>170</ns3:hr>
            <ns3:cad>90</ns3:cad>
          </ns3:TrackPointExtension>
        </extensions>
      </trkpt>
      <trkpt lat="34.642804451286792755126953125" lon="135.1217868737876415252685546875">
        <ele>4.599999904632568359375</ele>
        <time>2026-10-03T01:41:16.000Z</time>
        <extensions>
          <ns3:TrackPointExtension>
            <ns3:atemp>29.0</ns3:atemp>
            <ns3:hr>171</ns3:hr>
            <ns3:cad>90</ns3:cad>
          </ns3:TrackPointExtension>
        </extensions>
      </trkpt>
      <trkpt lat="34.642810821533203125" lon="135.121822915971279144287109375">
        <ele>4.599999904632568359375</ele>
        <time>2026-10-03T01:41:17.000Z</time>
        <extensions>
          <ns3:TrackPointExtension>
            <ns3:atemp>29.0</ns3:atemp>
            <ns3:hr>171</ns3:hr>
            <ns3:cad>90</ns3:cad>
          </ns3:TrackPointExtension>
        </extensions>
      </trkpt>
      <trkpt lat="34.6428116597235202789306640625" lon="135.12185770086944103240966796875">
        <ele>4.599999904632568359375</ele>
        <time>2026-10-03T01:41:18.000Z</time>
        <extensions>
          <ns3:TrackPointExtension>
            <ns3:atemp>29.0</ns3:atemp>
            <ns3:hr>172</ns3:hr>
            <ns3:cad>90</ns3:cad>
          </ns3:TrackPointExtension>
        </extensions>
      </trkpt>
      <trkpt lat="34.6428163535892963409423828125" lon="135.12189231812953948974609375">
        <ele>4.599999904632568359375</ele>
        <time>2026-10-03T01:41:19.000Z</time>
        <extensions>
          <ns3:TrackPointExtension>
            <ns3:atemp>29.0</ns3:atemp>
            <ns3:hr>173</ns3:hr>
            <ns3:cad>90</ns3:cad>
          </ns3:TrackPointExtension>
        </extensions>
      </trkpt>
      <trkpt lat="34.64281995780766010284423828125" lon="135.1219266839325428009033203125">
        <ele>4.599999904632568359375</ele>
        <time>2026-10-03T01:41:20.000Z</time>
        <extensions>
          <ns3:TrackPointExtension>
            <ns3:atemp>29.0</ns3:atemp>
            <ns3:hr>172</ns3:hr>
            <ns3:cad>90</ns3:cad>
          </ns3:TrackPointExtension>
        </extensions>
      </trkpt>
      <trkpt lat="34.6428264118731021881103515625" lon="135.1219618879258632659912109375">
        <ele>4.599999904632568359375</ele>
        <time>2026-10-03T01:41:21.000Z</time>
        <extensions>
          <ns3:TrackPointExtension>
            <ns3:atemp>29.0</ns3:atemp>
            <ns3:hr>172</ns3:hr>
            <ns3:cad>90</ns3:cad>
          </ns3:TrackPointExtension>
        </extensions>
      </trkpt>
      <trkpt lat="34.6428270824253559112548828125" lon="135.12199248187243938446044921875">
        <ele>4.599999904632568359375</ele>
        <time>2026-10-03T01:41:22.000Z</time>
        <extensions>
          <ns3:TrackPointExtension>
            <ns3:atemp>29.0</ns3:atemp>
            <ns3:hr>172</ns3:hr>
            <ns3:cad>89</ns3:cad>
          </ns3:TrackPointExtension>
        </extensions>
      </trkpt>
      <trkpt lat="34.642833955585956573486328125" lon="135.12202911078929901123046875">
        <ele>4.599999904632568359375</ele>
        <time>2026-10-03T01:41:23.000Z</time>
        <extensions>
          <ns3:TrackPointExtension>
            <ns3:atemp>29.0</ns3:atemp>
            <ns3:hr>172</ns3:hr>
            <ns3:cad>89</ns3:cad>
          </ns3:TrackPointExtension>
        </extensions>
      </trkpt>
      <trkpt lat="34.64283429086208343505859375" lon="135.12205886654555797576904296875">
        <ele>4.599999904632568359375</ele>
        <time>2026-10-03T01:41:24.000Z</time>
        <extensions>
          <ns3:TrackPointExtension>
            <ns3:atemp>29.0</ns3:atemp>
            <ns3:hr>172</ns3:hr>
            <ns3:cad>88</ns3:cad>
          </ns3:TrackPointExtension>
        </extensions>
      </trkpt>
      <trkpt lat="34.6428414992988109588623046875" lon="135.12209742330014705657958984375">
        <ele>4.599999904632568359375</ele>
        <time>2026-10-03T01:41:25.000Z</time>
        <extensions>
          <ns3:TrackPointExtension>
            <ns3:atemp>29.0</ns3:atemp>
            <ns3:hr>172</ns3:hr>
            <ns3:cad>88</ns3:cad>
          </ns3:TrackPointExtension>
        </extensions>
      </trkpt>
      <trkpt lat="34.6428414992988109588623046875" lon="135.12212776578962802886962890625">
        <ele>4.599999904632568359375</ele>
        <time>2026-10-03T01:41:26.000Z</time>
        <extensions>
          <ns3:TrackPointExtension>
            <ns3:atemp>29.0</ns3:atemp>
            <ns3:hr>173</ns3:hr>
            <ns3:cad>88</ns3:cad>
          </ns3:TrackPointExtension>
        </extensions>
      </trkpt>
      <trkpt lat="34.6428482048213481903076171875" lon="135.1221677474677562713623046875">
        <ele>4.599999904632568359375</ele>
        <time>2026-10-03T01:41:27.000Z</time>
        <extensions>
          <ns3:TrackPointExtension>
            <ns3:atemp>29.0</ns3:atemp>
            <ns3:hr>174</ns3:hr>
            <ns3:cad>89</ns3:cad>
          </ns3:TrackPointExtension>
        </extensions>
      </trkpt>
      <trkpt lat="34.6428475342690944671630859375" lon="135.1221989281475543975830078125">
        <ele>4.599999904632568359375</ele>
        <time>2026-10-03T01:41:28.000Z</time>
        <extensions>
          <ns3:TrackPointExtension>
            <ns3:atemp>29.0</ns3:atemp>
            <ns3:hr>174</ns3:hr>
            <ns3:cad>89</ns3:cad>
          </ns3:TrackPointExtension>
        </extensions>
      </trkpt>
      <trkpt lat="34.6428535692393779754638671875" lon="135.12223958037793636322021484375">
        <ele>4.599999904632568359375</ele>
        <time>2026-10-03T01:41:29.000Z</time>
        <extensions>
          <ns3:TrackPointExtension>
            <ns3:atemp>29.0</ns3:atemp>
            <ns3:hr>175</ns3:hr>
            <ns3:cad>89</ns3:cad>
          </ns3:TrackPointExtension>
        </extensions>
      </trkpt>
      <trkpt lat="34.6428545750677585601806640625" lon="135.1222676597535610198974609375">
        <ele>4.599999904632568359375</ele>
        <time>2026-10-03T01:41:30.000Z</time>
        <extensions>
          <ns3:TrackPointExtension>
            <ns3:atemp>29.0</ns3:atemp>
            <ns3:hr>175</ns3:hr>
            <ns3:cad>89</ns3:cad>
          </ns3:TrackPointExtension>
        </extensions>
      </trkpt>
      <trkpt lat="34.642859436571598052978515625" lon="135.12230847962200641632080078125">
        <ele>4.599999904632568359375</ele>
        <time>2026-10-03T01:41:31.000Z</time>
        <extensions>
          <ns3:TrackPointExtension>
            <ns3:atemp>29.0</ns3:atemp>
            <ns3:hr>175</ns3:hr>
            <ns3:cad>89</ns3:cad>
          </ns3:TrackPointExtension>
        </extensions>
      </trkpt>
      <trkpt lat="34.6428549103438854217529296875" lon="135.1223380677402019500732421875">
        <ele>4.599999904632568359375</ele>
        <time>2026-10-03T01:41:32.000Z</time>
        <extensions>
          <ns3:TrackPointExtension>
            <ns3:atemp>29.0</ns3:atemp>
            <ns3:hr>175</ns3:hr>
            <ns3:cad>89</ns3:cad>
          </ns3:TrackPointExtension>
        </extensions>
      </trkpt>
      <trkpt lat="34.64285801164805889129638671875" lon="135.12237939052283763885498046875">
        <ele>4.599999904632568359375</ele>
        <time>2026-10-03T01:41:33.000Z</time>
        <extensions>
          <ns3:TrackPointExtension>
            <ns3:atemp>29.0</ns3:atemp>
            <ns3:hr>174</ns3:hr>
            <ns3:cad>89</ns3:cad>
          </ns3:TrackPointExtension>
        </extensions>
      </trkpt>
      <trkpt lat="34.6428545750677585601806640625" lon="135.1224088110029697418212890625">
        <ele>4.599999904632568359375</ele>
        <time>2026-10-03T01:41:34.000Z</time>
        <extensions>
          <ns3:TrackPointExtension>
            <ns3:atemp>29.0</ns3:atemp>
            <ns3:hr>174</ns3:hr>
            <ns3:cad>89</ns3:cad>
          </ns3:TrackPointExtension>
        </extensions>
      </trkpt>
      <trkpt lat="34.64285851456224918365478515625" lon="135.1224482059478759765625">
        <ele>4.599999904632568359375</ele>
        <time>2026-10-03T01:41:35.000Z</time>
        <extensions>
          <ns3:TrackPointExtension>
            <ns3:atemp>29.0</ns3:atemp>
            <ns3:hr>174</ns3:hr>
            <ns3:cad>89</ns3:cad>
          </ns3:TrackPointExtension>
        </extensions>
      </trkpt>
      <trkpt lat="34.6428562514483928680419921875" lon="135.12247796170413494110107421875">
        <ele>4.599999904632568359375</ele>
        <time>2026-10-03T01:41:36.000Z</time>
        <extensions>
          <ns3:TrackPointExtension>
            <ns3:atemp>29.0</ns3:atemp>
            <ns3:hr>174</ns3:hr>
            <ns3:cad>89</ns3:cad>
          </ns3:TrackPointExtension>
        </extensions>
      </trkpt>
      <trkpt lat="34.64285817928612232208251953125" lon="135.12251836247742176055908203125">
        <ele>4.599999904632568359375</ele>
        <time>2026-10-03T01:41:37.000Z</time>
        <extensions>
          <ns3:TrackPointExtension>
            <ns3:atemp>29.0</ns3:atemp>
            <ns3:hr>174</ns3:hr>
            <ns3:cad>89</ns3:cad>
          </ns3:TrackPointExtension>
        </extensions>
      </trkpt>
      <trkpt lat="34.6428562514483928680419921875" lon="135.12254887260496616363525390625">
        <ele>4.599999904632568359375</ele>
        <time>2026-10-03T01:41:38.000Z</time>
        <extensions>
          <ns3:TrackPointExtension>
            <ns3:atemp>29.0</ns3:atemp>
            <ns3:hr>174</ns3:hr>
            <ns3:cad>89</ns3:cad>
          </ns3:TrackPointExtension>
        </extensions>
      </trkpt>
      <trkpt lat="34.6428565867245197296142578125" lon="135.12258759699761867523193359375">
        <ele>4.80000019073486328125</ele>
        <time>2026-10-03T01:41:39.000Z</time>
        <extensions>
          <ns3:TrackPointExtension>
            <ns3:atemp>29.0</ns3:atemp>
            <ns3:hr>173</ns3:hr>
            <ns3:cad>89</ns3:cad>
          </ns3:TrackPointExtension>
        </extensions>
      </trkpt>
      <trkpt lat="34.64285750873386859893798828125" lon="135.12261944822967052459716796875">
        <ele>4.80000019073486328125</ele>
        <time>2026-10-03T01:41:40.000Z</time>
        <extensions>
          <ns3:TrackPointExtension>
            <ns3:atemp>29.0</ns3:atemp>
            <ns3:hr>173</ns3:hr>
            <ns3:cad>89</ns3:cad>
          </ns3:TrackPointExtension>
        </extensions>
      </trkpt>
      <trkpt lat="34.642856083810329437255859375" lon="135.12265213765203952789306640625">
        <ele>4.80000019073486328125</ele>
        <time>2026-10-03T01:41:41.000Z</time>
        <extensions>
          <ns3:TrackPointExtension>
            <ns3:atemp>29.0</ns3:atemp>
            <ns3:hr>173</ns3:hr>
            <ns3:cad>88</ns3:cad>
          </ns3:TrackPointExtension>
        </extensions>
      </trkpt>
      <trkpt lat="34.64285901747643947601318359375" lon="135.122685916721820831298828125">
        <ele>4.80000019073486328125</ele>
        <time>2026-10-03T01:41:42.000Z</time>
        <extensions>
          <ns3:TrackPointExtension>
            <ns3:atemp>29.0</ns3:atemp>
            <ns3:hr>174</ns3:hr>
            <ns3:cad>88</ns3:cad>
          </ns3:TrackPointExtension>
        </extensions>
      </trkpt>
      <trkpt lat="34.6428577601909637451171875" lon="135.1227186061441898345947265625">
        <ele>4.80000019073486328125</ele>
        <time>2026-10-03T01:41:43.000Z</time>
        <extensions>
          <ns3:TrackPointExtension>
            <ns3:atemp>29.0</ns3:atemp>
            <ns3:hr>174</ns3:hr>
            <ns3:cad>88</ns3:cad>
          </ns3:TrackPointExtension>
        </extensions>
      </trkpt>
      <trkpt lat="34.64285968802869319915771484375" lon="135.12275288812816143035888671875">
        <ele>4.599999904632568359375</ele>
        <time>2026-10-03T01:41:44.000Z</time>
        <extensions>
          <ns3:TrackPointExtension>
            <ns3:atemp>29.0</ns3:atemp>
            <ns3:hr>174</ns3:hr>
            <ns3:cad>88</ns3:cad>
          </ns3:TrackPointExtension>
        </extensions>
      </trkpt>
      <trkpt lat="34.6428559161722660064697265625" lon="135.122784487903118133544921875">
        <ele>4.599999904632568359375</ele>
        <time>2026-10-03T01:41:45.000Z</time>
        <extensions>
          <ns3:TrackPointExtension>
            <ns3:atemp>29.0</ns3:atemp>
            <ns3:hr>174</ns3:hr>
            <ns3:cad>88</ns3:cad>
          </ns3:TrackPointExtension>
        </extensions>
      </trkpt>
      <trkpt lat="34.642860107123851776123046875" lon="135.12282170355319976806640625">
        <ele>4.599999904632568359375</ele>
        <time>2026-10-03T01:41:46.000Z</time>
        <extensions>
          <ns3:TrackPointExtension>
            <ns3:atemp>29.0</ns3:atemp>
            <ns3:hr>174</ns3:hr>
            <ns3:cad>88</ns3:cad>
          </ns3:TrackPointExtension>
        </extensions>
      </trkpt>
      <trkpt lat="34.64285968802869319915771484375" lon="135.1228537224233150482177734375">
        <ele>4.80000019073486328125</ele>
        <time>2026-10-03T01:41:47.000Z</time>
        <extensions>
          <ns3:TrackPointExtension>
            <ns3:atemp>29.0</ns3:atemp>
            <ns3:hr>175</ns3:hr>
            <ns3:cad>89</ns3:cad>
          </ns3:TrackPointExtension>
        </extensions>
      </trkpt>
      <trkpt lat="34.6428666450083255767822265625" lon="135.12288951314985752105712890625">
        <ele>4.80000019073486328125</ele>
        <time>2026-10-03T01:41:48.000Z</time>
        <extensions>
          <ns3:TrackPointExtension>
            <ns3:atemp>29.0</ns3:atemp>
            <ns3:hr>175</ns3:hr>
            <ns3:cad>89</ns3:cad>
          </ns3:TrackPointExtension>
        </extensions>
      </trkpt>
      <trkpt lat="34.6428713388741016387939453125" lon="135.122922956943511962890625">
        <ele>5</ele>
        <time>2026-10-03T01:41:49.000Z</time>
        <extensions>
          <ns3:TrackPointExtension>
            <ns3:atemp>29.0</ns3:atemp>
            <ns3:hr>175</ns3:hr>
            <ns3:cad>90</ns3:cad>
          </ns3:TrackPointExtension>
        </extensions>
      </trkpt>
      <trkpt lat="34.642874859273433685302734375" lon="135.12296042405068874359130859375">
        <ele>5</ele>
        <time>2026-10-03T01:41:50.000Z</time>
        <extensions>
          <ns3:TrackPointExtension>
            <ns3:atemp>29.0</ns3:atemp>
            <ns3:hr>173</ns3:hr>
            <ns3:cad>90</ns3:cad>
          </ns3:TrackPointExtension>
        </extensions>
      </trkpt>
      <trkpt lat="34.642867483198642730712890625" lon="135.1229965500533580780029296875">
        <ele>5.19999980926513671875</ele>
        <time>2026-10-03T01:41:51.000Z</time>
        <extensions>
          <ns3:TrackPointExtension>
            <ns3:atemp>29.0</ns3:atemp>
            <ns3:hr>174</ns3:hr>
            <ns3:cad>90</ns3:cad>
          </ns3:TrackPointExtension>
        </extensions>
      </trkpt>
      <trkpt lat="34.6428642980754375457763671875" lon="135.123033262789249420166015625">
        <ele>5.19999980926513671875</ele>
        <time>2026-10-03T01:41:52.000Z</time>
        <extensions>
          <ns3:TrackPointExtension>
            <ns3:atemp>29.0</ns3:atemp>
            <ns3:hr>173</ns3:hr>
            <ns3:cad>91</ns3:cad>
          </ns3:TrackPointExtension>
        </extensions>
      </trkpt>
      <trkpt lat="34.64285599999129772186279296875" lon="135.1230652816593647003173828125">
        <ele>5.19999980926513671875</ele>
        <time>2026-10-03T01:41:53.000Z</time>
        <extensions>
          <ns3:TrackPointExtension>
            <ns3:atemp>29.0</ns3:atemp>
            <ns3:hr>173</ns3:hr>
            <ns3:cad>90</ns3:cad>
          </ns3:TrackPointExtension>
        </extensions>
      </trkpt>
      <trkpt lat="34.642851389944553375244140625" lon="135.123100318014621734619140625">
        <ele>5.19999980926513671875</ele>
        <time>2026-10-03T01:41:54.000Z</time>
        <extensions>
          <ns3:TrackPointExtension>
            <ns3:atemp>29.0</ns3:atemp>
            <ns3:hr>173</ns3:hr>
            <ns3:cad>90</ns3:cad>
          </ns3:TrackPointExtension>
        </extensions>
      </trkpt>
      <trkpt lat="34.64284292422235012054443359375" lon="135.1231320016086101531982421875">
        <ele>5.19999980926513671875</ele>
        <time>2026-10-03T01:41:55.000Z</time>
        <extensions>
          <ns3:TrackPointExtension>
            <ns3:atemp>29.0</ns3:atemp>
            <ns3:hr>174</ns3:hr>
            <ns3:cad>90</ns3:cad>
          </ns3:TrackPointExtension>
        </extensions>
      </trkpt>
      <trkpt lat="34.642843343317508697509765625" lon="135.12317114509642124176025390625">
        <ele>5</ele>
        <time>2026-10-03T01:41:56.000Z</time>
        <extensions>
          <ns3:TrackPointExtension>
            <ns3:atemp>29.0</ns3:atemp>
            <ns3:hr>174</ns3:hr>
            <ns3:cad>89</ns3:cad>
          </ns3:TrackPointExtension>
        </extensions>
      </trkpt>
      <trkpt lat="34.642837308347225189208984375" lon="135.12320299632847309112548828125">
        <ele>5</ele>
        <time>2026-10-03T01:41:57.000Z</time>
        <extensions>
          <ns3:TrackPointExtension>
            <ns3:atemp>29.0</ns3:atemp>
            <ns3:hr>174</ns3:hr>
            <ns3:cad>89</ns3:cad>
          </ns3:TrackPointExtension>
        </extensions>
      </trkpt>
      <trkpt lat="34.64283722452819347381591796875" lon="135.123241804540157318115234375">
        <ele>5</ele>
        <time>2026-10-03T01:41:58.000Z</time>
        <extensions>
          <ns3:TrackPointExtension>
            <ns3:atemp>29.0</ns3:atemp>
            <ns3:hr>176</ns3:hr>
            <ns3:cad>89</ns3:cad>
          </ns3:TrackPointExtension>
        </extensions>
      </trkpt>
      <trkpt lat="34.6428304351866245269775390625" lon="135.12327139265835285186767578125">
        <ele>5</ele>
        <time>2026-10-03T01:41:59.000Z</time>
        <extensions>
          <ns3:TrackPointExtension>
            <ns3:atemp>29.0</ns3:atemp>
            <ns3:hr>175</ns3:hr>
            <ns3:cad>89</ns3:cad>
          </ns3:TrackPointExtension>
        </extensions>
      </trkpt>
      <trkpt lat="34.642829261720180511474609375" lon="135.12331061996519565582275390625">
        <ele>5</ele>
        <time>2026-10-03T01:42:00.000Z</time>
        <extensions>
          <ns3:TrackPointExtension>
            <ns3:atemp>29.0</ns3:atemp>
            <ns3:hr>176</ns3:hr>
            <ns3:cad>89</ns3:cad>
          </ns3:TrackPointExtension>
        </extensions>
      </trkpt>
      <trkpt lat="34.64282364584505558013916015625" lon="135.12334330938756465911865234375">
        <ele>5</ele>
        <time>2026-10-03T01:42:01.000Z</time>
        <extensions>
          <ns3:TrackPointExtension>
            <ns3:atemp>29.0</ns3:atemp>
            <ns3:hr>175</ns3:hr>
            <ns3:cad>90</ns3:cad>
          </ns3:TrackPointExtension>
        </extensions>
      </trkpt>
      <trkpt lat="34.64282264001667499542236328125" lon="135.12338186614215373992919921875">
        <ele>5</ele>
        <time>2026-10-03T01:42:02.000Z</time>
        <extensions>
          <ns3:TrackPointExtension>
            <ns3:atemp>29.0</ns3:atemp>
            <ns3:hr>174</ns3:hr>
            <ns3:cad>90</ns3:cad>
          </ns3:TrackPointExtension>
        </extensions>
      </trkpt>
      <trkpt lat="34.64281794615089893341064453125" lon="135.12341556139290332794189453125">
        <ele>4.80000019073486328125</ele>
        <time>2026-10-03T01:42:03.000Z</time>
        <extensions>
          <ns3:TrackPointExtension>
            <ns3:atemp>29.0</ns3:atemp>
            <ns3:hr>174</ns3:hr>
            <ns3:cad>90</ns3:cad>
          </ns3:TrackPointExtension>
        </extensions>
      </trkpt>
      <trkpt lat="34.64281643740832805633544921875" lon="135.12345327995717525482177734375">
        <ele>4.80000019073486328125</ele>
        <time>2026-10-03T01:42:04.000Z</time>
        <extensions>
          <ns3:TrackPointExtension>
            <ns3:atemp>29.0</ns3:atemp>
            <ns3:hr>174</ns3:hr>
            <ns3:cad>90</ns3:cad>
          </ns3:TrackPointExtension>
        </extensions>
      </trkpt>
      <trkpt lat="34.64280721731483936309814453125" lon="135.123481862246990203857421875">
        <ele>4.80000019073486328125</ele>
        <time>2026-10-03T01:42:05.000Z</time>
        <extensions>
          <ns3:TrackPointExtension>
            <ns3:atemp>29.0</ns3:atemp>
            <ns3:hr>173</ns3:hr>
            <ns3:cad>90</ns3:cad>
          </ns3:TrackPointExtension>
        </extensions>
      </trkpt>
      <trkpt lat="34.64280151762068271636962890625" lon="135.12351765297353267669677734375">
        <ele>4.80000019073486328125</ele>
        <time>2026-10-03T01:42:06.000Z</time>
        <extensions>
          <ns3:TrackPointExtension>
            <ns3:atemp>29.0</ns3:atemp>
            <ns3:hr>173</ns3:hr>
            <ns3:cad>90</ns3:cad>
          </ns3:TrackPointExtension>
        </extensions>
      </trkpt>
      <trkpt lat="34.6427928842604160308837890625" lon="135.12354531325399875640869140625">
        <ele>4.80000019073486328125</ele>
        <time>2026-10-03T01:42:07.000Z</time>
        <extensions>
          <ns3:TrackPointExtension>
            <ns3:atemp>29.0</ns3:atemp>
            <ns3:hr>173</ns3:hr>
            <ns3:cad>90</ns3:cad>
          </ns3:TrackPointExtension>
        </extensions>
      </trkpt>
      <trkpt lat="34.642789363861083984375" lon="135.12358479201793670654296875">
        <ele>4.80000019073486328125</ele>
        <time>2026-10-03T01:42:08.000Z</time>
        <extensions>
          <ns3:TrackPointExtension>
            <ns3:atemp>29.0</ns3:atemp>
            <ns3:hr>174</ns3:hr>
            <ns3:cad>89</ns3:cad>
          </ns3:TrackPointExtension>
        </extensions>
      </trkpt>
      <trkpt lat="34.642780981957912445068359375" lon="135.12361287139356136322021484375">
        <ele>4.80000019073486328125</ele>
        <time>2026-10-03T01:42:09.000Z</time>
        <extensions>
          <ns3:TrackPointExtension>
            <ns3:atemp>29.0</ns3:atemp>
            <ns3:hr>174</ns3:hr>
            <ns3:cad>89</ns3:cad>
          </ns3:TrackPointExtension>
        </extensions>
      </trkpt>
      <trkpt lat="34.64277603663504123687744140625" lon="135.123652853071689605712890625">
        <ele>5</ele>
        <time>2026-10-03T01:42:10.000Z</time>
        <extensions>
          <ns3:TrackPointExtension>
            <ns3:atemp>29.0</ns3:atemp>
            <ns3:hr>174</ns3:hr>
            <ns3:cad>89</ns3:cad>
          </ns3:TrackPointExtension>
        </extensions>
      </trkpt>
      <trkpt lat="34.6427653916180133819580078125" lon="135.12367959134280681610107421875">
        <ele>5</ele>
        <time>2026-10-03T01:42:11.000Z</time>
        <extensions>
          <ns3:TrackPointExtension>
            <ns3:atemp>29.0</ns3:atemp>
            <ns3:hr>175</ns3:hr>
            <ns3:cad>89</ns3:cad>
          </ns3:TrackPointExtension>
        </extensions>
      </trkpt>
      <trkpt lat="34.64275843463838100433349609375" lon="135.1237190701067447662353515625">
        <ele>5</ele>
        <time>2026-10-03T01:42:12.000Z</time>
        <extensions>
          <ns3:TrackPointExtension>
            <ns3:atemp>29.0</ns3:atemp>
            <ns3:hr>175</ns3:hr>
            <ns3:cad>89</ns3:cad>
          </ns3:TrackPointExtension>
        </extensions>
      </trkpt>
      <trkpt lat="34.642748795449733734130859375" lon="135.12374966405332088470458984375">
        <ele>5</ele>
        <time>2026-10-03T01:42:13.000Z</time>
        <extensions>
          <ns3:TrackPointExtension>
            <ns3:atemp>29.0</ns3:atemp>
            <ns3:hr>175</ns3:hr>
            <ns3:cad>90</ns3:cad>
          </ns3:TrackPointExtension>
        </extensions>
      </trkpt>
      <trkpt lat="34.64274150319397449493408203125" lon="135.12378889136016368865966796875">
        <ele>5.19999980926513671875</ele>
        <time>2026-10-03T01:42:14.000Z</time>
        <extensions>
          <ns3:TrackPointExtension>
            <ns3:atemp>29.0</ns3:atemp>
            <ns3:hr>175</ns3:hr>
            <ns3:cad>90</ns3:cad>
          </ns3:TrackPointExtension>
        </extensions>
      </trkpt>
      <trkpt lat="34.64273312129080295562744140625" lon="135.12381873093545436859130859375">
        <ele>5.19999980926513671875</ele>
        <time>2026-10-03T01:42:15.000Z</time>
        <extensions>
          <ns3:TrackPointExtension>
            <ns3:atemp>29.0</ns3:atemp>
            <ns3:hr>175</ns3:hr>
            <ns3:cad>91</ns3:cad>
          </ns3:TrackPointExtension>
        </extensions>
      </trkpt>
      <trkpt lat="34.64272775687277317047119140625" lon="135.12385963462293148040771484375">
        <ele>5.19999980926513671875</ele>
        <time>2026-10-03T01:42:16.000Z</time>
        <extensions>
          <ns3:TrackPointExtension>
            <ns3:atemp>29.0</ns3:atemp>
            <ns3:hr>174</ns3:hr>
            <ns3:cad>91</ns3:cad>
          </ns3:TrackPointExtension>
        </extensions>
      </trkpt>
      <trkpt lat="34.64271903969347476959228515625" lon="135.1238914020359516143798828125">
        <ele>5.19999980926513671875</ele>
        <time>2026-10-03T01:42:17.000Z</time>
        <extensions>
          <ns3:TrackPointExtension>
            <ns3:atemp>29.0</ns3:atemp>
            <ns3:hr>174</ns3:hr>
            <ns3:cad>91</ns3:cad>
          </ns3:TrackPointExtension>
        </extensions>
      </trkpt>
      <trkpt lat="34.6427157707512378692626953125" lon="135.12392970733344554901123046875">
        <ele>5.19999980926513671875</ele>
        <time>2026-10-03T01:42:18.000Z</time>
        <extensions>
          <ns3:TrackPointExtension>
            <ns3:atemp>29.0</ns3:atemp>
            <ns3:hr>174</ns3:hr>
            <ns3:cad>91</ns3:cad>
          </ns3:TrackPointExtension>
        </extensions>
      </trkpt>
      <trkpt lat="34.64270613156259059906005859375" lon="135.123957954347133636474609375">
        <ele>5</ele>
        <time>2026-10-03T01:42:19.000Z</time>
        <extensions>
          <ns3:TrackPointExtension>
            <ns3:atemp>29.0</ns3:atemp>
            <ns3:hr>174</ns3:hr>
            <ns3:cad>91</ns3:cad>
          </ns3:TrackPointExtension>
        </extensions>
      </trkpt>
      <trkpt lat="34.6427033655345439910888671875" lon="135.12399676255881786346435546875">
        <ele>5.19999980926513671875</ele>
        <time>2026-10-03T01:42:20.000Z</time>
        <extensions>
          <ns3:TrackPointExtension>
            <ns3:atemp>29.0</ns3:atemp>
            <ns3:hr>174</ns3:hr>
            <ns3:cad>91</ns3:cad>
          </ns3:TrackPointExtension>
        </extensions>
      </trkpt>
      <trkpt lat="34.64269489981234073638916015625" lon="135.1240261830389499664306640625">
        <ele>5.19999980926513671875</ele>
        <time>2026-10-03T01:42:21.000Z</time>
        <extensions>
          <ns3:TrackPointExtension>
            <ns3:atemp>29.0</ns3:atemp>
            <ns3:hr>176</ns3:hr>
            <ns3:cad>90</ns3:cad>
          </ns3:TrackPointExtension>
        </extensions>
      </trkpt>
      <trkpt lat="34.64268953539431095123291015625" lon="135.12406717054545879364013671875">
        <ele>5.19999980926513671875</ele>
        <time>2026-10-03T01:42:22.000Z</time>
        <extensions>
          <ns3:TrackPointExtension>
            <ns3:atemp>29.0</ns3:atemp>
            <ns3:hr>175</ns3:hr>
            <ns3:cad>89</ns3:cad>
          </ns3:TrackPointExtension>
        </extensions>
      </trkpt>
      <trkpt lat="34.64268065057694911956787109375" lon="135.12409734539687633514404296875">
        <ele>5.19999980926513671875</ele>
        <time>2026-10-03T01:42:23.000Z</time>
        <extensions>
          <ns3:TrackPointExtension>
            <ns3:atemp>29.0</ns3:atemp>
            <ns3:hr>176</ns3:hr>
            <ns3:cad>89</ns3:cad>
          </ns3:TrackPointExtension>
        </extensions>
      </trkpt>
      <trkpt lat="34.6426731906831264495849609375" lon="135.12414227239787578582763671875">
        <ele>5.19999980926513671875</ele>
        <time>2026-10-03T01:42:24.000Z</time>
        <extensions>
          <ns3:TrackPointExtension>
            <ns3:atemp>29.0</ns3:atemp>
            <ns3:hr>175</ns3:hr>
            <ns3:cad>89</ns3:cad>
          </ns3:TrackPointExtension>
        </extensions>
      </trkpt>
      <trkpt lat="34.6426658146083354949951171875" lon="135.1241693459451198577880859375">
        <ele>5.19999980926513671875</ele>
        <time>2026-10-03T01:42:25.000Z</time>
        <extensions>
          <ns3:TrackPointExtension>
            <ns3:atemp>29.0</ns3:atemp>
            <ns3:hr>176</ns3:hr>
            <ns3:cad>89</ns3:cad>
          </ns3:TrackPointExtension>
        </extensions>
      </trkpt>
      <trkpt lat="34.642660617828369140625" lon="135.1242125965654850006103515625">
        <ele>5.19999980926513671875</ele>
        <time>2026-10-03T01:42:26.000Z</time>
        <extensions>
          <ns3:TrackPointExtension>
            <ns3:atemp>29.0</ns3:atemp>
            <ns3:hr>175</ns3:hr>
            <ns3:cad>89</ns3:cad>
          </ns3:TrackPointExtension>
        </extensions>
      </trkpt>
      <trkpt lat="34.64265097863972187042236328125" lon="135.12424017302691936492919921875">
        <ele>5.19999980926513671875</ele>
        <time>2026-10-03T01:42:27.000Z</time>
        <extensions>
          <ns3:TrackPointExtension>
            <ns3:atemp>29.0</ns3:atemp>
            <ns3:hr>175</ns3:hr>
            <ns3:cad>90</ns3:cad>
          </ns3:TrackPointExtension>
        </extensions>
      </trkpt>
      <trkpt lat="34.64264427311718463897705078125" lon="135.1242828369140625">
        <ele>5.19999980926513671875</ele>
        <time>2026-10-03T01:42:28.000Z</time>
        <extensions>
          <ns3:TrackPointExtension>
            <ns3:atemp>29.0</ns3:atemp>
            <ns3:hr>174</ns3:hr>
            <ns3:cad>90</ns3:cad>
          </ns3:TrackPointExtension>
        </extensions>
      </trkpt>
      <trkpt lat="34.64263421483337879180908203125" lon="135.124312676489353179931640625">
        <ele>5.19999980926513671875</ele>
        <time>2026-10-03T01:42:29.000Z</time>
        <extensions>
          <ns3:TrackPointExtension>
            <ns3:atemp>29.0</ns3:atemp>
            <ns3:hr>174</ns3:hr>
            <ns3:cad>90</ns3:cad>
          </ns3:TrackPointExtension>
        </extensions>
      </trkpt>
      <trkpt lat="34.642631448805332183837890625" lon="135.12435383163392543792724609375">
        <ele>5.19999980926513671875</ele>
        <time>2026-10-03T01:42:30.000Z</time>
        <extensions>
          <ns3:TrackPointExtension>
            <ns3:atemp>28.0</ns3:atemp>
            <ns3:hr>173</ns3:hr>
            <ns3:cad>91</ns3:cad>
          </ns3:TrackPointExtension>
        </extensions>
      </trkpt>
      <trkpt lat="34.642624743282794952392578125" lon="135.12438434176146984100341796875">
        <ele>5.19999980926513671875</ele>
        <time>2026-10-03T01:42:31.000Z</time>
        <extensions>
          <ns3:TrackPointExtension>
            <ns3:atemp>29.0</ns3:atemp>
            <ns3:hr>173</ns3:hr>
            <ns3:cad>91</ns3:cad>
          </ns3:TrackPointExtension>
        </extensions>
      </trkpt>
      <trkpt lat="34.642622731626033782958984375" lon="135.1244251616299152374267578125">
        <ele>5</ele>
        <time>2026-10-03T01:42:32.000Z</time>
        <extensions>
          <ns3:TrackPointExtension>
            <ns3:atemp>29.0</ns3:atemp>
            <ns3:hr>174</ns3:hr>
            <ns3:cad>91</ns3:cad>
          </ns3:TrackPointExtension>
        </extensions>
      </trkpt>
      <trkpt lat="34.6426168642938137054443359375" lon="135.1244543306529521942138671875">
        <ele>5</ele>
        <time>2026-10-03T01:42:33.000Z</time>
        <extensions>
          <ns3:TrackPointExtension>
            <ns3:atemp>29.0</ns3:atemp>
            <ns3:hr>175</ns3:hr>
            <ns3:cad>90</ns3:cad>
          </ns3:TrackPointExtension>
        </extensions>
      </trkpt>
      <trkpt lat="34.642616696655750274658203125" lon="135.12449263595044612884521484375">
        <ele>5.19999980926513671875</ele>
        <time>2026-10-03T01:42:34.000Z</time>
        <extensions>
          <ns3:TrackPointExtension>
            <ns3:atemp>28.0</ns3:atemp>
            <ns3:hr>175</ns3:hr>
            <ns3:cad>90</ns3:cad>
          </ns3:TrackPointExtension>
        </extensions>
      </trkpt>
      <trkpt lat="34.6426121704280376434326171875" lon="135.1245207153260707855224609375">
        <ele>5</ele>
        <time>2026-10-03T01:42:35.000Z</time>
        <extensions>
          <ns3:TrackPointExtension>
            <ns3:atemp>29.0</ns3:atemp>
            <ns3:hr>175</ns3:hr>
            <ns3:cad>90</ns3:cad>
          </ns3:TrackPointExtension>
        </extensions>
      </trkpt>
      <trkpt lat="34.64261728338897228240966796875" lon="135.124560780823230743408203125">
        <ele>5.19999980926513671875</ele>
        <time>2026-10-03T01:42:36.000Z</time>
        <extensions>
          <ns3:TrackPointExtension>
            <ns3:atemp>29.0</ns3:atemp>
            <ns3:hr>174</ns3:hr>
            <ns3:cad>90</ns3:cad>
          </ns3:TrackPointExtension>
        </extensions>
      </trkpt>
      <trkpt lat="34.6426151879131793975830078125" lon="135.12459020130336284637451171875">
        <ele>5</ele>
        <time>2026-10-03T01:42:37.000Z</time>
        <extensions>
          <ns3:TrackPointExtension>
            <ns3:atemp>29.0</ns3:atemp>
            <ns3:hr>174</ns3:hr>
            <ns3:cad>90</ns3:cad>
          </ns3:TrackPointExtension>
        </extensions>
      </trkpt>
      <trkpt lat="34.642622731626033782958984375" lon="135.1246313564479351043701171875">
        <ele>5.19999980926513671875</ele>
        <time>2026-10-03T01:42:38.000Z</time>
        <extensions>
          <ns3:TrackPointExtension>
            <ns3:atemp>29.0</ns3:atemp>
            <ns3:hr>173</ns3:hr>
            <ns3:cad>90</ns3:cad>
          </ns3:TrackPointExtension>
        </extensions>
      </trkpt>
      <trkpt lat="34.642623402178287506103515625" lon="135.12466211803257465362548828125">
        <ele>5.19999980926513671875</ele>
        <time>2026-10-03T01:42:39.000Z</time>
        <extensions>
          <ns3:TrackPointExtension>
            <ns3:atemp>28.0</ns3:atemp>
            <ns3:hr>173</ns3:hr>
            <ns3:cad>90</ns3:cad>
          </ns3:TrackPointExtension>
        </extensions>
      </trkpt>
      <trkpt lat="34.64263119734823703765869140625" lon="135.124700926244258880615234375">
        <ele>5.19999980926513671875</ele>
        <time>2026-10-03T01:42:40.000Z</time>
        <extensions>
          <ns3:TrackPointExtension>
            <ns3:atemp>28.0</ns3:atemp>
            <ns3:hr>174</ns3:hr>
            <ns3:cad>90</ns3:cad>
          </ns3:TrackPointExtension>
        </extensions>
      </trkpt>
      <trkpt lat="34.64263203553855419158935546875" lon="135.124731771647930145263671875">
        <ele>5.19999980926513671875</ele>
        <time>2026-10-03T01:42:41.000Z</time>
        <extensions>
          <ns3:TrackPointExtension>
            <ns3:atemp>29.0</ns3:atemp>
            <ns3:hr>174</ns3:hr>
            <ns3:cad>90</ns3:cad>
          </ns3:TrackPointExtension>
        </extensions>
      </trkpt>
      <trkpt lat="34.6426396630704402923583984375" lon="135.12477309443056583404541015625">
        <ele>5.400000095367431640625</ele>
        <time>2026-10-03T01:42:42.000Z</time>
        <extensions>
          <ns3:TrackPointExtension>
            <ns3:atemp>29.0</ns3:atemp>
            <ns3:hr>174</ns3:hr>
            <ns3:cad>90</ns3:cad>
          </ns3:TrackPointExtension>
        </extensions>
      </trkpt>
      <trkpt lat="34.64264653623104095458984375" lon="135.1248045265674591064453125">
        <ele>5.400000095367431640625</ele>
        <time>2026-10-03T01:42:43.000Z</time>
        <extensions>
          <ns3:TrackPointExtension>
            <ns3:atemp>29.0</ns3:atemp>
            <ns3:hr>175</ns3:hr>
            <ns3:cad>90</ns3:cad>
          </ns3:TrackPointExtension>
        </extensions>
      </trkpt>
      <trkpt lat="34.6426591090857982635498046875" lon="135.12484014965593814849853515625">
        <ele>5.400000095367431640625</ele>
        <time>2026-10-03T01:42:44.000Z</time>
        <extensions>
          <ns3:TrackPointExtension>
            <ns3:atemp>28.0</ns3:atemp>
            <ns3:hr>175</ns3:hr>
            <ns3:cad>90</ns3:cad>
          </ns3:TrackPointExtension>
        </extensions>
      </trkpt>
      <trkpt lat="34.64266472496092319488525390625" lon="135.12487082742154598236083984375">
        <ele>5.400000095367431640625</ele>
        <time>2026-10-03T01:42:45.000Z</time>
        <extensions>
          <ns3:TrackPointExtension>
            <ns3:atemp>29.0</ns3:atemp>
            <ns3:hr>175</ns3:hr>
            <ns3:cad>90</ns3:cad>
          </ns3:TrackPointExtension>
        </extensions>
      </trkpt>
      <trkpt lat="34.6426753699779510498046875" lon="135.12491047382354736328125">
        <ele>5.400000095367431640625</ele>
        <time>2026-10-03T01:42:46.000Z</time>
        <extensions>
          <ns3:TrackPointExtension>
            <ns3:atemp>29.0</ns3:atemp>
            <ns3:hr>174</ns3:hr>
            <ns3:cad>90</ns3:cad>
          </ns3:TrackPointExtension>
        </extensions>
      </trkpt>
      <trkpt lat="34.6426805667579174041748046875" lon="135.124939978122711181640625">
        <ele>5.19999980926513671875</ele>
        <time>2026-10-03T01:42:47.000Z</time>
        <extensions>
          <ns3:TrackPointExtension>
            <ns3:atemp>29.0</ns3:atemp>
            <ns3:hr>173</ns3:hr>
            <ns3:cad>90</ns3:cad>
          </ns3:TrackPointExtension>
        </extensions>
      </trkpt>
      <trkpt lat="34.6426919661462306976318359375" lon="135.12497962452471256256103515625">
        <ele>5.19999980926513671875</ele>
        <time>2026-10-03T01:42:48.000Z</time>
        <extensions>
          <ns3:TrackPointExtension>
            <ns3:atemp>29.0</ns3:atemp>
            <ns3:hr>174</ns3:hr>
            <ns3:cad>89</ns3:cad>
          </ns3:TrackPointExtension>
        </extensions>
      </trkpt>
      <trkpt lat="34.6426983363926410675048828125" lon="135.12500912882387638092041015625">
        <ele>5.19999980926513671875</ele>
        <time>2026-10-03T01:42:49.000Z</time>
        <extensions>
          <ns3:TrackPointExtension>
            <ns3:atemp>29.0</ns3:atemp>
            <ns3:hr>173</ns3:hr>
            <ns3:cad>89</ns3:cad>
          </ns3:TrackPointExtension>
        </extensions>
      </trkpt>
      <trkpt lat="34.64271032251417636871337890625" lon="135.12504852376878261566162109375">
        <ele>5.19999980926513671875</ele>
        <time>2026-10-03T01:42:50.000Z</time>
        <extensions>
          <ns3:TrackPointExtension>
            <ns3:atemp>29.0</ns3:atemp>
            <ns3:hr>173</ns3:hr>
            <ns3:cad>90</ns3:cad>
          </ns3:TrackPointExtension>
        </extensions>
      </trkpt>
      <trkpt lat="34.64271602220833301544189453125" lon="135.1250759325921535491943359375">
        <ele>5.19999980926513671875</ele>
        <time>2026-10-03T01:42:51.000Z</time>
        <extensions>
          <ns3:TrackPointExtension>
            <ns3:atemp>29.0</ns3:atemp>
            <ns3:hr>173</ns3:hr>
            <ns3:cad>90</ns3:cad>
          </ns3:TrackPointExtension>
        </extensions>
      </trkpt>
      <trkpt lat="34.64272608049213886260986328125" lon="135.1251128129661083221435546875">
        <ele>5.19999980926513671875</ele>
        <time>2026-10-03T01:42:52.000Z</time>
        <extensions>
          <ns3:TrackPointExtension>
            <ns3:atemp>29.0</ns3:atemp>
            <ns3:hr>173</ns3:hr>
            <ns3:cad>89</ns3:cad>
          </ns3:TrackPointExtension>
        </extensions>
      </trkpt>
      <trkpt lat="34.6427332051098346710205078125" lon="135.12514181435108184814453125">
        <ele>5.19999980926513671875</ele>
        <time>2026-10-03T01:42:53.000Z</time>
        <extensions>
          <ns3:TrackPointExtension>
            <ns3:atemp>29.0</ns3:atemp>
            <ns3:hr>173</ns3:hr>
            <ns3:cad>89</ns3:cad>
          </ns3:TrackPointExtension>
        </extensions>
      </trkpt>
      <trkpt lat="34.64274301193654537200927734375" lon="135.125178359448909759521484375">
        <ele>5.19999980926513671875</ele>
        <time>2026-10-03T01:42:54.000Z</time>
        <extensions>
          <ns3:TrackPointExtension>
            <ns3:atemp>29.0</ns3:atemp>
            <ns3:hr>173</ns3:hr>
            <ns3:cad>89</ns3:cad>
          </ns3:TrackPointExtension>
        </extensions>
      </trkpt>
      <trkpt lat="34.6427452750504016876220703125" lon="135.1252090372145175933837890625">
        <ele>5.19999980926513671875</ele>
        <time>2026-10-03T01:42:55.000Z</time>
        <extensions>
          <ns3:TrackPointExtension>
            <ns3:atemp>29.0</ns3:atemp>
            <ns3:hr>173</ns3:hr>
            <ns3:cad>89</ns3:cad>
          </ns3:TrackPointExtension>
        </extensions>
      </trkpt>
      <trkpt lat="34.642755500972270965576171875" lon="135.12524331919848918914794921875">
        <ele>5.19999980926513671875</ele>
        <time>2026-10-03T01:42:56.000Z</time>
        <extensions>
          <ns3:TrackPointExtension>
            <ns3:atemp>29.0</ns3:atemp>
            <ns3:hr>172</ns3:hr>
            <ns3:cad>89</ns3:cad>
          </ns3:TrackPointExtension>
        </extensions>
      </trkpt>
      <trkpt lat="34.64275893755257129669189453125" lon="135.125274918973445892333984375">
        <ele>5.19999980926513671875</ele>
        <time>2026-10-03T01:42:57.000Z</time>
        <extensions>
          <ns3:TrackPointExtension>
            <ns3:atemp>29.0</ns3:atemp>
            <ns3:hr>171</ns3:hr>
            <ns3:cad>89</ns3:cad>
          </ns3:TrackPointExtension>
        </extensions>
      </trkpt>
      <trkpt lat="34.64276731945574283599853515625" lon="135.12531087733805179595947265625">
        <ele>5.19999980926513671875</ele>
        <time>2026-10-03T01:42:58.000Z</time>
        <extensions>
          <ns3:TrackPointExtension>
            <ns3:atemp>29.0</ns3:atemp>
            <ns3:hr>170</ns3:hr>
            <ns3:cad>89</ns3:cad>
          </ns3:TrackPointExtension>
        </extensions>
      </trkpt>
      <trkpt lat="34.642772935330867767333984375" lon="135.1253418065607547760009765625">
        <ele>5.19999980926513671875</ele>
        <time>2026-10-03T01:42:59.000Z</time>
        <extensions>
          <ns3:TrackPointExtension>
            <ns3:atemp>29.0</ns3:atemp>
            <ns3:hr>169</ns3:hr>
            <ns3:cad>89</ns3:cad>
          </ns3:TrackPointExtension>
        </extensions>
      </trkpt>
      <trkpt lat="34.6427831612527370452880859375" lon="135.1253773458302021026611328125">
        <ele>5.19999980926513671875</ele>
        <time>2026-10-03T01:43:00.000Z</time>
        <extensions>
          <ns3:TrackPointExtension>
            <ns3:atemp>29.0</ns3:atemp>
            <ns3:hr>169</ns3:hr>
            <ns3:cad>89</ns3:cad>
          </ns3:TrackPointExtension>
        </extensions>
      </trkpt>
      <trkpt lat="34.6427912078797817230224609375" lon="135.1254081912338733673095703125">
        <ele>5.19999980926513671875</ele>
        <time>2026-10-03T01:43:01.000Z</time>
        <extensions>
          <ns3:TrackPointExtension>
            <ns3:atemp>29.0</ns3:atemp>
            <ns3:hr>169</ns3:hr>
            <ns3:cad>89</ns3:cad>
          </ns3:TrackPointExtension>
        </extensions>
      </trkpt>
      <trkpt lat="34.64280084706842899322509765625" lon="135.12544356286525726318359375">
        <ele>5.19999980926513671875</ele>
        <time>2026-10-03T01:43:02.000Z</time>
        <extensions>
          <ns3:TrackPointExtension>
            <ns3:atemp>29.0</ns3:atemp>
            <ns3:hr>170</ns3:hr>
            <ns3:cad>89</ns3:cad>
          </ns3:TrackPointExtension>
        </extensions>
      </trkpt>
      <trkpt lat="34.6428069658577442169189453125" lon="135.12547683902084827423095703125">
        <ele>5.19999980926513671875</ele>
        <time>2026-10-03T01:43:03.000Z</time>
        <extensions>
          <ns3:TrackPointExtension>
            <ns3:atemp>29.0</ns3:atemp>
            <ns3:hr>171</ns3:hr>
            <ns3:cad>89</ns3:cad>
          </ns3:TrackPointExtension>
        </extensions>
      </trkpt>
      <trkpt lat="34.64281325228512287139892578125" lon="135.1255121268332004547119140625">
        <ele>5.19999980926513671875</ele>
        <time>2026-10-03T01:43:04.000Z</time>
        <extensions>
          <ns3:TrackPointExtension>
            <ns3:atemp>29.0</ns3:atemp>
            <ns3:hr>171</ns3:hr>
            <ns3:cad>90</ns3:cad>
          </ns3:TrackPointExtension>
        </extensions>
      </trkpt>
      <trkpt lat="34.642819203436374664306640625" lon="135.1255456544458866119384765625">
        <ele>5.19999980926513671875</ele>
        <time>2026-10-03T01:43:05.000Z</time>
        <extensions>
          <ns3:TrackPointExtension>
            <ns3:atemp>29.0</ns3:atemp>
            <ns3:hr>171</ns3:hr>
            <ns3:cad>90</ns3:cad>
          </ns3:TrackPointExtension>
        </extensions>
      </trkpt>
      <trkpt lat="34.64282624423503875732421875" lon="135.12557901442050933837890625">
        <ele>5.19999980926513671875</ele>
        <time>2026-10-03T01:43:06.000Z</time>
        <extensions>
          <ns3:TrackPointExtension>
            <ns3:atemp>29.0</ns3:atemp>
            <ns3:hr>171</ns3:hr>
            <ns3:cad>90</ns3:cad>
          </ns3:TrackPointExtension>
        </extensions>
      </trkpt>
      <trkpt lat="34.6428351290524005889892578125" lon="135.12561162002384662628173828125">
        <ele>5.19999980926513671875</ele>
        <time>2026-10-03T01:43:07.000Z</time>
        <extensions>
          <ns3:TrackPointExtension>
            <ns3:atemp>29.0</ns3:atemp>
            <ns3:hr>171</ns3:hr>
            <ns3:cad>90</ns3:cad>
          </ns3:TrackPointExtension>
        </extensions>
      </trkpt>
      <trkpt lat="34.6428425051271915435791015625" lon="135.1256469078361988067626953125">
        <ele>5.19999980926513671875</ele>
        <time>2026-10-03T01:43:08.000Z</time>
        <extensions>
          <ns3:TrackPointExtension>
            <ns3:atemp>29.0</ns3:atemp>
            <ns3:hr>172</ns3:hr>
            <ns3:cad>90</ns3:cad>
          </ns3:TrackPointExtension>
        </extensions>
      </trkpt>
      <trkpt lat="34.64284828864037990570068359375" lon="135.125678591430187225341796875">
        <ele>5.19999980926513671875</ele>
        <time>2026-10-03T01:43:09.000Z</time>
        <extensions>
          <ns3:TrackPointExtension>
            <ns3:atemp>29.0</ns3:atemp>
            <ns3:hr>173</ns3:hr>
            <ns3:cad>90</ns3:cad>
          </ns3:TrackPointExtension>
        </extensions>
      </trkpt>
      <trkpt lat="34.64285708963871002197265625" lon="135.1257153041660785675048828125">
        <ele>5</ele>
        <time>2026-10-03T01:43:10.000Z</time>
        <extensions>
          <ns3:TrackPointExtension>
            <ns3:atemp>29.0</ns3:atemp>
            <ns3:hr>172</ns3:hr>
            <ns3:cad>91</ns3:cad>
          </ns3:TrackPointExtension>
        </extensions>
      </trkpt>
      <trkpt lat="34.64286245405673980712890625" lon="135.12574640102684497833251953125">
        <ele>5</ele>
        <time>2026-10-03T01:43:11.000Z</time>
        <extensions>
          <ns3:TrackPointExtension>
            <ns3:atemp>29.0</ns3:atemp>
            <ns3:hr>172</ns3:hr>
            <ns3:cad>91</ns3:cad>
          </ns3:TrackPointExtension>
        </extensions>
      </trkpt>
      <trkpt lat="34.64287159033119678497314453125" lon="135.1257833652198314666748046875">
        <ele>5</ele>
        <time>2026-10-03T01:43:12.000Z</time>
        <extensions>
          <ns3:TrackPointExtension>
            <ns3:atemp>29.0</ns3:atemp>
            <ns3:hr>172</ns3:hr>
            <ns3:cad>91</ns3:cad>
          </ns3:TrackPointExtension>
        </extensions>
      </trkpt>
      <trkpt lat="34.64287611655890941619873046875" lon="135.125813372433185577392578125">
        <ele>5.19999980926513671875</ele>
        <time>2026-10-03T01:43:13.000Z</time>
        <extensions>
          <ns3:TrackPointExtension>
            <ns3:atemp>29.0</ns3:atemp>
            <ns3:hr>172</ns3:hr>
            <ns3:cad>90</ns3:cad>
          </ns3:TrackPointExtension>
        </extensions>
      </trkpt>
      <trkpt lat="34.642881564795970916748046875" lon="135.125848241150379180908203125">
        <ele>5.19999980926513671875</ele>
        <time>2026-10-03T01:43:14.000Z</time>
        <extensions>
          <ns3:TrackPointExtension>
            <ns3:atemp>29.0</ns3:atemp>
            <ns3:hr>173</ns3:hr>
            <ns3:cad>90</ns3:cad>
          </ns3:TrackPointExtension>
        </extensions>
      </trkpt>
      <trkpt lat="34.6428867615759372711181640625" lon="135.1258795894682407379150390625">
        <ele>5.19999980926513671875</ele>
        <time>2026-10-03T01:43:15.000Z</time>
        <extensions>
          <ns3:TrackPointExtension>
            <ns3:atemp>29.0</ns3:atemp>
            <ns3:hr>173</ns3:hr>
            <ns3:cad>90</ns3:cad>
          </ns3:TrackPointExtension>
        </extensions>
      </trkpt>
      <trkpt lat="34.6428941376507282257080078125" lon="135.12591387145221233367919921875">
        <ele>5.19999980926513671875</ele>
        <time>2026-10-03T01:43:16.000Z</time>
        <extensions>
          <ns3:TrackPointExtension>
            <ns3:atemp>29.0</ns3:atemp>
            <ns3:hr>173</ns3:hr>
            <ns3:cad>90</ns3:cad>
          </ns3:TrackPointExtension>
        </extensions>
      </trkpt>
      <trkpt lat="34.64290075935423374176025390625" lon="135.1259463094174861907958984375">
        <ele>5.19999980926513671875</ele>
        <time>2026-10-03T01:43:17.000Z</time>
        <extensions>
          <ns3:TrackPointExtension>
            <ns3:atemp>29.0</ns3:atemp>
            <ns3:hr>173</ns3:hr>
            <ns3:cad>90</ns3:cad>
          </ns3:TrackPointExtension>
        </extensions>
      </trkpt>
      <trkpt lat="34.6429058723151683807373046875" lon="135.12597857974469661712646484375">
        <ele>5.19999980926513671875</ele>
        <time>2026-10-03T01:43:18.000Z</time>
        <extensions>
          <ns3:TrackPointExtension>
            <ns3:atemp>29.0</ns3:atemp>
            <ns3:hr>174</ns3:hr>
            <ns3:cad>89</ns3:cad>
          </ns3:TrackPointExtension>
        </extensions>
      </trkpt>
      <trkpt lat="34.64291215874254703521728515625" lon="135.12600959278643131256103515625">
        <ele>5.19999980926513671875</ele>
        <time>2026-10-03T01:43:19.000Z</time>
        <extensions>
          <ns3:TrackPointExtension>
            <ns3:atemp>29.0</ns3:atemp>
            <ns3:hr>174</ns3:hr>
            <ns3:cad>89</ns3:cad>
          </ns3:TrackPointExtension>
        </extensions>
      </trkpt>
      <trkpt lat="34.64291383512318134307861328125" lon="135.12604043819010257720947265625">
        <ele>5.19999980926513671875</ele>
        <time>2026-10-03T01:43:20.000Z</time>
        <extensions>
          <ns3:TrackPointExtension>
            <ns3:atemp>29.0</ns3:atemp>
            <ns3:hr>174</ns3:hr>
            <ns3:cad>88</ns3:cad>
          </ns3:TrackPointExtension>
        </extensions>
      </trkpt>
      <trkpt lat="34.642921797931194305419921875" lon="135.1260737143456935882568359375">
        <ele>5.19999980926513671875</ele>
        <time>2026-10-03T01:43:21.000Z</time>
        <extensions>
          <ns3:TrackPointExtension>
            <ns3:atemp>29.0</ns3:atemp>
            <ns3:hr>174</ns3:hr>
            <ns3:cad>88</ns3:cad>
          </ns3:TrackPointExtension>
        </extensions>
      </trkpt>
      <trkpt lat="34.64292473159730434417724609375" lon="135.12610430829226970672607421875">
        <ele>5.19999980926513671875</ele>
        <time>2026-10-03T01:43:22.000Z</time>
        <extensions>
          <ns3:TrackPointExtension>
            <ns3:atemp>29.0</ns3:atemp>
            <ns3:hr>173</ns3:hr>
            <ns3:cad>88</ns3:cad>
          </ns3:TrackPointExtension>
        </extensions>
      </trkpt>
      <trkpt lat="34.64293210767209529876708984375" lon="135.12614035047590732574462890625">
        <ele>5.19999980926513671875</ele>
        <time>2026-10-03T01:43:23.000Z</time>
        <extensions>
          <ns3:TrackPointExtension>
            <ns3:atemp>29.0</ns3:atemp>
            <ns3:hr>173</ns3:hr>
            <ns3:cad>88</ns3:cad>
          </ns3:TrackPointExtension>
        </extensions>
      </trkpt>
      <trkpt lat="34.642933197319507598876953125" lon="135.12617203406989574432373046875">
        <ele>5.19999980926513671875</ele>
        <time>2026-10-03T01:43:24.000Z</time>
        <extensions>
          <ns3:TrackPointExtension>
            <ns3:atemp>29.0</ns3:atemp>
            <ns3:hr>173</ns3:hr>
            <ns3:cad>88</ns3:cad>
          </ns3:TrackPointExtension>
        </extensions>
      </trkpt>
      <trkpt lat="34.64293965138494968414306640625" lon="135.12621201574802398681640625">
        <ele>5.19999980926513671875</ele>
        <time>2026-10-03T01:43:25.000Z</time>
        <extensions>
          <ns3:TrackPointExtension>
            <ns3:atemp>29.0</ns3:atemp>
            <ns3:hr>172</ns3:hr>
            <ns3:cad>88</ns3:cad>
          </ns3:TrackPointExtension>
        </extensions>
      </trkpt>
      <trkpt lat="34.642939232289791107177734375" lon="135.12624227441847324371337890625">
        <ele>5.19999980926513671875</ele>
        <time>2026-10-03T01:43:26.000Z</time>
        <extensions>
          <ns3:TrackPointExtension>
            <ns3:atemp>29.0</ns3:atemp>
            <ns3:hr>173</ns3:hr>
            <ns3:cad>88</ns3:cad>
          </ns3:TrackPointExtension>
        </extensions>
      </trkpt>
      <trkpt lat="34.6429461054503917694091796875" lon="135.12628301046788692474365234375">
        <ele>5.19999980926513671875</ele>
        <time>2026-10-03T01:43:27.000Z</time>
        <extensions>
          <ns3:TrackPointExtension>
            <ns3:atemp>29.0</ns3:atemp>
            <ns3:hr>173</ns3:hr>
            <ns3:cad>88</ns3:cad>
          </ns3:TrackPointExtension>
        </extensions>
      </trkpt>
      <trkpt lat="34.6429477818310260772705078125" lon="135.12630916200578212738037109375">
        <ele>5.19999980926513671875</ele>
        <time>2026-10-03T01:43:28.000Z</time>
        <extensions>
          <ns3:TrackPointExtension>
            <ns3:atemp>29.0</ns3:atemp>
            <ns3:hr>172</ns3:hr>
            <ns3:cad>89</ns3:cad>
          </ns3:TrackPointExtension>
        </extensions>
      </trkpt>
      <trkpt lat="34.642953984439373016357421875" lon="135.126349143683910369873046875">
        <ele>5.19999980926513671875</ele>
        <time>2026-10-03T01:43:29.000Z</time>
        <extensions>
          <ns3:TrackPointExtension>
            <ns3:atemp>29.0</ns3:atemp>
            <ns3:hr>173</ns3:hr>
            <ns3:cad>89</ns3:cad>
          </ns3:TrackPointExtension>
        </extensions>
      </trkpt>
      <trkpt lat="34.6429531462490558624267578125" lon="135.12637672014534473419189453125">
        <ele>5.19999980926513671875</ele>
        <time>2026-10-03T01:43:30.000Z</time>
        <extensions>
          <ns3:TrackPointExtension>
            <ns3:atemp>29.0</ns3:atemp>
            <ns3:hr>173</ns3:hr>
            <ns3:cad>89</ns3:cad>
          </ns3:TrackPointExtension>
        </extensions>
      </trkpt>
      <trkpt lat="34.64295658282935619354248046875" lon="135.126418881118297576904296875">
        <ele>5.19999980926513671875</ele>
        <time>2026-10-03T01:43:31.000Z</time>
        <extensions>
          <ns3:TrackPointExtension>
            <ns3:atemp>29.0</ns3:atemp>
            <ns3:hr>173</ns3:hr>
            <ns3:cad>88</ns3:cad>
          </ns3:TrackPointExtension>
        </extensions>
      </trkpt>
      <trkpt lat="34.64295691810548305511474609375" lon="135.126448385417461395263671875">
        <ele>5.19999980926513671875</ele>
        <time>2026-10-03T01:43:32.000Z</time>
        <extensions>
          <ns3:TrackPointExtension>
            <ns3:atemp>29.0</ns3:atemp>
            <ns3:hr>174</ns3:hr>
            <ns3:cad>88</ns3:cad>
          </ns3:TrackPointExtension>
        </extensions>
      </trkpt>
      <trkpt lat="34.64295675046741962432861328125" lon="135.12648903764784336090087890625">
        <ele>5.19999980926513671875</ele>
        <time>2026-10-03T01:43:33.000Z</time>
        <extensions>
          <ns3:TrackPointExtension>
            <ns3:atemp>29.0</ns3:atemp>
            <ns3:hr>174</ns3:hr>
            <ns3:cad>88</ns3:cad>
          </ns3:TrackPointExtension>
        </extensions>
      </trkpt>
      <trkpt lat="34.64295842684805393218994140625" lon="135.12651736848056316375732421875">
        <ele>5.19999980926513671875</ele>
        <time>2026-10-03T01:43:34.000Z</time>
        <extensions>
          <ns3:TrackPointExtension>
            <ns3:atemp>29.0</ns3:atemp>
            <ns3:hr>174</ns3:hr>
            <ns3:cad>89</ns3:cad>
          </ns3:TrackPointExtension>
        </extensions>
      </trkpt>
      <trkpt lat="34.64296110905706882476806640625" lon="135.12655726633965969085693359375">
        <ele>5.19999980926513671875</ele>
        <time>2026-10-03T01:43:35.000Z</time>
        <extensions>
          <ns3:TrackPointExtension>
            <ns3:atemp>29.0</ns3:atemp>
            <ns3:hr>175</ns3:hr>
            <ns3:cad>89</ns3:cad>
          </ns3:TrackPointExtension>
        </extensions>
      </trkpt>
      <trkpt lat="34.642963372170925140380859375" lon="135.1265866868197917938232421875">
        <ele>5.19999980926513671875</ele>
        <time>2026-10-03T01:43:36.000Z</time>
        <extensions>
          <ns3:TrackPointExtension>
            <ns3:atemp>29.0</ns3:atemp>
            <ns3:hr>174</ns3:hr>
            <ns3:cad>89</ns3:cad>
          </ns3:TrackPointExtension>
        </extensions>
      </trkpt>
      <trkpt lat="34.6429685689508914947509765625" lon="135.1266232319176197052001953125">
        <ele>5.19999980926513671875</ele>
        <time>2026-10-03T01:43:37.000Z</time>
        <extensions>
          <ns3:TrackPointExtension>
            <ns3:atemp>29.0</ns3:atemp>
            <ns3:hr>173</ns3:hr>
            <ns3:cad>89</ns3:cad>
          </ns3:TrackPointExtension>
        </extensions>
      </trkpt>
      <trkpt lat="34.6429717540740966796875" lon="135.1266537420451641082763671875">
        <ele>5.19999980926513671875</ele>
        <time>2026-10-03T01:43:38.000Z</time>
        <extensions>
          <ns3:TrackPointExtension>
            <ns3:atemp>29.0</ns3:atemp>
            <ns3:hr>173</ns3:hr>
            <ns3:cad>89</ns3:cad>
          </ns3:TrackPointExtension>
        </extensions>
      </trkpt>
      <trkpt lat="34.6429709158837795257568359375" lon="135.126692466437816619873046875">
        <ele>5.19999980926513671875</ele>
        <time>2026-10-03T01:43:39.000Z</time>
        <extensions>
          <ns3:TrackPointExtension>
            <ns3:atemp>29.0</ns3:atemp>
            <ns3:hr>173</ns3:hr>
            <ns3:cad>89</ns3:cad>
          </ns3:TrackPointExtension>
        </extensions>
      </trkpt>
      <trkpt lat="34.64297334663569927215576171875" lon="135.12672423385083675384521484375">
        <ele>5.19999980926513671875</ele>
        <time>2026-10-03T01:43:40.000Z</time>
        <extensions>
          <ns3:TrackPointExtension>
            <ns3:atemp>29.0</ns3:atemp>
            <ns3:hr>173</ns3:hr>
            <ns3:cad>89</ns3:cad>
          </ns3:TrackPointExtension>
        </extensions>
      </trkpt>
      <trkpt lat="34.64297418482601642608642578125" lon="135.12676077894866466522216796875">
        <ele>5.19999980926513671875</ele>
        <time>2026-10-03T01:43:41.000Z</time>
        <extensions>
          <ns3:TrackPointExtension>
            <ns3:atemp>29.0</ns3:atemp>
            <ns3:hr>173</ns3:hr>
            <ns3:cad>89</ns3:cad>
          </ns3:TrackPointExtension>
        </extensions>
      </trkpt>
      <trkpt lat="34.64297736994922161102294921875" lon="135.12679279781877994537353515625">
        <ele>5.19999980926513671875</ele>
        <time>2026-10-03T01:43:42.000Z</time>
        <extensions>
          <ns3:TrackPointExtension>
            <ns3:atemp>29.0</ns3:atemp>
            <ns3:hr>173</ns3:hr>
            <ns3:cad>89</ns3:cad>
          </ns3:TrackPointExtension>
        </extensions>
      </trkpt>
      <trkpt lat="34.64297904632985591888427734375" lon="135.12682649306952953338623046875">
        <ele>5.400000095367431640625</ele>
        <time>2026-10-03T01:43:43.000Z</time>
        <extensions>
          <ns3:TrackPointExtension>
            <ns3:atemp>29.0</ns3:atemp>
            <ns3:hr>173</ns3:hr>
            <ns3:cad>89</ns3:cad>
          </ns3:TrackPointExtension>
        </extensions>
      </trkpt>
      <trkpt lat="34.6429849974811077117919921875" lon="135.12686035595834255218505859375">
        <ele>5.400000095367431640625</ele>
        <time>2026-10-03T01:43:44.000Z</time>
        <extensions>
          <ns3:TrackPointExtension>
            <ns3:atemp>29.0</ns3:atemp>
            <ns3:hr>173</ns3:hr>
            <ns3:cad>89</ns3:cad>
          </ns3:TrackPointExtension>
        </extensions>
      </trkpt>
      <trkpt lat="34.6429860033094882965087890625" lon="135.12689086608588695526123046875">
        <ele>5.400000095367431640625</ele>
        <time>2026-10-03T01:43:45.000Z</time>
        <extensions>
          <ns3:TrackPointExtension>
            <ns3:atemp>29.0</ns3:atemp>
            <ns3:hr>173</ns3:hr>
            <ns3:cad>89</ns3:cad>
          </ns3:TrackPointExtension>
        </extensions>
      </trkpt>
      <trkpt lat="34.642990864813327789306640625" lon="135.12692674063146114349365234375">
        <ele>5.400000095367431640625</ele>
        <time>2026-10-03T01:43:46.000Z</time>
        <extensions>
          <ns3:TrackPointExtension>
            <ns3:atemp>29.0</ns3:atemp>
            <ns3:hr>174</ns3:hr>
            <ns3:cad>89</ns3:cad>
          </ns3:TrackPointExtension>
        </extensions>
      </trkpt>
      <trkpt lat="34.64299027808010578155517578125" lon="135.12695875950157642364501953125">
        <ele>5.400000095367431640625</ele>
        <time>2026-10-03T01:43:47.000Z</time>
        <extensions>
          <ns3:TrackPointExtension>
            <ns3:atemp>29.0</ns3:atemp>
            <ns3:hr>173</ns3:hr>
            <ns3:cad>89</ns3:cad>
          </ns3:TrackPointExtension>
        </extensions>
      </trkpt>
      <trkpt lat="34.642993547022342681884765625" lon="135.1269933767616748809814453125">
        <ele>5.400000095367431640625</ele>
        <time>2026-10-03T01:43:48.000Z</time>
        <extensions>
          <ns3:TrackPointExtension>
            <ns3:atemp>29.0</ns3:atemp>
            <ns3:hr>174</ns3:hr>
            <ns3:cad>89</ns3:cad>
          </ns3:TrackPointExtension>
        </extensions>
      </trkpt>
      <trkpt lat="34.6429910324513912200927734375" lon="135.127024389803409576416015625">
        <ele>5.400000095367431640625</ele>
        <time>2026-10-03T01:43:49.000Z</time>
        <extensions>
          <ns3:TrackPointExtension>
            <ns3:atemp>29.0</ns3:atemp>
            <ns3:hr>172</ns3:hr>
            <ns3:cad>89</ns3:cad>
          </ns3:TrackPointExtension>
        </extensions>
      </trkpt>
      <trkpt lat="34.642994217574596405029296875" lon="135.12705950997769832611083984375">
        <ele>5.400000095367431640625</ele>
        <time>2026-10-03T01:43:50.000Z</time>
        <extensions>
          <ns3:TrackPointExtension>
            <ns3:atemp>29.0</ns3:atemp>
            <ns3:hr>172</ns3:hr>
            <ns3:cad>88</ns3:cad>
          </ns3:TrackPointExtension>
        </extensions>
      </trkpt>
      <trkpt lat="34.64299027808010578155517578125" lon="135.127085745334625244140625">
        <ele>5.400000095367431640625</ele>
        <time>2026-10-03T01:43:51.000Z</time>
        <extensions>
          <ns3:TrackPointExtension>
            <ns3:atemp>29.0</ns3:atemp>
            <ns3:hr>171</ns3:hr>
            <ns3:cad>88</ns3:cad>
          </ns3:TrackPointExtension>
        </extensions>
      </trkpt>
      <trkpt lat="34.6429927088320255279541015625" lon="135.12712321244180202484130859375">
        <ele>5.400000095367431640625</ele>
        <time>2026-10-03T01:43:52.000Z</time>
        <extensions>
          <ns3:TrackPointExtension>
            <ns3:atemp>29.0</ns3:atemp>
            <ns3:hr>171</ns3:hr>
            <ns3:cad>88</ns3:cad>
          </ns3:TrackPointExtension>
        </extensions>
      </trkpt>
      <trkpt lat="34.64298860169947147369384765625" lon="135.12714852578938007354736328125">
        <ele>5.400000095367431640625</ele>
        <time>2026-10-03T01:43:53.000Z</time>
        <extensions>
          <ns3:TrackPointExtension>
            <ns3:atemp>29.0</ns3:atemp>
            <ns3:hr>171</ns3:hr>
            <ns3:cad>88</ns3:cad>
          </ns3:TrackPointExtension>
        </extensions>
      </trkpt>
      <trkpt lat="34.642988182604312896728515625" lon="135.1271881721913814544677734375">
        <ele>5.19999980926513671875</ele>
        <time>2026-10-03T01:43:54.000Z</time>
        <extensions>
          <ns3:TrackPointExtension>
            <ns3:atemp>29.0</ns3:atemp>
            <ns3:hr>171</ns3:hr>
            <ns3:cad>88</ns3:cad>
          </ns3:TrackPointExtension>
        </extensions>
      </trkpt>
      <trkpt lat="34.6429863385856151580810546875" lon="135.1272193528711795806884765625">
        <ele>5.19999980926513671875</ele>
        <time>2026-10-03T01:43:55.000Z</time>
        <extensions>
          <ns3:TrackPointExtension>
            <ns3:atemp>29.0</ns3:atemp>
            <ns3:hr>171</ns3:hr>
            <ns3:cad>88</ns3:cad>
          </ns3:TrackPointExtension>
        </extensions>
      </trkpt>
      <trkpt lat="34.64298449456691741943359375" lon="135.12726000510156154632568359375">
        <ele>5.19999980926513671875</ele>
        <time>2026-10-03T01:43:56.000Z</time>
        <extensions>
          <ns3:TrackPointExtension>
            <ns3:atemp>29.0</ns3:atemp>
            <ns3:hr>171</ns3:hr>
            <ns3:cad>88</ns3:cad>
          </ns3:TrackPointExtension>
        </extensions>
      </trkpt>
      <trkpt lat="34.64298223145306110382080078125" lon="135.127291269600391387939453125">
        <ele>5.19999980926513671875</ele>
        <time>2026-10-03T01:43:57.000Z</time>
        <extensions>
          <ns3:TrackPointExtension>
            <ns3:atemp>29.0</ns3:atemp>
            <ns3:hr>172</ns3:hr>
            <ns3:cad>88</ns3:cad>
          </ns3:TrackPointExtension>
        </extensions>
      </trkpt>
      <trkpt lat="34.6429782919585704803466796875" lon="135.1273286528885364532470703125">
        <ele>5.19999980926513671875</ele>
        <time>2026-10-03T01:43:58.000Z</time>
        <extensions>
          <ns3:TrackPointExtension>
            <ns3:atemp>29.0</ns3:atemp>
            <ns3:hr>172</ns3:hr>
            <ns3:cad>88</ns3:cad>
          </ns3:TrackPointExtension>
        </extensions>
      </trkpt>
      <trkpt lat="34.642978794872760772705078125" lon="135.12736058793962001800537109375">
        <ele>5.19999980926513671875</ele>
        <time>2026-10-03T01:43:59.000Z</time>
        <extensions>
          <ns3:TrackPointExtension>
            <ns3:atemp>29.0</ns3:atemp>
            <ns3:hr>173</ns3:hr>
            <ns3:cad>87</ns3:cad>
          </ns3:TrackPointExtension>
        </extensions>
      </trkpt>
      <trkpt lat="34.6429752744734287261962890625" lon="135.1273933611810207366943359375">
        <ele>5.19999980926513671875</ele>
        <time>2026-10-03T01:44:00.000Z</time>
        <extensions>
          <ns3:TrackPointExtension>
            <ns3:atemp>29.0</ns3:atemp>
            <ns3:hr>173</ns3:hr>
            <ns3:cad>87</ns3:cad>
          </ns3:TrackPointExtension>
        </extensions>
      </trkpt>
      <trkpt lat="34.6429776214063167572021484375" lon="135.12742915190756320953369140625">
        <ele>5.19999980926513671875</ele>
        <time>2026-10-03T01:44:01.000Z</time>
        <extensions>
          <ns3:TrackPointExtension>
            <ns3:atemp>29.0</ns3:atemp>
            <ns3:hr>174</ns3:hr>
            <ns3:cad>87</ns3:cad>
          </ns3:TrackPointExtension>
        </extensions>
      </trkpt>
      <trkpt lat="34.64297519065439701080322265625" lon="135.12745924293994903564453125">
        <ele>5.19999980926513671875</ele>
        <time>2026-10-03T01:44:02.000Z</time>
        <extensions>
          <ns3:TrackPointExtension>
            <ns3:atemp>29.0</ns3:atemp>
            <ns3:hr>174</ns3:hr>
            <ns3:cad>88</ns3:cad>
          </ns3:TrackPointExtension>
        </extensions>
      </trkpt>
      <trkpt lat="34.64297653175890445709228515625" lon="135.1274979673326015472412109375">
        <ele>5.19999980926513671875</ele>
        <time>2026-10-03T01:44:03.000Z</time>
        <extensions>
          <ns3:TrackPointExtension>
            <ns3:atemp>29.0</ns3:atemp>
            <ns3:hr>174</ns3:hr>
            <ns3:cad>88</ns3:cad>
          </ns3:TrackPointExtension>
        </extensions>
      </trkpt>
      <trkpt lat="34.642972759902477264404296875" lon="135.1275271363556385040283203125">
        <ele>5.19999980926513671875</ele>
        <time>2026-10-03T01:44:04.000Z</time>
        <extensions>
          <ns3:TrackPointExtension>
            <ns3:atemp>29.0</ns3:atemp>
            <ns3:hr>174</ns3:hr>
            <ns3:cad>88</ns3:cad>
          </ns3:TrackPointExtension>
        </extensions>
      </trkpt>
      <trkpt lat="34.6429746039211750030517578125" lon="135.127565860748291015625">
        <ele>5.19999980926513671875</ele>
        <time>2026-10-03T01:44:05.000Z</time>
        <extensions>
          <ns3:TrackPointExtension>
            <ns3:atemp>29.0</ns3:atemp>
            <ns3:hr>174</ns3:hr>
            <ns3:cad>88</ns3:cad>
          </ns3:TrackPointExtension>
        </extensions>
      </trkpt>
      <trkpt lat="34.6429705806076526641845703125" lon="135.12759226374328136444091796875">
        <ele>5.19999980926513671875</ele>
        <time>2026-10-03T01:44:06.000Z</time>
        <extensions>
          <ns3:TrackPointExtension>
            <ns3:atemp>29.0</ns3:atemp>
            <ns3:hr>174</ns3:hr>
            <ns3:cad>88</ns3:cad>
          </ns3:TrackPointExtension>
        </extensions>
      </trkpt>
      <trkpt lat="34.6429730951786041259765625" lon="135.1276320777833461761474609375">
        <ele>5.19999980926513671875</ele>
        <time>2026-10-03T01:44:07.000Z</time>
        <extensions>
          <ns3:TrackPointExtension>
            <ns3:atemp>29.0</ns3:atemp>
            <ns3:hr>174</ns3:hr>
            <ns3:cad>88</ns3:cad>
          </ns3:TrackPointExtension>
        </extensions>
      </trkpt>
      <trkpt lat="34.6429682336747646331787109375" lon="135.12765906751155853271484375">
        <ele>5.400000095367431640625</ele>
        <time>2026-10-03T01:44:08.000Z</time>
        <extensions>
          <ns3:TrackPointExtension>
            <ns3:atemp>29.0</ns3:atemp>
            <ns3:hr>173</ns3:hr>
            <ns3:cad>88</ns3:cad>
          </ns3:TrackPointExtension>
        </extensions>
      </trkpt>
      <trkpt lat="34.64296831749379634857177734375" lon="135.127698294818401336669921875">
        <ele>5.400000095367431640625</ele>
        <time>2026-10-03T01:44:09.000Z</time>
        <extensions>
          <ns3:TrackPointExtension>
            <ns3:atemp>29.0</ns3:atemp>
            <ns3:hr>173</ns3:hr>
            <ns3:cad>89</ns3:cad>
          </ns3:TrackPointExtension>
        </extensions>
      </trkpt>
      <trkpt lat="34.64296571910381317138671875" lon="135.1277256198227405548095703125">
        <ele>5.19999980926513671875</ele>
        <time>2026-10-03T01:44:10.000Z</time>
        <extensions>
          <ns3:TrackPointExtension>
            <ns3:atemp>29.0</ns3:atemp>
            <ns3:hr>173</ns3:hr>
            <ns3:cad>89</ns3:cad>
          </ns3:TrackPointExtension>
        </extensions>
      </trkpt>
      <trkpt lat="34.64296571910381317138671875" lon="135.12776635587215423583984375">
        <ele>5.19999980926513671875</ele>
        <time>2026-10-03T01:44:11.000Z</time>
        <extensions>
          <ns3:TrackPointExtension>
            <ns3:atemp>29.0</ns3:atemp>
            <ns3:hr>173</ns3:hr>
            <ns3:cad>89</ns3:cad>
          </ns3:TrackPointExtension>
        </extensions>
      </trkpt>
      <trkpt lat="34.6429588459432125091552734375" lon="135.12779326178133487701416015625">
        <ele>5.19999980926513671875</ele>
        <time>2026-10-03T01:44:12.000Z</time>
        <extensions>
          <ns3:TrackPointExtension>
            <ns3:atemp>29.0</ns3:atemp>
            <ns3:hr>173</ns3:hr>
            <ns3:cad>89</ns3:cad>
          </ns3:TrackPointExtension>
        </extensions>
      </trkpt>
      <trkpt lat="34.6429581753909587860107421875" lon="135.1278354227542877197265625">
        <ele>5.19999980926513671875</ele>
        <time>2026-10-03T01:44:13.000Z</time>
        <extensions>
          <ns3:TrackPointExtension>
            <ns3:atemp>29.0</ns3:atemp>
            <ns3:hr>173</ns3:hr>
            <ns3:cad>89</ns3:cad>
          </ns3:TrackPointExtension>
        </extensions>
      </trkpt>
      <trkpt lat="34.642952643334865570068359375" lon="135.127863921225070953369140625">
        <ele>5.19999980926513671875</ele>
        <time>2026-10-03T01:44:14.000Z</time>
        <extensions>
          <ns3:TrackPointExtension>
            <ns3:atemp>29.0</ns3:atemp>
            <ns3:hr>173</ns3:hr>
            <ns3:cad>89</ns3:cad>
          </ns3:TrackPointExtension>
        </extensions>
      </trkpt>
      <trkpt lat="34.64295021258294582366943359375" lon="135.12790641747415065765380859375">
        <ele>5.400000095367431640625</ele>
        <time>2026-10-03T01:44:15.000Z</time>
        <extensions>
          <ns3:TrackPointExtension>
            <ns3:atemp>29.0</ns3:atemp>
            <ns3:hr>174</ns3:hr>
            <ns3:cad>89</ns3:cad>
          </ns3:TrackPointExtension>
        </extensions>
      </trkpt>
      <trkpt lat="34.64294451288878917694091796875" lon="135.12793474830687046051025390625">
        <ele>5.400000095367431640625</ele>
        <time>2026-10-03T01:44:16.000Z</time>
        <extensions>
          <ns3:TrackPointExtension>
            <ns3:atemp>29.0</ns3:atemp>
            <ns3:hr>174</ns3:hr>
            <ns3:cad>89</ns3:cad>
          </ns3:TrackPointExtension>
        </extensions>
      </trkpt>
      <trkpt lat="34.64294300414621829986572265625" lon="135.12797665782272815704345703125">
        <ele>5.599999904632568359375</ele>
        <time>2026-10-03T01:44:17.000Z</time>
        <extensions>
          <ns3:TrackPointExtension>
            <ns3:atemp>29.0</ns3:atemp>
            <ns3:hr>174</ns3:hr>
            <ns3:cad>89</ns3:cad>
          </ns3:TrackPointExtension>
        </extensions>
      </trkpt>
      <trkpt lat="34.6429377235472202301025390625" lon="135.12800532393157482147216796875">
        <ele>5.599999904632568359375</ele>
        <time>2026-10-03T01:44:18.000Z</time>
        <extensions>
          <ns3:TrackPointExtension>
            <ns3:atemp>29.0</ns3:atemp>
            <ns3:hr>174</ns3:hr>
            <ns3:cad>89</ns3:cad>
          </ns3:TrackPointExtension>
        </extensions>
      </trkpt>
      <trkpt lat="34.64293395169079303741455078125" lon="135.12804840691387653350830078125">
        <ele>5.599999904632568359375</ele>
        <time>2026-10-03T01:44:19.000Z</time>
        <extensions>
          <ns3:TrackPointExtension>
            <ns3:atemp>29.0</ns3:atemp>
            <ns3:hr>173</ns3:hr>
            <ns3:cad>90</ns3:cad>
          </ns3:TrackPointExtension>
        </extensions>
      </trkpt>
      <trkpt lat="34.6429236419498920440673828125" lon="135.12807506136596202850341796875">
        <ele>5.599999904632568359375</ele>
        <time>2026-10-03T01:44:20.000Z</time>
        <extensions>
          <ns3:TrackPointExtension>
            <ns3:atemp>29.0</ns3:atemp>
            <ns3:hr>172</ns3:hr>
            <ns3:cad>90</ns3:cad>
          </ns3:TrackPointExtension>
        </extensions>
      </trkpt>
      <trkpt lat="34.642915762960910797119140625" lon="135.12811638414859771728515625">
        <ele>5.599999904632568359375</ele>
        <time>2026-10-03T01:44:21.000Z</time>
        <extensions>
          <ns3:TrackPointExtension>
            <ns3:atemp>29.0</ns3:atemp>
            <ns3:hr>172</ns3:hr>
            <ns3:cad>90</ns3:cad>
          </ns3:TrackPointExtension>
        </extensions>
      </trkpt>
      <trkpt lat="34.6429055370390415191650390625" lon="135.1281427033245563507080078125">
        <ele>5.599999904632568359375</ele>
        <time>2026-10-03T01:44:22.000Z</time>
        <extensions>
          <ns3:TrackPointExtension>
            <ns3:atemp>29.0</ns3:atemp>
            <ns3:hr>172</ns3:hr>
            <ns3:cad>90</ns3:cad>
          </ns3:TrackPointExtension>
        </extensions>
      </trkpt>
      <trkpt lat="34.64290226809680461883544921875" lon="135.12818285264074802398681640625">
        <ele>5.599999904632568359375</ele>
        <time>2026-10-03T01:44:23.000Z</time>
        <extensions>
          <ns3:TrackPointExtension>
            <ns3:atemp>29.0</ns3:atemp>
            <ns3:hr>172</ns3:hr>
            <ns3:cad>90</ns3:cad>
          </ns3:TrackPointExtension>
        </extensions>
      </trkpt>
      <trkpt lat="34.6428961493074893951416015625" lon="135.1282104291021823883056640625">
        <ele>5.599999904632568359375</ele>
        <time>2026-10-03T01:44:24.000Z</time>
        <extensions>
          <ns3:TrackPointExtension>
            <ns3:atemp>29.0</ns3:atemp>
            <ns3:hr>172</ns3:hr>
            <ns3:cad>90</ns3:cad>
          </ns3:TrackPointExtension>
        </extensions>
      </trkpt>
      <trkpt lat="34.64289288036525249481201171875" lon="135.12825074605643749237060546875">
        <ele>5.599999904632568359375</ele>
        <time>2026-10-03T01:44:25.000Z</time>
        <extensions>
          <ns3:TrackPointExtension>
            <ns3:atemp>29.0</ns3:atemp>
            <ns3:hr>173</ns3:hr>
            <ns3:cad>90</ns3:cad>
          </ns3:TrackPointExtension>
        </extensions>
      </trkpt>
      <trkpt lat="34.64288868941366672515869140625" lon="135.128278322517871856689453125">
        <ele>5.599999904632568359375</ele>
        <time>2026-10-03T01:44:26.000Z</time>
        <extensions>
          <ns3:TrackPointExtension>
            <ns3:atemp>29.0</ns3:atemp>
            <ns3:hr>172</ns3:hr>
            <ns3:cad>89</ns3:cad>
          </ns3:TrackPointExtension>
        </extensions>
      </trkpt>
      <trkpt lat="34.64288525283336639404296875" lon="135.1283168792724609375">
        <ele>5.599999904632568359375</ele>
        <time>2026-10-03T01:44:27.000Z</time>
        <extensions>
          <ns3:TrackPointExtension>
            <ns3:atemp>29.0</ns3:atemp>
            <ns3:hr>171</ns3:hr>
            <ns3:cad>89</ns3:cad>
          </ns3:TrackPointExtension>
        </extensions>
      </trkpt>
      <trkpt lat="34.64287645183503627777099609375" lon="135.12834127061069011688232421875">
        <ele>5.599999904632568359375</ele>
        <time>2026-10-03T01:44:28.000Z</time>
        <extensions>
          <ns3:TrackPointExtension>
            <ns3:atemp>29.0</ns3:atemp>
            <ns3:hr>171</ns3:hr>
            <ns3:cad>89</ns3:cad>
          </ns3:TrackPointExtension>
        </extensions>
      </trkpt>
      <trkpt lat="34.64287578128278255462646484375" lon="135.12837521731853485107421875">
        <ele>5.599999904632568359375</ele>
        <time>2026-10-03T01:44:29.000Z</time>
        <extensions>
          <ns3:TrackPointExtension>
            <ns3:atemp>29.0</ns3:atemp>
            <ns3:hr>171</ns3:hr>
            <ns3:cad>89</ns3:cad>
          </ns3:TrackPointExtension>
        </extensions>
      </trkpt>
      <trkpt lat="34.642872177064418792724609375" lon="135.1283986866474151611328125">
        <ele>5.599999904632568359375</ele>
        <time>2026-10-03T01:44:30.000Z</time>
        <extensions>
          <ns3:TrackPointExtension>
            <ns3:atemp>29.0</ns3:atemp>
            <ns3:hr>171</ns3:hr>
            <ns3:cad>90</ns3:cad>
          </ns3:TrackPointExtension>
        </extensions>
      </trkpt>
      <trkpt lat="34.642867147922515869140625" lon="135.12843682430684566497802734375">
        <ele>5.599999904632568359375</ele>
        <time>2026-10-03T01:44:31.000Z</time>
        <extensions>
          <ns3:TrackPointExtension>
            <ns3:atemp>29.0</ns3:atemp>
            <ns3:hr>171</ns3:hr>
            <ns3:cad>90</ns3:cad>
          </ns3:TrackPointExtension>
        </extensions>
      </trkpt>
      <trkpt lat="34.6428612805902957916259765625" lon="135.12846180237829685211181640625">
        <ele>5.400000095367431640625</ele>
        <time>2026-10-03T01:44:32.000Z</time>
        <extensions>
          <ns3:TrackPointExtension>
            <ns3:atemp>29.0</ns3:atemp>
            <ns3:hr>171</ns3:hr>
            <ns3:cad>90</ns3:cad>
          </ns3:TrackPointExtension>
        </extensions>
      </trkpt>
      <trkpt lat="34.64285583235323429107666015625" lon="135.12850237078964710235595703125">
        <ele>5.400000095367431640625</ele>
        <time>2026-10-03T01:44:33.000Z</time>
        <extensions>
          <ns3:TrackPointExtension>
            <ns3:atemp>29.0</ns3:atemp>
            <ns3:hr>170</ns3:hr>
            <ns3:cad>90</ns3:cad>
          </ns3:TrackPointExtension>
        </extensions>
      </trkpt>
      <trkpt lat="34.64284812100231647491455078125" lon="135.1285299472510814666748046875">
        <ele>5.599999904632568359375</ele>
        <time>2026-10-03T01:44:34.000Z</time>
        <extensions>
          <ns3:TrackPointExtension>
            <ns3:atemp>29.0</ns3:atemp>
            <ns3:hr>170</ns3:hr>
            <ns3:cad>90</ns3:cad>
          </ns3:TrackPointExtension>
        </extensions>
      </trkpt>
      <trkpt lat="34.6428401581943035125732421875" lon="135.1285703480243682861328125">
        <ele>5.599999904632568359375</ele>
        <time>2026-10-03T01:44:35.000Z</time>
        <extensions>
          <ns3:TrackPointExtension>
            <ns3:atemp>29.0</ns3:atemp>
            <ns3:hr>170</ns3:hr>
            <ns3:cad>90</ns3:cad>
          </ns3:TrackPointExtension>
        </extensions>
      </trkpt>
      <trkpt lat="34.6428311057388782501220703125" lon="135.12859926559031009674072265625">
        <ele>5.80000019073486328125</ele>
        <time>2026-10-03T01:44:36.000Z</time>
        <extensions>
          <ns3:TrackPointExtension>
            <ns3:atemp>29.0</ns3:atemp>
            <ns3:hr>170</ns3:hr>
            <ns3:cad>90</ns3:cad>
          </ns3:TrackPointExtension>
        </extensions>
      </trkpt>
      <trkpt lat="34.64282356202602386474609375" lon="135.128637738525867462158203125">
        <ele>5.80000019073486328125</ele>
        <time>2026-10-03T01:44:37.000Z</time>
        <extensions>
          <ns3:TrackPointExtension>
            <ns3:atemp>29.0</ns3:atemp>
            <ns3:hr>171</ns3:hr>
            <ns3:cad>90</ns3:cad>
          </ns3:TrackPointExtension>
        </extensions>
      </trkpt>
      <trkpt lat="34.642813839018344879150390625" lon="135.1286640577018260955810546875">
        <ele>5.80000019073486328125</ele>
        <time>2026-10-03T01:44:38.000Z</time>
        <extensions>
          <ns3:TrackPointExtension>
            <ns3:atemp>29.0</ns3:atemp>
            <ns3:hr>172</ns3:hr>
            <ns3:cad>89</ns3:cad>
          </ns3:TrackPointExtension>
        </extensions>
      </trkpt>
      <trkpt lat="34.64280822314321994781494140625" lon="135.1287009380757808685302734375">
        <ele>5.599999904632568359375</ele>
        <time>2026-10-03T01:44:39.000Z</time>
        <extensions>
          <ns3:TrackPointExtension>
            <ns3:atemp>29.0</ns3:atemp>
            <ns3:hr>172</ns3:hr>
            <ns3:cad>89</ns3:cad>
          </ns3:TrackPointExtension>
        </extensions>
      </trkpt>
      <trkpt lat="34.64280076324939727783203125" lon="135.1287312805652618408203125">
        <ele>5.599999904632568359375</ele>
        <time>2026-10-03T01:44:40.000Z</time>
        <extensions>
          <ns3:TrackPointExtension>
            <ns3:atemp>29.0</ns3:atemp>
            <ns3:hr>172</ns3:hr>
            <ns3:cad>90</ns3:cad>
          </ns3:TrackPointExtension>
        </extensions>
      </trkpt>
      <trkpt lat="34.642796404659748077392578125" lon="135.1287689991295337677001953125">
        <ele>5.80000019073486328125</ele>
        <time>2026-10-03T01:44:41.000Z</time>
        <extensions>
          <ns3:TrackPointExtension>
            <ns3:atemp>29.0</ns3:atemp>
            <ns3:hr>171</ns3:hr>
            <ns3:cad>90</ns3:cad>
          </ns3:TrackPointExtension>
        </extensions>
      </trkpt>
      <trkpt lat="34.6427885256707668304443359375" lon="135.128796994686126708984375">
        <ele>5.80000019073486328125</ele>
        <time>2026-10-03T01:44:42.000Z</time>
        <extensions>
          <ns3:TrackPointExtension>
            <ns3:atemp>29.0</ns3:atemp>
            <ns3:hr>171</ns3:hr>
            <ns3:cad>90</ns3:cad>
          </ns3:TrackPointExtension>
        </extensions>
      </trkpt>
      <trkpt lat="34.6427826583385467529296875" lon="135.128834545612335205078125">
        <ele>5.80000019073486328125</ele>
        <time>2026-10-03T01:44:43.000Z</time>
        <extensions>
          <ns3:TrackPointExtension>
            <ns3:atemp>29.0</ns3:atemp>
            <ns3:hr>171</ns3:hr>
            <ns3:cad>90</ns3:cad>
          </ns3:TrackPointExtension>
        </extensions>
      </trkpt>
      <trkpt lat="34.6427764557301998138427734375" lon="135.12886446900665760040283203125">
        <ele>5.80000019073486328125</ele>
        <time>2026-10-03T01:44:44.000Z</time>
        <extensions>
          <ns3:TrackPointExtension>
            <ns3:atemp>29.0</ns3:atemp>
            <ns3:hr>172</ns3:hr>
            <ns3:cad>90</ns3:cad>
          </ns3:TrackPointExtension>
        </extensions>
      </trkpt>
      <trkpt lat="34.64276832528412342071533203125" lon="135.12890017591416835784912109375">
        <ele>5.80000019073486328125</ele>
        <time>2026-10-03T01:44:45.000Z</time>
        <extensions>
          <ns3:TrackPointExtension>
            <ns3:atemp>29.0</ns3:atemp>
            <ns3:hr>172</ns3:hr>
            <ns3:cad>89</ns3:cad>
          </ns3:TrackPointExtension>
        </extensions>
      </trkpt>
      <trkpt lat="34.6427603624761104583740234375" lon="135.12892968021333217620849609375">
        <ele>5.80000019073486328125</ele>
        <time>2026-10-03T01:44:46.000Z</time>
        <extensions>
          <ns3:TrackPointExtension>
            <ns3:atemp>29.0</ns3:atemp>
            <ns3:hr>173</ns3:hr>
            <ns3:cad>90</ns3:cad>
          </ns3:TrackPointExtension>
        </extensions>
      </trkpt>
      <trkpt lat="34.6427516452968120574951171875" lon="135.12896873988211154937744140625">
        <ele>5.80000019073486328125</ele>
        <time>2026-10-03T01:44:47.000Z</time>
        <extensions>
          <ns3:TrackPointExtension>
            <ns3:atemp>29.0</ns3:atemp>
            <ns3:hr>174</ns3:hr>
            <ns3:cad>90</ns3:cad>
          </ns3:TrackPointExtension>
        </extensions>
      </trkpt>
      <trkpt lat="34.6427419222891330718994140625" lon="135.12899891473352909088134765625">
        <ele>5.80000019073486328125</ele>
        <time>2026-10-03T01:44:48.000Z</time>
        <extensions>
          <ns3:TrackPointExtension>
            <ns3:atemp>29.0</ns3:atemp>
            <ns3:hr>174</ns3:hr>
            <ns3:cad>90</ns3:cad>
          </ns3:TrackPointExtension>
        </extensions>
      </trkpt>
      <trkpt lat="34.64273278601467609405517578125" lon="135.1290372200310230255126953125">
        <ele>5.80000019073486328125</ele>
        <time>2026-10-03T01:44:49.000Z</time>
        <extensions>
          <ns3:TrackPointExtension>
            <ns3:atemp>29.0</ns3:atemp>
            <ns3:hr>172</ns3:hr>
            <ns3:cad>90</ns3:cad>
          </ns3:TrackPointExtension>
        </extensions>
      </trkpt>
      <trkpt lat="34.64272608049213886260986328125" lon="135.1290680654346942901611328125">
        <ele>5.80000019073486328125</ele>
        <time>2026-10-03T01:44:50.000Z</time>
        <extensions>
          <ns3:TrackPointExtension>
            <ns3:atemp>29.0</ns3:atemp>
            <ns3:hr>172</ns3:hr>
            <ns3:cad>90</ns3:cad>
          </ns3:TrackPointExtension>
        </extensions>
      </trkpt>
      <trkpt lat="34.642718620598316192626953125" lon="135.12910268269479274749755859375">
        <ele>5.80000019073486328125</ele>
        <time>2026-10-03T01:44:51.000Z</time>
        <extensions>
          <ns3:TrackPointExtension>
            <ns3:atemp>29.0</ns3:atemp>
            <ns3:hr>172</ns3:hr>
            <ns3:cad>90</ns3:cad>
          </ns3:TrackPointExtension>
        </extensions>
      </trkpt>
      <trkpt lat="34.6427120827138423919677734375" lon="135.129132606089115142822265625">
        <ele>5.80000019073486328125</ele>
        <time>2026-10-03T01:44:52.000Z</time>
        <extensions>
          <ns3:TrackPointExtension>
            <ns3:atemp>29.0</ns3:atemp>
            <ns3:hr>172</ns3:hr>
            <ns3:cad>89</ns3:cad>
          </ns3:TrackPointExtension>
        </extensions>
      </trkpt>
      <trkpt lat="34.642701856791973114013671875" lon="135.12916889972984790802001953125">
        <ele>5.80000019073486328125</ele>
        <time>2026-10-03T01:44:53.000Z</time>
        <extensions>
          <ns3:TrackPointExtension>
            <ns3:atemp>29.0</ns3:atemp>
            <ns3:hr>173</ns3:hr>
            <ns3:cad>89</ns3:cad>
          </ns3:TrackPointExtension>
        </extensions>
      </trkpt>
      <trkpt lat="34.64269255287945270538330078125" lon="135.12919639237225055694580078125">
        <ele>5.80000019073486328125</ele>
        <time>2026-10-03T01:44:54.000Z</time>
        <extensions>
          <ns3:TrackPointExtension>
            <ns3:atemp>29.0</ns3:atemp>
            <ns3:hr>173</ns3:hr>
            <ns3:cad>90</ns3:cad>
          </ns3:TrackPointExtension>
        </extensions>
      </trkpt>
      <trkpt lat="34.64268282987177371978759765625" lon="135.12923243455588817596435546875">
        <ele>5.80000019073486328125</ele>
        <time>2026-10-03T01:44:55.000Z</time>
        <extensions>
          <ns3:TrackPointExtension>
            <ns3:atemp>29.0</ns3:atemp>
            <ns3:hr>173</ns3:hr>
            <ns3:cad>90</ns3:cad>
          </ns3:TrackPointExtension>
        </extensions>
      </trkpt>
      <trkpt lat="34.642675705254077911376953125" lon="135.12926126830279827117919921875">
        <ele>5.80000019073486328125</ele>
        <time>2026-10-03T01:44:56.000Z</time>
        <extensions>
          <ns3:TrackPointExtension>
            <ns3:atemp>29.0</ns3:atemp>
            <ns3:hr>173</ns3:hr>
            <ns3:cad>90</ns3:cad>
          </ns3:TrackPointExtension>
        </extensions>
      </trkpt>
      <trkpt lat="34.6426735259592533111572265625" lon="135.12929848395287990570068359375">
        <ele>5.80000019073486328125</ele>
        <time>2026-10-03T01:44:57.000Z</time>
        <extensions>
          <ns3:TrackPointExtension>
            <ns3:atemp>29.0</ns3:atemp>
            <ns3:hr>172</ns3:hr>
            <ns3:cad>90</ns3:cad>
          </ns3:TrackPointExtension>
        </extensions>
      </trkpt>
      <trkpt lat="34.6426812373101711273193359375" lon="135.12933352030813694000244140625">
        <ele>5.80000019073486328125</ele>
        <time>2026-10-03T01:44:58.000Z</time>
        <extensions>
          <ns3:TrackPointExtension>
            <ns3:atemp>29.0</ns3:atemp>
            <ns3:hr>172</ns3:hr>
            <ns3:cad>90</ns3:cad>
          </ns3:TrackPointExtension>
        </extensions>
      </trkpt>
      <trkpt lat="34.6427087299525737762451171875" lon="135.1293580792844295501708984375">
        <ele>5.80000019073486328125</ele>
        <time>2026-10-03T01:44:59.000Z</time>
        <extensions>
          <ns3:TrackPointExtension>
            <ns3:atemp>29.0</ns3:atemp>
            <ns3:hr>172</ns3:hr>
            <ns3:cad>90</ns3:cad>
          </ns3:TrackPointExtension>
        </extensions>
      </trkpt>
      <trkpt lat="34.6427308581769466400146484375" lon="135.12937023304402828216552734375">
        <ele>5.80000019073486328125</ele>
        <time>2026-10-03T01:45:00.000Z</time>
        <extensions>
          <ns3:TrackPointExtension>
            <ns3:atemp>29.0</ns3:atemp>
            <ns3:hr>172</ns3:hr>
            <ns3:cad>90</ns3:cad>
          </ns3:TrackPointExtension>
        </extensions>
      </trkpt>
      <trkpt lat="34.64276363141834735870361328125" lon="135.12937299907207489013671875">
        <ele>5.80000019073486328125</ele>
        <time>2026-10-03T01:45:01.000Z</time>
        <extensions>
          <ns3:TrackPointExtension>
            <ns3:atemp>29.0</ns3:atemp>
            <ns3:hr>172</ns3:hr>
            <ns3:cad>90</ns3:cad>
          </ns3:TrackPointExtension>
        </extensions>
      </trkpt>
      <trkpt lat="34.642788358032703399658203125" lon="135.1293721608817577362060546875">
        <ele>5.80000019073486328125</ele>
        <time>2026-10-03T01:45:02.000Z</time>
        <extensions>
          <ns3:TrackPointExtension>
            <ns3:atemp>29.0</ns3:atemp>
            <ns3:hr>173</ns3:hr>
            <ns3:cad>90</ns3:cad>
          </ns3:TrackPointExtension>
        </extensions>
      </trkpt>
      <trkpt lat="34.64282163418829441070556640625" lon="135.129372663795948028564453125">
        <ele>5.80000019073486328125</ele>
        <time>2026-10-03T01:45:03.000Z</time>
        <extensions>
          <ns3:TrackPointExtension>
            <ns3:atemp>29.0</ns3:atemp>
            <ns3:hr>173</ns3:hr>
            <ns3:cad>90</ns3:cad>
          </ns3:TrackPointExtension>
        </extensions>
      </trkpt>
      <trkpt lat="34.6428515575826168060302734375" lon="135.1293738372623920440673828125">
        <ele>5.80000019073486328125</ele>
        <time>2026-10-03T01:45:04.000Z</time>
        <extensions>
          <ns3:TrackPointExtension>
            <ns3:atemp>29.0</ns3:atemp>
            <ns3:hr>173</ns3:hr>
            <ns3:cad>90</ns3:cad>
          </ns3:TrackPointExtension>
        </extensions>
      </trkpt>
      <trkpt lat="34.64288449846208095550537109375" lon="135.12937526218593120574951171875">
        <ele>5.80000019073486328125</ele>
        <time>2026-10-03T01:45:05.000Z</time>
        <extensions>
          <ns3:TrackPointExtension>
            <ns3:atemp>29.0</ns3:atemp>
            <ns3:hr>172</ns3:hr>
            <ns3:cad>90</ns3:cad>
          </ns3:TrackPointExtension>
        </extensions>
      </trkpt>
      <trkpt lat="34.64291182346642017364501953125" lon="135.129373334348201751708984375">
        <ele>5.80000019073486328125</ele>
        <time>2026-10-03T01:45:06.000Z</time>
        <extensions>
          <ns3:TrackPointExtension>
            <ns3:atemp>29.0</ns3:atemp>
            <ns3:hr>172</ns3:hr>
            <ns3:cad>90</ns3:cad>
          </ns3:TrackPointExtension>
        </extensions>
      </trkpt>
      <trkpt lat="34.6429407410323619842529296875" lon="135.12936939485371112823486328125">
        <ele>6</ele>
        <time>2026-10-03T01:45:07.000Z</time>
        <extensions>
          <ns3:TrackPointExtension>
            <ns3:atemp>29.0</ns3:atemp>
            <ns3:hr>172</ns3:hr>
            <ns3:cad>89</ns3:cad>
          </ns3:TrackPointExtension>
        </extensions>
      </trkpt>
      <trkpt lat="34.642968066036701202392578125" lon="135.1293570734560489654541015625">
        <ele>6</ele>
        <time>2026-10-03T01:45:08.000Z</time>
        <extensions>
          <ns3:TrackPointExtension>
            <ns3:atemp>29.0</ns3:atemp>
            <ns3:hr>172</ns3:hr>
            <ns3:cad>89</ns3:cad>
          </ns3:TrackPointExtension>
        </extensions>
      </trkpt>
      <trkpt lat="34.64299296028912067413330078125" lon="135.129342488944530487060546875">
        <ele>6</ele>
        <time>2026-10-03T01:45:09.000Z</time>
        <extensions>
          <ns3:TrackPointExtension>
            <ns3:atemp>29.0</ns3:atemp>
            <ns3:hr>172</ns3:hr>
            <ns3:cad>88</ns3:cad>
          </ns3:TrackPointExtension>
        </extensions>
      </trkpt>
      <trkpt lat="34.64300788007676601409912109375" lon="135.12930703349411487579345703125">
        <ele>6.19999980926513671875</ele>
        <time>2026-10-03T01:45:10.000Z</time>
        <extensions>
          <ns3:TrackPointExtension>
            <ns3:atemp>29.0</ns3:atemp>
            <ns3:hr>172</ns3:hr>
            <ns3:cad>88</ns3:cad>
          </ns3:TrackPointExtension>
        </extensions>
      </trkpt>
      <trkpt lat="34.6430181898176670074462890625" lon="135.129277445375919342041015625">
        <ele>6.19999980926513671875</ele>
        <time>2026-10-03T01:45:11.000Z</time>
        <extensions>
          <ns3:TrackPointExtension>
            <ns3:atemp>29.0</ns3:atemp>
            <ns3:hr>172</ns3:hr>
            <ns3:cad>89</ns3:cad>
          </ns3:TrackPointExtension>
        </extensions>
      </trkpt>
      <trkpt lat="34.64302246458828449249267578125" lon="135.129237882792949676513671875">
        <ele>6.19999980926513671875</ele>
        <time>2026-10-03T01:45:12.000Z</time>
        <extensions>
          <ns3:TrackPointExtension>
            <ns3:atemp>29.0</ns3:atemp>
            <ns3:hr>172</ns3:hr>
            <ns3:cad>89</ns3:cad>
          </ns3:TrackPointExtension>
        </extensions>
      </trkpt>
      <trkpt lat="34.64302740991115570068359375" lon="135.1292041875422000885009765625">
        <ele>6.19999980926513671875</ele>
        <time>2026-10-03T01:45:13.000Z</time>
        <extensions>
          <ns3:TrackPointExtension>
            <ns3:atemp>29.0</ns3:atemp>
            <ns3:hr>172</ns3:hr>
            <ns3:cad>89</ns3:cad>
          </ns3:TrackPointExtension>
        </extensions>
      </trkpt>
      <trkpt lat="34.64302749373018741607666015625" lon="135.12916604988276958465576171875">
        <ele>6.19999980926513671875</ele>
        <time>2026-10-03T01:45:14.000Z</time>
        <extensions>
          <ns3:TrackPointExtension>
            <ns3:atemp>30.0</ns3:atemp>
            <ns3:hr>172</ns3:hr>
            <ns3:cad>90</ns3:cad>
          </ns3:TrackPointExtension>
        </extensions>
      </trkpt>
      <trkpt lat="34.643029086291790008544921875" lon="135.129133276641368865966796875">
        <ele>6.19999980926513671875</ele>
        <time>2026-10-03T01:45:15.000Z</time>
        <extensions>
          <ns3:TrackPointExtension>
            <ns3:atemp>30.0</ns3:atemp>
            <ns3:hr>172</ns3:hr>
            <ns3:cad>89</ns3:cad>
          </ns3:TrackPointExtension>
        </extensions>
      </trkpt>
      <trkpt lat="34.64302816428244113922119140625" lon="135.129097066819667816162109375">
        <ele>6.19999980926513671875</ele>
        <time>2026-10-03T01:45:16.000Z</time>
        <extensions>
          <ns3:TrackPointExtension>
            <ns3:atemp>30.0</ns3:atemp>
            <ns3:hr>172</ns3:hr>
            <ns3:cad>89</ns3:cad>
          </ns3:TrackPointExtension>
        </extensions>
      </trkpt>
      <trkpt lat="34.6430329419672489166259765625" lon="135.12906362302601337432861328125">
        <ele>6.19999980926513671875</ele>
        <time>2026-10-03T01:45:17.000Z</time>
        <extensions>
          <ns3:TrackPointExtension>
            <ns3:atemp>30.0</ns3:atemp>
            <ns3:hr>172</ns3:hr>
            <ns3:cad>89</ns3:cad>
          </ns3:TrackPointExtension>
        </extensions>
      </trkpt>
      <trkpt lat="34.64302849955856800079345703125" lon="135.12902473099529743194580078125">
        <ele>6.19999980926513671875</ele>
        <time>2026-10-03T01:45:18.000Z</time>
        <extensions>
          <ns3:TrackPointExtension>
            <ns3:atemp>30.0</ns3:atemp>
            <ns3:hr>172</ns3:hr>
            <ns3:cad>89</ns3:cad>
          </ns3:TrackPointExtension>
        </extensions>
      </trkpt>
      <trkpt lat="34.6430302597582340240478515625" lon="135.12899036519229412078857421875">
        <ele>6.19999980926513671875</ele>
        <time>2026-10-03T01:45:19.000Z</time>
        <extensions>
          <ns3:TrackPointExtension>
            <ns3:atemp>30.0</ns3:atemp>
            <ns3:hr>173</ns3:hr>
            <ns3:cad>90</ns3:cad>
          </ns3:TrackPointExtension>
        </extensions>
      </trkpt>
      <trkpt lat="34.6430305950343608856201171875" lon="135.12894946150481700897216796875">
        <ele>6.19999980926513671875</ele>
        <time>2026-10-03T01:45:20.000Z</time>
        <extensions>
          <ns3:TrackPointExtension>
            <ns3:atemp>30.0</ns3:atemp>
            <ns3:hr>173</ns3:hr>
            <ns3:cad>90</ns3:cad>
          </ns3:TrackPointExtension>
        </extensions>
      </trkpt>
      <trkpt lat="34.64303201995790004730224609375" lon="135.1289131678640842437744140625">
        <ele>6.19999980926513671875</ele>
        <time>2026-10-03T01:45:21.000Z</time>
        <extensions>
          <ns3:TrackPointExtension>
            <ns3:atemp>30.0</ns3:atemp>
            <ns3:hr>173</ns3:hr>
            <ns3:cad>90</ns3:cad>
          </ns3:TrackPointExtension>
        </extensions>
      </trkpt>
      <trkpt lat="34.6430285833775997161865234375" lon="135.12887318618595600128173828125">
        <ele>6</ele>
        <time>2026-10-03T01:45:22.000Z</time>
        <extensions>
          <ns3:TrackPointExtension>
            <ns3:atemp>30.0</ns3:atemp>
            <ns3:hr>174</ns3:hr>
            <ns3:cad>90</ns3:cad>
          </ns3:TrackPointExtension>
        </extensions>
      </trkpt>
      <trkpt lat="34.64302263222634792327880859375" lon="135.128842927515506744384765625">
        <ele>6</ele>
        <time>2026-10-03T01:45:23.000Z</time>
        <extensions>
          <ns3:TrackPointExtension>
            <ns3:atemp>30.0</ns3:atemp>
            <ns3:hr>173</ns3:hr>
            <ns3:cad>90</ns3:cad>
          </ns3:TrackPointExtension>
        </extensions>
      </trkpt>
      <trkpt lat="34.642996229231357574462890625" lon="135.1288139261305332183837890625">
        <ele>6</ele>
        <time>2026-10-03T01:45:24.000Z</time>
        <extensions>
          <ns3:TrackPointExtension>
            <ns3:atemp>30.0</ns3:atemp>
            <ns3:hr>173</ns3:hr>
            <ns3:cad>90</ns3:cad>
          </ns3:TrackPointExtension>
        </extensions>
      </trkpt>
      <trkpt lat="34.64297468774020671844482421875" lon="135.12880160473287105560302734375">
        <ele>6</ele>
        <time>2026-10-03T01:45:25.000Z</time>
        <extensions>
          <ns3:TrackPointExtension>
            <ns3:atemp>29.0</ns3:atemp>
            <ns3:hr>173</ns3:hr>
            <ns3:cad>90</ns3:cad>
          </ns3:TrackPointExtension>
        </extensions>
      </trkpt>
      <trkpt lat="34.6429430879652500152587890625" lon="135.12880034744739532470703125">
        <ele>6</ele>
        <time>2026-10-03T01:45:26.000Z</time>
        <extensions>
          <ns3:TrackPointExtension>
            <ns3:atemp>30.0</ns3:atemp>
            <ns3:hr>173</ns3:hr>
            <ns3:cad>90</ns3:cad>
          </ns3:TrackPointExtension>
        </extensions>
      </trkpt>
      <trkpt lat="34.6429162658751010894775390625" lon="135.12879372574388980865478515625">
        <ele>6</ele>
        <time>2026-10-03T01:45:27.000Z</time>
        <extensions>
          <ns3:TrackPointExtension>
            <ns3:atemp>29.0</ns3:atemp>
            <ns3:hr>173</ns3:hr>
            <ns3:cad>90</ns3:cad>
          </ns3:TrackPointExtension>
        </extensions>
      </trkpt>
      <trkpt lat="34.6428844146430492401123046875" lon="135.12879489921033382415771484375">
        <ele>6.19999980926513671875</ele>
        <time>2026-10-03T01:45:28.000Z</time>
        <extensions>
          <ns3:TrackPointExtension>
            <ns3:atemp>30.0</ns3:atemp>
            <ns3:hr>173</ns3:hr>
            <ns3:cad>91</ns3:cad>
          </ns3:TrackPointExtension>
        </extensions>
      </trkpt>
      <trkpt lat="34.64285717345774173736572265625" lon="135.12878769077360630035400390625">
        <ele>6.19999980926513671875</ele>
        <time>2026-10-03T01:45:29.000Z</time>
        <extensions>
          <ns3:TrackPointExtension>
            <ns3:atemp>29.0</ns3:atemp>
            <ns3:hr>174</ns3:hr>
            <ns3:cad>91</ns3:cad>
          </ns3:TrackPointExtension>
        </extensions>
      </trkpt>
      <trkpt lat="34.64284108020365238189697265625" lon="135.128765814006328582763671875">
        <ele>6.19999980926513671875</ele>
        <time>2026-10-03T01:45:30.000Z</time>
        <extensions>
          <ns3:TrackPointExtension>
            <ns3:atemp>29.0</ns3:atemp>
            <ns3:hr>173</ns3:hr>
            <ns3:cad>92</ns3:cad>
          </ns3:TrackPointExtension>
        </extensions>
      </trkpt>
      <trkpt lat="34.6428374759852886199951171875" lon="135.128730274736881256103515625">
        <ele>6.19999980926513671875</ele>
        <time>2026-10-03T01:45:31.000Z</time>
        <extensions>
          <ns3:TrackPointExtension>
            <ns3:atemp>29.0</ns3:atemp>
            <ns3:hr>173</ns3:hr>
            <ns3:cad>92</ns3:cad>
          </ns3:TrackPointExtension>
        </extensions>
      </trkpt>
      <trkpt lat="34.64283806271851062774658203125" lon="135.12869716621935367584228515625">
        <ele>6</ele>
        <time>2026-10-03T01:45:32.000Z</time>
        <extensions>
          <ns3:TrackPointExtension>
            <ns3:atemp>29.0</ns3:atemp>
            <ns3:hr>173</ns3:hr>
            <ns3:cad>92</ns3:cad>
          </ns3:TrackPointExtension>
        </extensions>
      </trkpt>
      <trkpt lat="34.64284677989780902862548828125" lon="135.1286620460450649261474609375">
        <ele>6</ele>
        <time>2026-10-03T01:45:33.000Z</time>
        <extensions>
          <ns3:TrackPointExtension>
            <ns3:atemp>29.0</ns3:atemp>
            <ns3:hr>173</ns3:hr>
            <ns3:cad>91</ns3:cad>
          </ns3:TrackPointExtension>
        </extensions>
      </trkpt>
      <trkpt lat="34.6428545750677585601806640625" lon="135.1286291889846324920654296875">
        <ele>6</ele>
        <time>2026-10-03T01:45:34.000Z</time>
        <extensions>
          <ns3:TrackPointExtension>
            <ns3:atemp>29.0</ns3:atemp>
            <ns3:hr>173</ns3:hr>
            <ns3:cad>90</ns3:cad>
          </ns3:TrackPointExtension>
        </extensions>
      </trkpt>
      <trkpt lat="34.6428642980754375457763671875" lon="135.1285970024764537811279296875">
        <ele>6</ele>
        <time>2026-10-03T01:45:35.000Z</time>
        <extensions>
          <ns3:TrackPointExtension>
            <ns3:atemp>29.0</ns3:atemp>
            <ns3:hr>173</ns3:hr>
            <ns3:cad>90</ns3:cad>
          </ns3:TrackPointExtension>
        </extensions>
      </trkpt>
      <trkpt lat="34.64287075214087963104248046875" lon="135.12856238521635532379150390625">
        <ele>6</ele>
        <time>2026-10-03T01:45:36.000Z</time>
        <extensions>
          <ns3:TrackPointExtension>
            <ns3:atemp>29.0</ns3:atemp>
            <ns3:hr>174</ns3:hr>
            <ns3:cad>89</ns3:cad>
          </ns3:TrackPointExtension>
        </extensions>
      </trkpt>
      <trkpt lat="34.64287946932017803192138671875" lon="135.12853086926043033599853515625">
        <ele>6</ele>
        <time>2026-10-03T01:45:37.000Z</time>
        <extensions>
          <ns3:TrackPointExtension>
            <ns3:atemp>29.0</ns3:atemp>
            <ns3:hr>173</ns3:hr>
            <ns3:cad>89</ns3:cad>
          </ns3:TrackPointExtension>
        </extensions>
      </trkpt>
      <trkpt lat="34.64288164861500263214111328125" lon="135.12849725782871246337890625">
        <ele>6</ele>
        <time>2026-10-03T01:45:38.000Z</time>
        <extensions>
          <ns3:TrackPointExtension>
            <ns3:atemp>29.0</ns3:atemp>
            <ns3:hr>174</ns3:hr>
            <ns3:cad>89</ns3:cad>
          </ns3:TrackPointExtension>
        </extensions>
      </trkpt>
      <trkpt lat="34.64288969524204730987548828125" lon="135.12847018428146839141845703125">
        <ele>6</ele>
        <time>2026-10-03T01:45:39.000Z</time>
        <extensions>
          <ns3:TrackPointExtension>
            <ns3:atemp>29.0</ns3:atemp>
            <ns3:hr>174</ns3:hr>
            <ns3:cad>89</ns3:cad>
          </ns3:TrackPointExtension>
        </extensions>
      </trkpt>
      <trkpt lat="34.64289329946041107177734375" lon="135.12843129225075244903564453125">
        <ele>6</ele>
        <time>2026-10-03T01:45:40.000Z</time>
        <extensions>
          <ns3:TrackPointExtension>
            <ns3:atemp>29.0</ns3:atemp>
            <ns3:hr>174</ns3:hr>
            <ns3:cad>88</ns3:cad>
          </ns3:TrackPointExtension>
        </extensions>
      </trkpt>
      <trkpt lat="34.64290042407810688018798828125" lon="135.1284028775990009307861328125">
        <ele>6</ele>
        <time>2026-10-03T01:45:41.000Z</time>
        <extensions>
          <ns3:TrackPointExtension>
            <ns3:atemp>29.0</ns3:atemp>
            <ns3:hr>175</ns3:hr>
            <ns3:cad>88</ns3:cad>
          </ns3:TrackPointExtension>
        </extensions>
      </trkpt>
      <trkpt lat="34.64290092699229717254638671875" lon="135.12836423702538013458251953125">
        <ele>6</ele>
        <time>2026-10-03T01:45:42.000Z</time>
        <extensions>
          <ns3:TrackPointExtension>
            <ns3:atemp>29.0</ns3:atemp>
            <ns3:hr>175</ns3:hr>
            <ns3:cad>88</ns3:cad>
          </ns3:TrackPointExtension>
        </extensions>
      </trkpt>
      <trkpt lat="34.6429092250764369964599609375" lon="135.12833272106945514678955078125">
        <ele>6</ele>
        <time>2026-10-03T01:45:43.000Z</time>
        <extensions>
          <ns3:TrackPointExtension>
            <ns3:atemp>29.0</ns3:atemp>
            <ns3:hr>173</ns3:hr>
            <ns3:cad>89</ns3:cad>
          </ns3:TrackPointExtension>
        </extensions>
      </trkpt>
      <trkpt lat="34.64291073381900787353515625" lon="135.1282913982868194580078125">
        <ele>6</ele>
        <time>2026-10-03T01:45:44.000Z</time>
        <extensions>
          <ns3:TrackPointExtension>
            <ns3:atemp>29.0</ns3:atemp>
            <ns3:hr>173</ns3:hr>
            <ns3:cad>89</ns3:cad>
          </ns3:TrackPointExtension>
        </extensions>
      </trkpt>
      <trkpt lat="34.6429186128079891204833984375" lon="135.12826248072087764739990234375">
        <ele>6</ele>
        <time>2026-10-03T01:45:45.000Z</time>
        <extensions>
          <ns3:TrackPointExtension>
            <ns3:atemp>29.0</ns3:atemp>
            <ns3:hr>173</ns3:hr>
            <ns3:cad>89</ns3:cad>
          </ns3:TrackPointExtension>
        </extensions>
      </trkpt>
      <trkpt lat="34.6429172717034816741943359375" lon="135.12822367250919342041015625">
        <ele>6.19999980926513671875</ele>
        <time>2026-10-03T01:45:46.000Z</time>
        <extensions>
          <ns3:TrackPointExtension>
            <ns3:atemp>29.0</ns3:atemp>
            <ns3:hr>173</ns3:hr>
            <ns3:cad>89</ns3:cad>
          </ns3:TrackPointExtension>
        </extensions>
      </trkpt>
      <trkpt lat="34.64292137883603572845458984375" lon="135.12819391675293445587158203125">
        <ele>6.19999980926513671875</ele>
        <time>2026-10-03T01:45:47.000Z</time>
        <extensions>
          <ns3:TrackPointExtension>
            <ns3:atemp>29.0</ns3:atemp>
            <ns3:hr>173</ns3:hr>
            <ns3:cad>90</ns3:cad>
          </ns3:TrackPointExtension>
        </extensions>
      </trkpt>
      <trkpt lat="34.64291970245540142059326171875" lon="135.12815418653190135955810546875">
        <ele>6.19999980926513671875</ele>
        <time>2026-10-03T01:45:48.000Z</time>
        <extensions>
          <ns3:TrackPointExtension>
            <ns3:atemp>29.0</ns3:atemp>
            <ns3:hr>173</ns3:hr>
            <ns3:cad>90</ns3:cad>
          </ns3:TrackPointExtension>
        </extensions>
      </trkpt>
      <trkpt lat="34.6429248154163360595703125" lon="135.12812443077564239501953125">
        <ele>6.19999980926513671875</ele>
        <time>2026-10-03T01:45:49.000Z</time>
        <extensions>
          <ns3:TrackPointExtension>
            <ns3:atemp>29.0</ns3:atemp>
            <ns3:hr>174</ns3:hr>
            <ns3:cad>90</ns3:cad>
          </ns3:TrackPointExtension>
        </extensions>
      </trkpt>
      <trkpt lat="34.6429256536066532135009765625" lon="135.12808461673557758331298828125">
        <ele>6.19999980926513671875</ele>
        <time>2026-10-03T01:45:50.000Z</time>
        <extensions>
          <ns3:TrackPointExtension>
            <ns3:atemp>29.0</ns3:atemp>
            <ns3:hr>174</ns3:hr>
            <ns3:cad>90</ns3:cad>
          </ns3:TrackPointExtension>
        </extensions>
      </trkpt>
      <trkpt lat="34.6429316885769367218017578125" lon="135.12805175967514514923095703125">
        <ele>6.19999980926513671875</ele>
        <time>2026-10-03T01:45:51.000Z</time>
        <extensions>
          <ns3:TrackPointExtension>
            <ns3:atemp>29.0</ns3:atemp>
            <ns3:hr>175</ns3:hr>
            <ns3:cad>90</ns3:cad>
          </ns3:TrackPointExtension>
        </extensions>
      </trkpt>
      <trkpt lat="34.6429326944053173065185546875" lon="135.12801487930119037628173828125">
        <ele>6.19999980926513671875</ele>
        <time>2026-10-03T01:45:52.000Z</time>
        <extensions>
          <ns3:TrackPointExtension>
            <ns3:atemp>29.0</ns3:atemp>
            <ns3:hr>175</ns3:hr>
            <ns3:cad>90</ns3:cad>
          </ns3:TrackPointExtension>
        </extensions>
      </trkpt>
      <trkpt lat="34.64294015429913997650146484375" lon="135.1279847882688045501708984375">
        <ele>6</ele>
        <time>2026-10-03T01:45:53.000Z</time>
        <extensions>
          <ns3:TrackPointExtension>
            <ns3:atemp>29.0</ns3:atemp>
            <ns3:hr>173</ns3:hr>
            <ns3:cad>90</ns3:cad>
          </ns3:TrackPointExtension>
        </extensions>
      </trkpt>
      <trkpt lat="34.64294618926942348480224609375" lon="135.12794740498065948486328125">
        <ele>6.19999980926513671875</ele>
        <time>2026-10-03T01:45:54.000Z</time>
        <extensions>
          <ns3:TrackPointExtension>
            <ns3:atemp>29.0</ns3:atemp>
            <ns3:hr>173</ns3:hr>
            <ns3:cad>90</ns3:cad>
          </ns3:TrackPointExtension>
        </extensions>
      </trkpt>
      <trkpt lat="34.64295457117259502410888671875" lon="135.12791463173925876617431640625">
        <ele>6.19999980926513671875</ele>
        <time>2026-10-03T01:45:55.000Z</time>
        <extensions>
          <ns3:TrackPointExtension>
            <ns3:atemp>29.0</ns3:atemp>
            <ns3:hr>174</ns3:hr>
            <ns3:cad>90</ns3:cad>
          </ns3:TrackPointExtension>
        </extensions>
      </trkpt>
      <trkpt lat="34.6429575048387050628662109375" lon="135.1278744824230670928955078125">
        <ele>6.19999980926513671875</ele>
        <time>2026-10-03T01:45:56.000Z</time>
        <extensions>
          <ns3:TrackPointExtension>
            <ns3:atemp>29.0</ns3:atemp>
            <ns3:hr>174</ns3:hr>
            <ns3:cad>90</ns3:cad>
          </ns3:TrackPointExtension>
        </extensions>
      </trkpt>
      <trkpt lat="34.64296245016157627105712890625" lon="135.12783952988684177398681640625">
        <ele>6.19999980926513671875</ele>
        <time>2026-10-03T01:45:57.000Z</time>
        <extensions>
          <ns3:TrackPointExtension>
            <ns3:atemp>29.0</ns3:atemp>
            <ns3:hr>174</ns3:hr>
            <ns3:cad>90</ns3:cad>
          </ns3:TrackPointExtension>
        </extensions>
      </trkpt>
      <trkpt lat="34.64296362362802028656005859375" lon="135.12779829092323780059814453125">
        <ele>6.400000095367431640625</ele>
        <time>2026-10-03T01:45:58.000Z</time>
        <extensions>
          <ns3:TrackPointExtension>
            <ns3:atemp>29.0</ns3:atemp>
            <ns3:hr>174</ns3:hr>
            <ns3:cad>90</ns3:cad>
          </ns3:TrackPointExtension>
        </extensions>
      </trkpt>
      <trkpt lat="34.64296915568411350250244140625" lon="135.1277678646147251129150390625">
        <ele>6.400000095367431640625</ele>
        <time>2026-10-03T01:45:59.000Z</time>
        <extensions>
          <ns3:TrackPointExtension>
            <ns3:atemp>29.0</ns3:atemp>
            <ns3:hr>174</ns3:hr>
            <ns3:cad>90</ns3:cad>
          </ns3:TrackPointExtension>
        </extensions>
      </trkpt>
      <trkpt lat="34.64296798221766948699951171875" lon="135.12772620655596256256103515625">
        <ele>6.400000095367431640625</ele>
        <time>2026-10-03T01:46:00.000Z</time>
        <extensions>
          <ns3:TrackPointExtension>
            <ns3:atemp>29.0</ns3:atemp>
            <ns3:hr>175</ns3:hr>
            <ns3:cad>90</ns3:cad>
          </ns3:TrackPointExtension>
        </extensions>
      </trkpt>
      <trkpt lat="34.64297242462635040283203125" lon="135.12769955210387706756591796875">
        <ele>6.19999980926513671875</ele>
        <time>2026-10-03T01:46:01.000Z</time>
        <extensions>
          <ns3:TrackPointExtension>
            <ns3:atemp>29.0</ns3:atemp>
            <ns3:hr>175</ns3:hr>
            <ns3:cad>89</ns3:cad>
          </ns3:TrackPointExtension>
        </extensions>
      </trkpt>
      <trkpt lat="34.64297452010214328765869140625" lon="135.127662755548954010009765625">
        <ele>6.400000095367431640625</ele>
        <time>2026-10-03T01:46:02.000Z</time>
        <extensions>
          <ns3:TrackPointExtension>
            <ns3:atemp>29.0</ns3:atemp>
            <ns3:hr>175</ns3:hr>
            <ns3:cad>89</ns3:cad>
          </ns3:TrackPointExtension>
        </extensions>
      </trkpt>
      <trkpt lat="34.64297904632985591888427734375" lon="135.12763417325913906097412109375">
        <ele>6.19999980926513671875</ele>
        <time>2026-10-03T01:46:03.000Z</time>
        <extensions>
          <ns3:TrackPointExtension>
            <ns3:atemp>29.0</ns3:atemp>
            <ns3:hr>175</ns3:hr>
            <ns3:cad>89</ns3:cad>
          </ns3:TrackPointExtension>
        </extensions>
      </trkpt>
      <trkpt lat="34.642982147634029388427734375" lon="135.1275988854467868804931640625">
        <ele>6.19999980926513671875</ele>
        <time>2026-10-03T01:46:04.000Z</time>
        <extensions>
          <ns3:TrackPointExtension>
            <ns3:atemp>29.0</ns3:atemp>
            <ns3:hr>175</ns3:hr>
            <ns3:cad>88</ns3:cad>
          </ns3:TrackPointExtension>
        </extensions>
      </trkpt>
      <trkpt lat="34.64298223145306110382080078125" lon="135.1275663636624813079833984375">
        <ele>6.19999980926513671875</ele>
        <time>2026-10-03T01:46:05.000Z</time>
        <extensions>
          <ns3:TrackPointExtension>
            <ns3:atemp>29.0</ns3:atemp>
            <ns3:hr>174</ns3:hr>
            <ns3:cad>88</ns3:cad>
          </ns3:TrackPointExtension>
        </extensions>
      </trkpt>
      <trkpt lat="34.6429856680333614349365234375" lon="135.12752889655530452728271484375">
        <ele>6.400000095367431640625</ele>
        <time>2026-10-03T01:46:06.000Z</time>
        <extensions>
          <ns3:TrackPointExtension>
            <ns3:atemp>29.0</ns3:atemp>
            <ns3:hr>174</ns3:hr>
            <ns3:cad>88</ns3:cad>
          </ns3:TrackPointExtension>
        </extensions>
      </trkpt>
      <trkpt lat="34.6429886855185031890869140625" lon="135.127496458590030670166015625">
        <ele>6.400000095367431640625</ele>
        <time>2026-10-03T01:46:07.000Z</time>
        <extensions>
          <ns3:TrackPointExtension>
            <ns3:atemp>29.0</ns3:atemp>
            <ns3:hr>175</ns3:hr>
            <ns3:cad>88</ns3:cad>
          </ns3:TrackPointExtension>
        </extensions>
      </trkpt>
      <trkpt lat="34.642992876470088958740234375" lon="135.1274590753018856048583984375">
        <ele>6.400000095367431640625</ele>
        <time>2026-10-03T01:46:08.000Z</time>
        <extensions>
          <ns3:TrackPointExtension>
            <ns3:atemp>29.0</ns3:atemp>
            <ns3:hr>174</ns3:hr>
            <ns3:cad>88</ns3:cad>
          </ns3:TrackPointExtension>
        </extensions>
      </trkpt>
      <trkpt lat="34.64299547486007213592529296875" lon="135.12742378748953342437744140625">
        <ele>6.400000095367431640625</ele>
        <time>2026-10-03T01:46:09.000Z</time>
        <extensions>
          <ns3:TrackPointExtension>
            <ns3:atemp>29.0</ns3:atemp>
            <ns3:hr>173</ns3:hr>
            <ns3:cad>89</ns3:cad>
          </ns3:TrackPointExtension>
        </extensions>
      </trkpt>
      <trkpt lat="34.64299731887876987457275390625" lon="135.12739260680973529815673828125">
        <ele>6.400000095367431640625</ele>
        <time>2026-10-03T01:46:10.000Z</time>
        <extensions>
          <ns3:TrackPointExtension>
            <ns3:atemp>29.0</ns3:atemp>
            <ns3:hr>173</ns3:hr>
            <ns3:cad>89</ns3:cad>
          </ns3:TrackPointExtension>
        </extensions>
      </trkpt>
      <trkpt lat="34.6429945528507232666015625" lon="135.12735723517835140228271484375">
        <ele>6.19999980926513671875</ele>
        <time>2026-10-03T01:46:11.000Z</time>
        <extensions>
          <ns3:TrackPointExtension>
            <ns3:atemp>29.0</ns3:atemp>
            <ns3:hr>173</ns3:hr>
            <ns3:cad>89</ns3:cad>
          </ns3:TrackPointExtension>
        </extensions>
      </trkpt>
      <trkpt lat="34.64299648068845272064208984375" lon="135.1273263059556484222412109375">
        <ele>6.400000095367431640625</ele>
        <time>2026-10-03T01:46:12.000Z</time>
        <extensions>
          <ns3:TrackPointExtension>
            <ns3:atemp>29.0</ns3:atemp>
            <ns3:hr>174</ns3:hr>
            <ns3:cad>89</ns3:cad>
          </ns3:TrackPointExtension>
        </extensions>
      </trkpt>
      <trkpt lat="34.64299648068845272064208984375" lon="135.12728892266750335693359375">
        <ele>6.400000095367431640625</ele>
        <time>2026-10-03T01:46:13.000Z</time>
        <extensions>
          <ns3:TrackPointExtension>
            <ns3:atemp>28.0</ns3:atemp>
            <ns3:hr>173</ns3:hr>
            <ns3:cad>89</ns3:cad>
          </ns3:TrackPointExtension>
        </extensions>
      </trkpt>
      <trkpt lat="34.6429994143545627593994140625" lon="135.12726000510156154632568359375">
        <ele>6.400000095367431640625</ele>
        <time>2026-10-03T01:46:14.000Z</time>
        <extensions>
          <ns3:TrackPointExtension>
            <ns3:atemp>28.0</ns3:atemp>
            <ns3:hr>174</ns3:hr>
            <ns3:cad>89</ns3:cad>
          </ns3:TrackPointExtension>
        </extensions>
      </trkpt>
      <trkpt lat="34.64299681596457958221435546875" lon="135.12722413055598735809326171875">
        <ele>6.400000095367431640625</ele>
        <time>2026-10-03T01:46:15.000Z</time>
        <extensions>
          <ns3:TrackPointExtension>
            <ns3:atemp>29.0</ns3:atemp>
            <ns3:hr>174</ns3:hr>
            <ns3:cad>89</ns3:cad>
          </ns3:TrackPointExtension>
        </extensions>
      </trkpt>
      <trkpt lat="34.642996899783611297607421875" lon="135.12719479389488697052001953125">
        <ele>6.400000095367431640625</ele>
        <time>2026-10-03T01:46:16.000Z</time>
        <extensions>
          <ns3:TrackPointExtension>
            <ns3:atemp>29.0</ns3:atemp>
            <ns3:hr>174</ns3:hr>
            <ns3:cad>89</ns3:cad>
          </ns3:TrackPointExtension>
        </extensions>
      </trkpt>
      <trkpt lat="34.64299463666975498199462890625" lon="135.12715456075966358184814453125">
        <ele>6.400000095367431640625</ele>
        <time>2026-10-03T01:46:17.000Z</time>
        <extensions>
          <ns3:TrackPointExtension>
            <ns3:atemp>28.0</ns3:atemp>
            <ns3:hr>174</ns3:hr>
            <ns3:cad>88</ns3:cad>
          </ns3:TrackPointExtension>
        </extensions>
      </trkpt>
      <trkpt lat="34.64299849234521389007568359375" lon="135.1271246373653411865234375">
        <ele>6.400000095367431640625</ele>
        <time>2026-10-03T01:46:18.000Z</time>
        <extensions>
          <ns3:TrackPointExtension>
            <ns3:atemp>29.0</ns3:atemp>
            <ns3:hr>175</ns3:hr>
            <ns3:cad>88</ns3:cad>
          </ns3:TrackPointExtension>
        </extensions>
      </trkpt>
      <trkpt lat="34.64299547486007213592529296875" lon="135.12708012945950031280517578125">
        <ele>6.400000095367431640625</ele>
        <time>2026-10-03T01:46:19.000Z</time>
        <extensions>
          <ns3:TrackPointExtension>
            <ns3:atemp>28.0</ns3:atemp>
            <ns3:hr>175</ns3:hr>
            <ns3:cad>88</ns3:cad>
          </ns3:TrackPointExtension>
        </extensions>
      </trkpt>
      <trkpt lat="34.64299648068845272064208984375" lon="135.1270503737032413482666015625">
        <ele>6.19999980926513671875</ele>
        <time>2026-10-03T01:46:20.000Z</time>
        <extensions>
          <ns3:TrackPointExtension>
            <ns3:atemp>28.0</ns3:atemp>
            <ns3:hr>175</ns3:hr>
            <ns3:cad>89</ns3:cad>
          </ns3:TrackPointExtension>
        </extensions>
      </trkpt>
      <trkpt lat="34.64299128390848636627197265625" lon="135.12701089493930339813232421875">
        <ele>6.19999980926513671875</ele>
        <time>2026-10-03T01:46:21.000Z</time>
        <extensions>
          <ns3:TrackPointExtension>
            <ns3:atemp>28.0</ns3:atemp>
            <ns3:hr>175</ns3:hr>
            <ns3:cad>89</ns3:cad>
          </ns3:TrackPointExtension>
        </extensions>
      </trkpt>
      <trkpt lat="34.64299254119396209716796875" lon="135.1269796304404735565185546875">
        <ele>6.19999980926513671875</ele>
        <time>2026-10-03T01:46:22.000Z</time>
        <extensions>
          <ns3:TrackPointExtension>
            <ns3:atemp>28.0</ns3:atemp>
            <ns3:hr>175</ns3:hr>
            <ns3:cad>89</ns3:cad>
          </ns3:TrackPointExtension>
        </extensions>
      </trkpt>
      <trkpt lat="34.64298876933753490447998046875" lon="135.12694182805716991424560546875">
        <ele>6.19999980926513671875</ele>
        <time>2026-10-03T01:46:23.000Z</time>
        <extensions>
          <ns3:TrackPointExtension>
            <ns3:atemp>28.0</ns3:atemp>
            <ns3:hr>176</ns3:hr>
            <ns3:cad>89</ns3:cad>
          </ns3:TrackPointExtension>
        </extensions>
      </trkpt>
      <trkpt lat="34.64299245737493038177490234375" lon="135.12691316194832324981689453125">
        <ele>6.19999980926513671875</ele>
        <time>2026-10-03T01:46:24.000Z</time>
        <extensions>
          <ns3:TrackPointExtension>
            <ns3:atemp>28.0</ns3:atemp>
            <ns3:hr>176</ns3:hr>
            <ns3:cad>89</ns3:cad>
          </ns3:TrackPointExtension>
        </extensions>
      </trkpt>
      <trkpt lat="34.64298809878528118133544921875" lon="135.1268746890127658843994140625">
        <ele>6.19999980926513671875</ele>
        <time>2026-10-03T01:46:25.000Z</time>
        <extensions>
          <ns3:TrackPointExtension>
            <ns3:atemp>28.0</ns3:atemp>
            <ns3:hr>176</ns3:hr>
            <ns3:cad>89</ns3:cad>
          </ns3:TrackPointExtension>
        </extensions>
      </trkpt>
      <trkpt lat="34.64299044571816921234130859375" lon="135.126846022903919219970703125">
        <ele>6.19999980926513671875</ele>
        <time>2026-10-03T01:46:26.000Z</time>
        <extensions>
          <ns3:TrackPointExtension>
            <ns3:atemp>28.0</ns3:atemp>
            <ns3:hr>175</ns3:hr>
            <ns3:cad>89</ns3:cad>
          </ns3:TrackPointExtension>
        </extensions>
      </trkpt>
      <trkpt lat="34.6429900266230106353759765625" lon="135.12680671177804470062255859375">
        <ele>6.19999980926513671875</ele>
        <time>2026-10-03T01:46:27.000Z</time>
        <extensions>
          <ns3:TrackPointExtension>
            <ns3:atemp>28.0</ns3:atemp>
            <ns3:hr>174</ns3:hr>
            <ns3:cad>89</ns3:cad>
          </ns3:TrackPointExtension>
        </extensions>
      </trkpt>
      <trkpt lat="34.64299254119396209716796875" lon="135.126775614917278289794921875">
        <ele>6.19999980926513671875</ele>
        <time>2026-10-03T01:46:28.000Z</time>
        <extensions>
          <ns3:TrackPointExtension>
            <ns3:atemp>28.0</ns3:atemp>
            <ns3:hr>174</ns3:hr>
            <ns3:cad>89</ns3:cad>
          </ns3:TrackPointExtension>
        </extensions>
      </trkpt>
      <trkpt lat="34.642989523708820343017578125" lon="135.126736722886562347412109375">
        <ele>6.19999980926513671875</ele>
        <time>2026-10-03T01:46:29.000Z</time>
        <extensions>
          <ns3:TrackPointExtension>
            <ns3:atemp>28.0</ns3:atemp>
            <ns3:hr>174</ns3:hr>
            <ns3:cad>89</ns3:cad>
          </ns3:TrackPointExtension>
        </extensions>
      </trkpt>
      <trkpt lat="34.64298843406140804290771484375" lon="135.1267077215015888214111328125">
        <ele>6.19999980926513671875</ele>
        <time>2026-10-03T01:46:30.000Z</time>
        <extensions>
          <ns3:TrackPointExtension>
            <ns3:atemp>28.0</ns3:atemp>
            <ns3:hr>173</ns3:hr>
            <ns3:cad>89</ns3:cad>
          </ns3:TrackPointExtension>
        </extensions>
      </trkpt>
      <trkpt lat="34.642985165119171142578125" lon="135.1266686618328094482421875">
        <ele>6.19999980926513671875</ele>
        <time>2026-10-03T01:46:31.000Z</time>
        <extensions>
          <ns3:TrackPointExtension>
            <ns3:atemp>28.0</ns3:atemp>
            <ns3:hr>173</ns3:hr>
            <ns3:cad>89</ns3:cad>
          </ns3:TrackPointExtension>
        </extensions>
      </trkpt>
      <trkpt lat="34.64298441074788570404052734375" lon="135.12663655914366245269775390625">
        <ele>6.19999980926513671875</ele>
        <time>2026-10-03T01:46:32.000Z</time>
        <extensions>
          <ns3:TrackPointExtension>
            <ns3:atemp>28.0</ns3:atemp>
            <ns3:hr>173</ns3:hr>
            <ns3:cad>89</ns3:cad>
          </ns3:TrackPointExtension>
        </extensions>
      </trkpt>
      <trkpt lat="34.64298306964337825775146484375" lon="135.1265989243984222412109375">
        <ele>6.19999980926513671875</ele>
        <time>2026-10-03T01:46:33.000Z</time>
        <extensions>
          <ns3:TrackPointExtension>
            <ns3:atemp>28.0</ns3:atemp>
            <ns3:hr>173</ns3:hr>
            <ns3:cad>89</ns3:cad>
          </ns3:TrackPointExtension>
        </extensions>
      </trkpt>
      <trkpt lat="34.642981477081775665283203125" lon="135.12656631879508495330810546875">
        <ele>6.400000095367431640625</ele>
        <time>2026-10-03T01:46:34.000Z</time>
        <extensions>
          <ns3:TrackPointExtension>
            <ns3:atemp>28.0</ns3:atemp>
            <ns3:hr>174</ns3:hr>
            <ns3:cad>89</ns3:cad>
          </ns3:TrackPointExtension>
        </extensions>
      </trkpt>
      <trkpt lat="34.642980806529521942138671875" lon="135.12652843259274959564208984375">
        <ele>6.400000095367431640625</ele>
        <time>2026-10-03T01:46:35.000Z</time>
        <extensions>
          <ns3:TrackPointExtension>
            <ns3:atemp>28.0</ns3:atemp>
            <ns3:hr>174</ns3:hr>
            <ns3:cad>89</ns3:cad>
          </ns3:TrackPointExtension>
        </extensions>
      </trkpt>
      <trkpt lat="34.64297770522534847259521484375" lon="135.12649306096136569976806640625">
        <ele>6.599999904632568359375</ele>
        <time>2026-10-03T01:46:36.000Z</time>
        <extensions>
          <ns3:TrackPointExtension>
            <ns3:atemp>28.0</ns3:atemp>
            <ns3:hr>174</ns3:hr>
            <ns3:cad>89</ns3:cad>
          </ns3:TrackPointExtension>
        </extensions>
      </trkpt>
      <trkpt lat="34.64297376573085784912109375" lon="135.12645266018807888031005859375">
        <ele>6.599999904632568359375</ele>
        <time>2026-10-03T01:46:37.000Z</time>
        <extensions>
          <ns3:TrackPointExtension>
            <ns3:atemp>28.0</ns3:atemp>
            <ns3:hr>175</ns3:hr>
            <ns3:cad>89</ns3:cad>
          </ns3:TrackPointExtension>
        </extensions>
      </trkpt>
      <trkpt lat="34.6429702453315258026123046875" lon="135.12641913257539272308349609375">
        <ele>6.599999904632568359375</ele>
        <time>2026-10-03T01:46:38.000Z</time>
        <extensions>
          <ns3:TrackPointExtension>
            <ns3:atemp>28.0</ns3:atemp>
            <ns3:hr>174</ns3:hr>
            <ns3:cad>90</ns3:cad>
          </ns3:TrackPointExtension>
        </extensions>
      </trkpt>
      <trkpt lat="34.64296697638928890228271484375" lon="135.12638032436370849609375">
        <ele>6.400000095367431640625</ele>
        <time>2026-10-03T01:46:39.000Z</time>
        <extensions>
          <ns3:TrackPointExtension>
            <ns3:atemp>28.0</ns3:atemp>
            <ns3:hr>174</ns3:hr>
            <ns3:cad>90</ns3:cad>
          </ns3:TrackPointExtension>
        </extensions>
      </trkpt>
      <trkpt lat="34.64296303689479827880859375" lon="135.126347132027149200439453125">
        <ele>6.400000095367431640625</ele>
        <time>2026-10-03T01:46:40.000Z</time>
        <extensions>
          <ns3:TrackPointExtension>
            <ns3:atemp>28.0</ns3:atemp>
            <ns3:hr>173</ns3:hr>
            <ns3:cad>90</ns3:cad>
          </ns3:TrackPointExtension>
        </extensions>
      </trkpt>
      <trkpt lat="34.64295901358127593994140625" lon="135.12631083838641643524169921875">
        <ele>6.400000095367431640625</ele>
        <time>2026-10-03T01:46:41.000Z</time>
        <extensions>
          <ns3:TrackPointExtension>
            <ns3:atemp>28.0</ns3:atemp>
            <ns3:hr>173</ns3:hr>
            <ns3:cad>90</ns3:cad>
          </ns3:TrackPointExtension>
        </extensions>
      </trkpt>
      <trkpt lat="34.64295473881065845489501953125" lon="135.12627772986888885498046875">
        <ele>6.400000095367431640625</ele>
        <time>2026-10-03T01:46:42.000Z</time>
        <extensions>
          <ns3:TrackPointExtension>
            <ns3:atemp>28.0</ns3:atemp>
            <ns3:hr>173</ns3:hr>
            <ns3:cad>90</ns3:cad>
          </ns3:TrackPointExtension>
        </extensions>
      </trkpt>
      <trkpt lat="34.64295239187777042388916015625" lon="135.126243531703948974609375">
        <ele>6.400000095367431640625</ele>
        <time>2026-10-03T01:46:43.000Z</time>
        <extensions>
          <ns3:TrackPointExtension>
            <ns3:atemp>28.0</ns3:atemp>
            <ns3:hr>173</ns3:hr>
            <ns3:cad>89</ns3:cad>
          </ns3:TrackPointExtension>
        </extensions>
      </trkpt>
      <trkpt lat="34.64294769801199436187744140625" lon="135.126208998262882232666015625">
        <ele>6.400000095367431640625</ele>
        <time>2026-10-03T01:46:44.000Z</time>
        <extensions>
          <ns3:TrackPointExtension>
            <ns3:atemp>28.0</ns3:atemp>
            <ns3:hr>173</ns3:hr>
            <ns3:cad>89</ns3:cad>
          </ns3:TrackPointExtension>
        </extensions>
      </trkpt>
      <trkpt lat="34.6429447643458843231201171875" lon="135.12617580592632293701171875">
        <ele>6.599999904632568359375</ele>
        <time>2026-10-03T01:46:45.000Z</time>
        <extensions>
          <ns3:TrackPointExtension>
            <ns3:atemp>28.0</ns3:atemp>
            <ns3:hr>174</ns3:hr>
            <ns3:cad>89</ns3:cad>
          </ns3:TrackPointExtension>
        </extensions>
      </trkpt>
      <trkpt lat="34.642940573394298553466796875" lon="135.12614286504685878753662109375">
        <ele>6.599999904632568359375</ele>
        <time>2026-10-03T01:46:46.000Z</time>
        <extensions>
          <ns3:TrackPointExtension>
            <ns3:atemp>28.0</ns3:atemp>
            <ns3:hr>174</ns3:hr>
            <ns3:cad>89</ns3:cad>
          </ns3:TrackPointExtension>
        </extensions>
      </trkpt>
      <trkpt lat="34.6429383940994739532470703125" lon="135.1261105947196483612060546875">
        <ele>6.599999904632568359375</ele>
        <time>2026-10-03T01:46:47.000Z</time>
        <extensions>
          <ns3:TrackPointExtension>
            <ns3:atemp>28.0</ns3:atemp>
            <ns3:hr>175</ns3:hr>
            <ns3:cad>90</ns3:cad>
          </ns3:TrackPointExtension>
        </extensions>
      </trkpt>
      <trkpt lat="34.64293445460498332977294921875" lon="135.12607497163116931915283203125">
        <ele>6.400000095367431640625</ele>
        <time>2026-10-03T01:46:48.000Z</time>
        <extensions>
          <ns3:TrackPointExtension>
            <ns3:atemp>28.0</ns3:atemp>
            <ns3:hr>175</ns3:hr>
            <ns3:cad>90</ns3:cad>
          </ns3:TrackPointExtension>
        </extensions>
      </trkpt>
      <trkpt lat="34.64293420314788818359375" lon="135.12603892944753170013427734375">
        <ele>6.400000095367431640625</ele>
        <time>2026-10-03T01:46:49.000Z</time>
        <extensions>
          <ns3:TrackPointExtension>
            <ns3:atemp>28.0</ns3:atemp>
            <ns3:hr>174</ns3:hr>
            <ns3:cad>90</ns3:cad>
          </ns3:TrackPointExtension>
        </extensions>
      </trkpt>
      <trkpt lat="34.64292875491082668304443359375" lon="135.126003809273242950439453125">
        <ele>6.400000095367431640625</ele>
        <time>2026-10-03T01:46:50.000Z</time>
        <extensions>
          <ns3:TrackPointExtension>
            <ns3:atemp>28.0</ns3:atemp>
            <ns3:hr>173</ns3:hr>
            <ns3:cad>90</ns3:cad>
          </ns3:TrackPointExtension>
        </extensions>
      </trkpt>
      <trkpt lat="34.64292741380631923675537109375" lon="135.1259724609553813934326171875">
        <ele>6.400000095367431640625</ele>
        <time>2026-10-03T01:46:51.000Z</time>
        <extensions>
          <ns3:TrackPointExtension>
            <ns3:atemp>28.0</ns3:atemp>
            <ns3:hr>173</ns3:hr>
            <ns3:cad>89</ns3:cad>
          </ns3:TrackPointExtension>
        </extensions>
      </trkpt>
      <trkpt lat="34.6429199539124965667724609375" lon="135.125937424600124359130859375">
        <ele>6.599999904632568359375</ele>
        <time>2026-10-03T01:46:52.000Z</time>
        <extensions>
          <ns3:TrackPointExtension>
            <ns3:atemp>28.0</ns3:atemp>
            <ns3:hr>173</ns3:hr>
            <ns3:cad>89</ns3:cad>
          </ns3:TrackPointExtension>
        </extensions>
      </trkpt>
      <trkpt lat="34.64291517622768878936767578125" lon="135.125905573368072509765625">
        <ele>6.599999904632568359375</ele>
        <time>2026-10-03T01:46:53.000Z</time>
        <extensions>
          <ns3:TrackPointExtension>
            <ns3:atemp>28.0</ns3:atemp>
            <ns3:hr>173</ns3:hr>
            <ns3:cad>90</ns3:cad>
          </ns3:TrackPointExtension>
        </extensions>
      </trkpt>
      <trkpt lat="34.6429092250764369964599609375" lon="135.12586927972733974456787109375">
        <ele>6.599999904632568359375</ele>
        <time>2026-10-03T01:46:54.000Z</time>
        <extensions>
          <ns3:TrackPointExtension>
            <ns3:atemp>28.0</ns3:atemp>
            <ns3:hr>174</ns3:hr>
            <ns3:cad>90</ns3:cad>
          </ns3:TrackPointExtension>
        </extensions>
      </trkpt>
      <trkpt lat="34.64290671050548553466796875" lon="135.12583675794303417205810546875">
        <ele>6.80000019073486328125</ele>
        <time>2026-10-03T01:46:55.000Z</time>
        <extensions>
          <ns3:TrackPointExtension>
            <ns3:atemp>28.0</ns3:atemp>
            <ns3:hr>174</ns3:hr>
            <ns3:cad>90</ns3:cad>
          </ns3:TrackPointExtension>
        </extensions>
      </trkpt>
      <trkpt lat="34.642895646393299102783203125" lon="135.12579887174069881439208984375">
        <ele>6.80000019073486328125</ele>
        <time>2026-10-03T01:46:56.000Z</time>
        <extensions>
          <ns3:TrackPointExtension>
            <ns3:atemp>28.0</ns3:atemp>
            <ns3:hr>174</ns3:hr>
            <ns3:cad>89</ns3:cad>
          </ns3:TrackPointExtension>
        </extensions>
      </trkpt>
      <trkpt lat="34.642893634736537933349609375" lon="135.125767774879932403564453125">
        <ele>6.80000019073486328125</ele>
        <time>2026-10-03T01:46:57.000Z</time>
        <extensions>
          <ns3:TrackPointExtension>
            <ns3:atemp>28.0</ns3:atemp>
            <ns3:hr>174</ns3:hr>
            <ns3:cad>89</ns3:cad>
          </ns3:TrackPointExtension>
        </extensions>
      </trkpt>
      <trkpt lat="34.64288751594722270965576171875" lon="135.1257303915917873382568359375">
        <ele>6.599999904632568359375</ele>
        <time>2026-10-03T01:46:58.000Z</time>
        <extensions>
          <ns3:TrackPointExtension>
            <ns3:atemp>28.0</ns3:atemp>
            <ns3:hr>175</ns3:hr>
            <ns3:cad>90</ns3:cad>
          </ns3:TrackPointExtension>
        </extensions>
      </trkpt>
      <trkpt lat="34.64288064278662204742431640625" lon="135.12569493614137172698974609375">
        <ele>6.599999904632568359375</ele>
        <time>2026-10-03T01:46:59.000Z</time>
        <extensions>
          <ns3:TrackPointExtension>
            <ns3:atemp>28.0</ns3:atemp>
            <ns3:hr>176</ns3:hr>
            <ns3:cad>90</ns3:cad>
          </ns3:TrackPointExtension>
        </extensions>
      </trkpt>
      <trkpt lat="34.6428706683218479156494140625" lon="135.125658810138702392578125">
        <ele>6.599999904632568359375</ele>
        <time>2026-10-03T01:47:00.000Z</time>
        <extensions>
          <ns3:TrackPointExtension>
            <ns3:atemp>28.0</ns3:atemp>
            <ns3:hr>176</ns3:hr>
            <ns3:cad>90</ns3:cad>
          </ns3:TrackPointExtension>
        </extensions>
      </trkpt>
      <trkpt lat="34.6428666450083255767822265625" lon="135.12562821619212627410888671875">
        <ele>6.599999904632568359375</ele>
        <time>2026-10-03T01:47:01.000Z</time>
        <extensions>
          <ns3:TrackPointExtension>
            <ns3:atemp>28.0</ns3:atemp>
            <ns3:hr>175</ns3:hr>
            <ns3:cad>90</ns3:cad>
          </ns3:TrackPointExtension>
        </extensions>
      </trkpt>
      <trkpt lat="34.64285516180098056793212890625" lon="135.12559049762785434722900390625">
        <ele>6.599999904632568359375</ele>
        <time>2026-10-03T01:47:02.000Z</time>
        <extensions>
          <ns3:TrackPointExtension>
            <ns3:atemp>28.0</ns3:atemp>
            <ns3:hr>174</ns3:hr>
            <ns3:cad>89</ns3:cad>
          </ns3:TrackPointExtension>
        </extensions>
      </trkpt>
      <trkpt lat="34.64285164140164852142333984375" lon="135.12556023895740509033203125">
        <ele>6.599999904632568359375</ele>
        <time>2026-10-03T01:47:03.000Z</time>
        <extensions>
          <ns3:TrackPointExtension>
            <ns3:atemp>28.0</ns3:atemp>
            <ns3:hr>174</ns3:hr>
            <ns3:cad>89</ns3:cad>
          </ns3:TrackPointExtension>
        </extensions>
      </trkpt>
      <trkpt lat="34.64283873327076435089111328125" lon="135.1255218498408794403076171875">
        <ele>6.599999904632568359375</ele>
        <time>2026-10-03T01:47:04.000Z</time>
        <extensions>
          <ns3:TrackPointExtension>
            <ns3:atemp>28.0</ns3:atemp>
            <ns3:hr>175</ns3:hr>
            <ns3:cad>89</ns3:cad>
          </ns3:TrackPointExtension>
        </extensions>
      </trkpt>
      <trkpt lat="34.64283487759530544281005859375" lon="135.1254910044372081756591796875">
        <ele>6.599999904632568359375</ele>
        <time>2026-10-03T01:47:05.000Z</time>
        <extensions>
          <ns3:TrackPointExtension>
            <ns3:atemp>28.0</ns3:atemp>
            <ns3:hr>175</ns3:hr>
            <ns3:cad>89</ns3:cad>
          </ns3:TrackPointExtension>
        </extensions>
      </trkpt>
      <trkpt lat="34.64282314293086528778076171875" lon="135.1254527829587459564208984375">
        <ele>6.599999904632568359375</ele>
        <time>2026-10-03T01:47:06.000Z</time>
        <extensions>
          <ns3:TrackPointExtension>
            <ns3:atemp>28.0</ns3:atemp>
            <ns3:hr>174</ns3:hr>
            <ns3:cad>89</ns3:cad>
          </ns3:TrackPointExtension>
        </extensions>
      </trkpt>
      <trkpt lat="34.64281819760799407958984375" lon="135.1254202611744403839111328125">
        <ele>6.599999904632568359375</ele>
        <time>2026-10-03T01:47:07.000Z</time>
        <extensions>
          <ns3:TrackPointExtension>
            <ns3:atemp>27.0</ns3:atemp>
            <ns3:hr>174</ns3:hr>
            <ns3:cad>89</ns3:cad>
          </ns3:TrackPointExtension>
        </extensions>
      </trkpt>
      <trkpt lat="34.6428066305816173553466796875" lon="135.12538027949631214141845703125">
        <ele>6.400000095367431640625</ele>
        <time>2026-10-03T01:47:08.000Z</time>
        <extensions>
          <ns3:TrackPointExtension>
            <ns3:atemp>28.0</ns3:atemp>
            <ns3:hr>175</ns3:hr>
            <ns3:cad>89</ns3:cad>
          </ns3:TrackPointExtension>
        </extensions>
      </trkpt>
      <trkpt lat="34.6428016014397144317626953125" lon="135.12534993700683116912841796875">
        <ele>6.400000095367431640625</ele>
        <time>2026-10-03T01:47:09.000Z</time>
        <extensions>
          <ns3:TrackPointExtension>
            <ns3:atemp>27.0</ns3:atemp>
            <ns3:hr>176</ns3:hr>
            <ns3:cad>89</ns3:cad>
          </ns3:TrackPointExtension>
        </extensions>
      </trkpt>
      <trkpt lat="34.64278978295624256134033203125" lon="135.12531213462352752685546875">
        <ele>6.400000095367431640625</ele>
        <time>2026-10-03T01:47:10.000Z</time>
        <extensions>
          <ns3:TrackPointExtension>
            <ns3:atemp>27.0</ns3:atemp>
            <ns3:hr>176</ns3:hr>
            <ns3:cad>89</ns3:cad>
          </ns3:TrackPointExtension>
        </extensions>
      </trkpt>
      <trkpt lat="34.6427865140140056610107421875" lon="135.1252834685146808624267578125">
        <ele>6.400000095367431640625</ele>
        <time>2026-10-03T01:47:11.000Z</time>
        <extensions>
          <ns3:TrackPointExtension>
            <ns3:atemp>27.0</ns3:atemp>
            <ns3:hr>176</ns3:hr>
            <ns3:cad>90</ns3:cad>
          </ns3:TrackPointExtension>
        </extensions>
      </trkpt>
      <trkpt lat="34.64277218095958232879638671875" lon="135.1252472586929798126220703125">
        <ele>6.400000095367431640625</ele>
        <time>2026-10-03T01:47:12.000Z</time>
        <extensions>
          <ns3:TrackPointExtension>
            <ns3:atemp>27.0</ns3:atemp>
            <ns3:hr>175</ns3:hr>
            <ns3:cad>90</ns3:cad>
          </ns3:TrackPointExtension>
        </extensions>
      </trkpt>
      <trkpt lat="34.6427694149315357208251953125" lon="135.125217922031879425048828125">
        <ele>6.400000095367431640625</ele>
        <time>2026-10-03T01:47:13.000Z</time>
        <extensions>
          <ns3:TrackPointExtension>
            <ns3:atemp>27.0</ns3:atemp>
            <ns3:hr>175</ns3:hr>
            <ns3:cad>89</ns3:cad>
          </ns3:TrackPointExtension>
        </extensions>
      </trkpt>
      <trkpt lat="34.64275843463838100433349609375" lon="135.1251822151243686676025390625">
        <ele>6.400000095367431640625</ele>
        <time>2026-10-03T01:47:14.000Z</time>
        <extensions>
          <ns3:TrackPointExtension>
            <ns3:atemp>28.0</ns3:atemp>
            <ns3:hr>175</ns3:hr>
            <ns3:cad>89</ns3:cad>
          </ns3:TrackPointExtension>
        </extensions>
      </trkpt>
      <trkpt lat="34.6427563391625881195068359375" lon="135.125154554843902587890625">
        <ele>6.400000095367431640625</ele>
        <time>2026-10-03T01:47:15.000Z</time>
        <extensions>
          <ns3:TrackPointExtension>
            <ns3:atemp>27.0</ns3:atemp>
            <ns3:hr>175</ns3:hr>
            <ns3:cad>90</ns3:cad>
          </ns3:TrackPointExtension>
        </extensions>
      </trkpt>
      <trkpt lat="34.64274569414556026458740234375" lon="135.12511591427028179168701171875">
        <ele>6.400000095367431640625</ele>
        <time>2026-10-03T01:47:16.000Z</time>
        <extensions>
          <ns3:TrackPointExtension>
            <ns3:atemp>27.0</ns3:atemp>
            <ns3:hr>174</ns3:hr>
            <ns3:cad>90</ns3:cad>
          </ns3:TrackPointExtension>
        </extensions>
      </trkpt>
      <trkpt lat="34.64274032972753047943115234375" lon="135.12508657760918140411376953125">
        <ele>6.400000095367431640625</ele>
        <time>2026-10-03T01:47:17.000Z</time>
        <extensions>
          <ns3:TrackPointExtension>
            <ns3:atemp>27.0</ns3:atemp>
            <ns3:hr>174</ns3:hr>
            <ns3:cad>90</ns3:cad>
          </ns3:TrackPointExtension>
        </extensions>
      </trkpt>
      <trkpt lat="34.64272675104439258575439453125" lon="135.12505304999649524688720703125">
        <ele>6.400000095367431640625</ele>
        <time>2026-10-03T01:47:18.000Z</time>
        <extensions>
          <ns3:TrackPointExtension>
            <ns3:atemp>27.0</ns3:atemp>
            <ns3:hr>174</ns3:hr>
            <ns3:cad>90</ns3:cad>
          </ns3:TrackPointExtension>
        </extensions>
      </trkpt>
      <trkpt lat="34.6427204646170139312744140625" lon="135.12502304278314113616943359375">
        <ele>6.400000095367431640625</ele>
        <time>2026-10-03T01:47:19.000Z</time>
        <extensions>
          <ns3:TrackPointExtension>
            <ns3:atemp>27.0</ns3:atemp>
            <ns3:hr>174</ns3:hr>
            <ns3:cad>90</ns3:cad>
          </ns3:TrackPointExtension>
        </extensions>
      </trkpt>
      <trkpt lat="34.64270629920065402984619140625" lon="135.12498892843723297119140625">
        <ele>6.400000095367431640625</ele>
        <time>2026-10-03T01:47:20.000Z</time>
        <extensions>
          <ns3:TrackPointExtension>
            <ns3:atemp>27.0</ns3:atemp>
            <ns3:hr>175</ns3:hr>
            <ns3:cad>90</ns3:cad>
          </ns3:TrackPointExtension>
        </extensions>
      </trkpt>
      <trkpt lat="34.64270043186843395233154296875" lon="135.12495942413806915283203125">
        <ele>6.400000095367431640625</ele>
        <time>2026-10-03T01:47:21.000Z</time>
        <extensions>
          <ns3:TrackPointExtension>
            <ns3:atemp>27.0</ns3:atemp>
            <ns3:hr>175</ns3:hr>
            <ns3:cad>90</ns3:cad>
          </ns3:TrackPointExtension>
        </extensions>
      </trkpt>
      <trkpt lat="34.64268970303237438201904296875" lon="135.12492245994508266448974609375">
        <ele>6.400000095367431640625</ele>
        <time>2026-10-03T01:47:22.000Z</time>
        <extensions>
          <ns3:TrackPointExtension>
            <ns3:atemp>27.0</ns3:atemp>
            <ns3:hr>175</ns3:hr>
            <ns3:cad>90</ns3:cad>
          </ns3:TrackPointExtension>
        </extensions>
      </trkpt>
      <trkpt lat="34.6426845900714397430419921875" lon="135.124890021979808807373046875">
        <ele>6.400000095367431640625</ele>
        <time>2026-10-03T01:47:23.000Z</time>
        <extensions>
          <ns3:TrackPointExtension>
            <ns3:atemp>27.0</ns3:atemp>
            <ns3:hr>176</ns3:hr>
            <ns3:cad>90</ns3:cad>
          </ns3:TrackPointExtension>
        </extensions>
      </trkpt>
      <trkpt lat="34.64267377741634845733642578125" lon="135.124853141605854034423828125">
        <ele>6.19999980926513671875</ele>
        <time>2026-10-03T01:47:24.000Z</time>
        <extensions>
          <ns3:TrackPointExtension>
            <ns3:atemp>27.0</ns3:atemp>
            <ns3:hr>176</ns3:hr>
            <ns3:cad>90</ns3:cad>
          </ns3:TrackPointExtension>
        </extensions>
      </trkpt>
      <trkpt lat="34.642668999731540679931640625" lon="135.12482338584959506988525390625">
        <ele>6.19999980926513671875</ele>
        <time>2026-10-03T01:47:25.000Z</time>
        <extensions>
          <ns3:TrackPointExtension>
            <ns3:atemp>27.0</ns3:atemp>
            <ns3:hr>177</ns3:hr>
            <ns3:cad>90</ns3:cad>
          </ns3:TrackPointExtension>
        </extensions>
      </trkpt>
      <trkpt lat="34.642658941447734832763671875" lon="135.12478583492338657379150390625">
        <ele>6.19999980926513671875</ele>
        <time>2026-10-03T01:47:26.000Z</time>
        <extensions>
          <ns3:TrackPointExtension>
            <ns3:atemp>27.0</ns3:atemp>
            <ns3:hr>176</ns3:hr>
            <ns3:cad>90</ns3:cad>
          </ns3:TrackPointExtension>
        </extensions>
      </trkpt>
      <trkpt lat="34.64265282265841960906982421875" lon="135.1247564144432544708251953125">
        <ele>6.19999980926513671875</ele>
        <time>2026-10-03T01:47:27.000Z</time>
        <extensions>
          <ns3:TrackPointExtension>
            <ns3:atemp>27.0</ns3:atemp>
            <ns3:hr>176</ns3:hr>
            <ns3:cad>90</ns3:cad>
          </ns3:TrackPointExtension>
        </extensions>
      </trkpt>
      <trkpt lat="34.6426406688988208770751953125" lon="135.1247208751738071441650390625">
        <ele>6.19999980926513671875</ele>
        <time>2026-10-03T01:47:28.000Z</time>
        <extensions>
          <ns3:TrackPointExtension>
            <ns3:atemp>27.0</ns3:atemp>
            <ns3:hr>175</ns3:hr>
            <ns3:cad>90</ns3:cad>
          </ns3:TrackPointExtension>
        </extensions>
      </trkpt>
      <trkpt lat="34.6426393277943134307861328125" lon="135.1246930472552776336669921875">
        <ele>6.400000095367431640625</ele>
        <time>2026-10-03T01:47:29.000Z</time>
        <extensions>
          <ns3:TrackPointExtension>
            <ns3:atemp>27.0</ns3:atemp>
            <ns3:hr>175</ns3:hr>
            <ns3:cad>90</ns3:cad>
          </ns3:TrackPointExtension>
        </extensions>
      </trkpt>
      <trkpt lat="34.64263002388179302215576171875" lon="135.12465625070035457611083984375">
        <ele>6.400000095367431640625</ele>
        <time>2026-10-03T01:47:30.000Z</time>
        <extensions>
          <ns3:TrackPointExtension>
            <ns3:atemp>27.0</ns3:atemp>
            <ns3:hr>175</ns3:hr>
            <ns3:cad>90</ns3:cad>
          </ns3:TrackPointExtension>
        </extensions>
      </trkpt>
      <trkpt lat="34.64262801222503185272216796875" lon="135.12462791986763477325439453125">
        <ele>6.400000095367431640625</ele>
        <time>2026-10-03T01:47:31.000Z</time>
        <extensions>
          <ns3:TrackPointExtension>
            <ns3:atemp>27.0</ns3:atemp>
            <ns3:hr>175</ns3:hr>
            <ns3:cad>90</ns3:cad>
          </ns3:TrackPointExtension>
        </extensions>
      </trkpt>
      <trkpt lat="34.6426245756447315216064453125" lon="135.124589614570140838623046875">
        <ele>6.400000095367431640625</ele>
        <time>2026-10-03T01:47:32.000Z</time>
        <extensions>
          <ns3:TrackPointExtension>
            <ns3:atemp>27.0</ns3:atemp>
            <ns3:hr>175</ns3:hr>
            <ns3:cad>90</ns3:cad>
          </ns3:TrackPointExtension>
        </extensions>
      </trkpt>
      <trkpt lat="34.64262750931084156036376953125" lon="135.124553740024566650390625">
        <ele>6.400000095367431640625</ele>
        <time>2026-10-03T01:47:33.000Z</time>
        <extensions>
          <ns3:TrackPointExtension>
            <ns3:atemp>27.0</ns3:atemp>
            <ns3:hr>175</ns3:hr>
            <ns3:cad>90</ns3:cad>
          </ns3:TrackPointExtension>
        </extensions>
      </trkpt>
      <trkpt lat="34.64262348599731922149658203125" lon="135.12451417744159698486328125">
        <ele>6.400000095367431640625</ele>
        <time>2026-10-03T01:47:34.000Z</time>
        <extensions>
          <ns3:TrackPointExtension>
            <ns3:atemp>27.0</ns3:atemp>
            <ns3:hr>175</ns3:hr>
            <ns3:cad>90</ns3:cad>
          </ns3:TrackPointExtension>
        </extensions>
      </trkpt>
      <trkpt lat="34.64262700639665126800537109375" lon="135.12448358349502086639404296875">
        <ele>6.400000095367431640625</ele>
        <time>2026-10-03T01:47:35.000Z</time>
        <extensions>
          <ns3:TrackPointExtension>
            <ns3:atemp>27.0</ns3:atemp>
            <ns3:hr>176</ns3:hr>
            <ns3:cad>90</ns3:cad>
          </ns3:TrackPointExtension>
        </extensions>
      </trkpt>
      <trkpt lat="34.64262482710182666778564453125" lon="135.1244459487497806549072265625">
        <ele>6.400000095367431640625</ele>
        <time>2026-10-03T01:47:36.000Z</time>
        <extensions>
          <ns3:TrackPointExtension>
            <ns3:atemp>27.0</ns3:atemp>
            <ns3:hr>177</ns3:hr>
            <ns3:cad>90</ns3:cad>
          </ns3:TrackPointExtension>
        </extensions>
      </trkpt>
      <trkpt lat="34.64263069443404674530029296875" lon="135.1244144327938556671142578125">
        <ele>6.400000095367431640625</ele>
        <time>2026-10-03T01:47:37.000Z</time>
        <extensions>
          <ns3:TrackPointExtension>
            <ns3:atemp>27.0</ns3:atemp>
            <ns3:hr>177</ns3:hr>
            <ns3:cad>90</ns3:cad>
          </ns3:TrackPointExtension>
        </extensions>
      </trkpt>
      <trkpt lat="34.6426319517195224761962890625" lon="135.124376378953456878662109375">
        <ele>6.400000095367431640625</ele>
        <time>2026-10-03T01:47:38.000Z</time>
        <extensions>
          <ns3:TrackPointExtension>
            <ns3:atemp>27.0</ns3:atemp>
            <ns3:hr>176</ns3:hr>
            <ns3:cad>90</ns3:cad>
          </ns3:TrackPointExtension>
        </extensions>
      </trkpt>
      <trkpt lat="34.6426389925181865692138671875" lon="135.124346204102039337158203125">
        <ele>6.400000095367431640625</ele>
        <time>2026-10-03T01:47:39.000Z</time>
        <extensions>
          <ns3:TrackPointExtension>
            <ns3:atemp>27.0</ns3:atemp>
            <ns3:hr>176</ns3:hr>
            <ns3:cad>90</ns3:cad>
          </ns3:TrackPointExtension>
        </extensions>
      </trkpt>
      <trkpt lat="34.6426456980407238006591796875" lon="135.12430991046130657196044921875">
        <ele>6.599999904632568359375</ele>
        <time>2026-10-03T01:47:40.000Z</time>
        <extensions>
          <ns3:TrackPointExtension>
            <ns3:atemp>27.0</ns3:atemp>
            <ns3:hr>176</ns3:hr>
            <ns3:cad>90</ns3:cad>
          </ns3:TrackPointExtension>
        </extensions>
      </trkpt>
      <trkpt lat="34.6426544152200222015380859375" lon="135.124279148876667022705078125">
        <ele>6.599999904632568359375</ele>
        <time>2026-10-03T01:47:41.000Z</time>
        <extensions>
          <ns3:TrackPointExtension>
            <ns3:atemp>27.0</ns3:atemp>
            <ns3:hr>175</ns3:hr>
            <ns3:cad>90</ns3:cad>
          </ns3:TrackPointExtension>
        </extensions>
      </trkpt>
      <trkpt lat="34.64266187511384487152099609375" lon="135.12424151413142681121826171875">
        <ele>6.599999904632568359375</ele>
        <time>2026-10-03T01:47:42.000Z</time>
        <extensions>
          <ns3:TrackPointExtension>
            <ns3:atemp>27.0</ns3:atemp>
            <ns3:hr>175</ns3:hr>
            <ns3:cad>90</ns3:cad>
          </ns3:TrackPointExtension>
        </extensions>
      </trkpt>
      <trkpt lat="34.6426713466644287109375" lon="135.124212764203548431396484375">
        <ele>6.599999904632568359375</ele>
        <time>2026-10-03T01:47:43.000Z</time>
        <extensions>
          <ns3:TrackPointExtension>
            <ns3:atemp>27.0</ns3:atemp>
            <ns3:hr>175</ns3:hr>
            <ns3:cad>89</ns3:cad>
          </ns3:TrackPointExtension>
        </extensions>
      </trkpt>
      <trkpt lat="34.6426768787205219268798828125" lon="135.12417730875313282012939453125">
        <ele>6.599999904632568359375</ele>
        <time>2026-10-03T01:47:44.000Z</time>
        <extensions>
          <ns3:TrackPointExtension>
            <ns3:atemp>27.0</ns3:atemp>
            <ns3:hr>175</ns3:hr>
            <ns3:cad>89</ns3:cad>
          </ns3:TrackPointExtension>
        </extensions>
      </trkpt>
      <trkpt lat="34.64268534444272518157958984375" lon="135.12415082193911075592041015625">
        <ele>6.599999904632568359375</ele>
        <time>2026-10-03T01:47:45.000Z</time>
        <extensions>
          <ns3:TrackPointExtension>
            <ns3:atemp>27.0</ns3:atemp>
            <ns3:hr>175</ns3:hr>
            <ns3:cad>89</ns3:cad>
          </ns3:TrackPointExtension>
        </extensions>
      </trkpt>
      <trkpt lat="34.64269213378429412841796875" lon="135.1241116784512996673583984375">
        <ele>6.599999904632568359375</ele>
        <time>2026-10-03T01:47:46.000Z</time>
        <extensions>
          <ns3:TrackPointExtension>
            <ns3:atemp>27.0</ns3:atemp>
            <ns3:hr>174</ns3:hr>
            <ns3:cad>89</ns3:cad>
          </ns3:TrackPointExtension>
        </extensions>
      </trkpt>
      <trkpt lat="34.6427037008106708526611328125" lon="135.12408426962792873382568359375">
        <ele>6.400000095367431640625</ele>
        <time>2026-10-03T01:47:47.000Z</time>
        <extensions>
          <ns3:TrackPointExtension>
            <ns3:atemp>27.0</ns3:atemp>
            <ns3:hr>174</ns3:hr>
            <ns3:cad>89</ns3:cad>
          </ns3:TrackPointExtension>
        </extensions>
      </trkpt>
      <trkpt lat="34.64271183125674724578857421875" lon="135.1240462996065616607666015625">
        <ele>6.400000095367431640625</ele>
        <time>2026-10-03T01:47:48.000Z</time>
        <extensions>
          <ns3:TrackPointExtension>
            <ns3:atemp>27.0</ns3:atemp>
            <ns3:hr>174</ns3:hr>
            <ns3:cad>89</ns3:cad>
          </ns3:TrackPointExtension>
        </extensions>
      </trkpt>
      <trkpt lat="34.642722308635711669921875" lon="135.12401796877384185791015625">
        <ele>6.400000095367431640625</ele>
        <time>2026-10-03T01:47:49.000Z</time>
        <extensions>
          <ns3:TrackPointExtension>
            <ns3:atemp>27.0</ns3:atemp>
            <ns3:hr>174</ns3:hr>
            <ns3:cad>89</ns3:cad>
          </ns3:TrackPointExtension>
        </extensions>
      </trkpt>
      <trkpt lat="34.6427278406918048858642578125" lon="135.12397832237184047698974609375">
        <ele>6.400000095367431640625</ele>
        <time>2026-10-03T01:47:50.000Z</time>
        <extensions>
          <ns3:TrackPointExtension>
            <ns3:atemp>27.0</ns3:atemp>
            <ns3:hr>175</ns3:hr>
            <ns3:cad>90</ns3:cad>
          </ns3:TrackPointExtension>
        </extensions>
      </trkpt>
      <trkpt lat="34.64273747988045215606689453125" lon="135.123951919376850128173828125">
        <ele>6.400000095367431640625</ele>
        <time>2026-10-03T01:47:51.000Z</time>
        <extensions>
          <ns3:TrackPointExtension>
            <ns3:atemp>27.0</ns3:atemp>
            <ns3:hr>175</ns3:hr>
            <ns3:cad>90</ns3:cad>
          </ns3:TrackPointExtension>
        </extensions>
      </trkpt>
      <trkpt lat="34.642742089927196502685546875" lon="135.12391177006065845489501953125">
        <ele>6.400000095367431640625</ele>
        <time>2026-10-03T01:47:52.000Z</time>
        <extensions>
          <ns3:TrackPointExtension>
            <ns3:atemp>27.0</ns3:atemp>
            <ns3:hr>176</ns3:hr>
            <ns3:cad>90</ns3:cad>
          </ns3:TrackPointExtension>
        </extensions>
      </trkpt>
      <trkpt lat="34.64274988509714603424072265625" lon="135.1238843612372875213623046875">
        <ele>6.400000095367431640625</ele>
        <time>2026-10-03T01:47:53.000Z</time>
        <extensions>
          <ns3:TrackPointExtension>
            <ns3:atemp>27.0</ns3:atemp>
            <ns3:hr>176</ns3:hr>
            <ns3:cad>90</ns3:cad>
          </ns3:TrackPointExtension>
        </extensions>
      </trkpt>
      <trkpt lat="34.6427543275058269500732421875" lon="135.123845301568508148193359375">
        <ele>6.400000095367431640625</ele>
        <time>2026-10-03T01:47:54.000Z</time>
        <extensions>
          <ns3:TrackPointExtension>
            <ns3:atemp>27.0</ns3:atemp>
            <ns3:hr>176</ns3:hr>
            <ns3:cad>90</ns3:cad>
          </ns3:TrackPointExtension>
        </extensions>
      </trkpt>
      <trkpt lat="34.64276027865707874298095703125" lon="135.12381822802126407623291015625">
        <ele>6.19999980926513671875</ele>
        <time>2026-10-03T01:47:55.000Z</time>
        <extensions>
          <ns3:TrackPointExtension>
            <ns3:atemp>27.0</ns3:atemp>
            <ns3:hr>176</ns3:hr>
            <ns3:cad>89</ns3:cad>
          </ns3:TrackPointExtension>
        </extensions>
      </trkpt>
      <trkpt lat="34.6427667327225208282470703125" lon="135.1237794198095798492431640625">
        <ele>6.19999980926513671875</ele>
        <time>2026-10-03T01:47:56.000Z</time>
        <extensions>
          <ns3:TrackPointExtension>
            <ns3:atemp>27.0</ns3:atemp>
            <ns3:hr>175</ns3:hr>
            <ns3:cad>89</ns3:cad>
          </ns3:TrackPointExtension>
        </extensions>
      </trkpt>
      <trkpt lat="34.64277394115924835205078125" lon="135.12375201098620891571044921875">
        <ele>6.19999980926513671875</ele>
        <time>2026-10-03T01:47:57.000Z</time>
        <extensions>
          <ns3:TrackPointExtension>
            <ns3:atemp>27.0</ns3:atemp>
            <ns3:hr>175</ns3:hr>
            <ns3:cad>90</ns3:cad>
          </ns3:TrackPointExtension>
        </extensions>
      </trkpt>
      <trkpt lat="34.6427781321108341217041015625" lon="135.12371496297419071197509765625">
        <ele>6.400000095367431640625</ele>
        <time>2026-10-03T01:47:58.000Z</time>
        <extensions>
          <ns3:TrackPointExtension>
            <ns3:atemp>27.0</ns3:atemp>
            <ns3:hr>174</ns3:hr>
            <ns3:cad>90</ns3:cad>
          </ns3:TrackPointExtension>
        </extensions>
      </trkpt>
      <trkpt lat="34.64278374798595905303955078125" lon="135.123687721788883209228515625">
        <ele>6.400000095367431640625</ele>
        <time>2026-10-03T01:47:59.000Z</time>
        <extensions>
          <ns3:TrackPointExtension>
            <ns3:atemp>27.0</ns3:atemp>
            <ns3:hr>174</ns3:hr>
            <ns3:cad>90</ns3:cad>
          </ns3:TrackPointExtension>
        </extensions>
      </trkpt>
      <trkpt lat="34.6427880227565765380859375" lon="135.1236516796052455902099609375">
        <ele>6.400000095367431640625</ele>
        <time>2026-10-03T01:48:00.000Z</time>
        <extensions>
          <ns3:TrackPointExtension>
            <ns3:atemp>27.0</ns3:atemp>
            <ns3:hr>174</ns3:hr>
            <ns3:cad>89</ns3:cad>
          </ns3:TrackPointExtension>
        </extensions>
      </trkpt>
      <trkpt lat="34.64279405772686004638671875" lon="135.1236211694777011871337890625">
        <ele>6.400000095367431640625</ele>
        <time>2026-10-03T01:48:01.000Z</time>
        <extensions>
          <ns3:TrackPointExtension>
            <ns3:atemp>27.0</ns3:atemp>
            <ns3:hr>174</ns3:hr>
            <ns3:cad>89</ns3:cad>
          </ns3:TrackPointExtension>
        </extensions>
      </trkpt>
      <trkpt lat="34.64280017651617527008056640625" lon="135.123585127294063568115234375">
        <ele>6.400000095367431640625</ele>
        <time>2026-10-03T01:48:02.000Z</time>
        <extensions>
          <ns3:TrackPointExtension>
            <ns3:atemp>27.0</ns3:atemp>
            <ns3:hr>174</ns3:hr>
            <ns3:cad>89</ns3:cad>
          </ns3:TrackPointExtension>
        </extensions>
      </trkpt>
      <trkpt lat="34.64280621148645877838134765625" lon="135.12355470098555088043212890625">
        <ele>6.19999980926513671875</ele>
        <time>2026-10-03T01:48:03.000Z</time>
        <extensions>
          <ns3:TrackPointExtension>
            <ns3:atemp>27.0</ns3:atemp>
            <ns3:hr>174</ns3:hr>
            <ns3:cad>90</ns3:cad>
          </ns3:TrackPointExtension>
        </extensions>
      </trkpt>
      <trkpt lat="34.6428123302757740020751953125" lon="135.123518072068691253662109375">
        <ele>6.19999980926513671875</ele>
        <time>2026-10-03T01:48:04.000Z</time>
        <extensions>
          <ns3:TrackPointExtension>
            <ns3:atemp>27.0</ns3:atemp>
            <ns3:hr>174</ns3:hr>
            <ns3:cad>90</ns3:cad>
          </ns3:TrackPointExtension>
        </extensions>
      </trkpt>
      <trkpt lat="34.64281962253153324127197265625" lon="135.12348798103630542755126953125">
        <ele>6.19999980926513671875</ele>
        <time>2026-10-03T01:48:05.000Z</time>
        <extensions>
          <ns3:TrackPointExtension>
            <ns3:atemp>27.0</ns3:atemp>
            <ns3:hr>175</ns3:hr>
            <ns3:cad>90</ns3:cad>
          </ns3:TrackPointExtension>
        </extensions>
      </trkpt>
      <trkpt lat="34.642822556197643280029296875" lon="135.12344975955784320831298828125">
        <ele>6.19999980926513671875</ele>
        <time>2026-10-03T01:48:06.000Z</time>
        <extensions>
          <ns3:TrackPointExtension>
            <ns3:atemp>27.0</ns3:atemp>
            <ns3:hr>175</ns3:hr>
            <ns3:cad>90</ns3:cad>
          </ns3:TrackPointExtension>
        </extensions>
      </trkpt>
      <trkpt lat="34.64282867498695850372314453125" lon="135.12342042289674282073974609375">
        <ele>6.19999980926513671875</ele>
        <time>2026-10-03T01:48:07.000Z</time>
        <extensions>
          <ns3:TrackPointExtension>
            <ns3:atemp>27.0</ns3:atemp>
            <ns3:hr>176</ns3:hr>
            <ns3:cad>90</ns3:cad>
          </ns3:TrackPointExtension>
        </extensions>
      </trkpt>
      <trkpt lat="34.642834626138210296630859375" lon="135.12338496744632720947265625">
        <ele>6.19999980926513671875</ele>
        <time>2026-10-03T01:48:08.000Z</time>
        <extensions>
          <ns3:TrackPointExtension>
            <ns3:atemp>27.0</ns3:atemp>
            <ns3:hr>175</ns3:hr>
            <ns3:cad>90</ns3:cad>
          </ns3:TrackPointExtension>
        </extensions>
      </trkpt>
      <trkpt lat="34.642840325832366943359375" lon="135.12335252948105335235595703125">
        <ele>6.19999980926513671875</ele>
        <time>2026-10-03T01:48:09.000Z</time>
        <extensions>
          <ns3:TrackPointExtension>
            <ns3:atemp>26.0</ns3:atemp>
            <ns3:hr>175</ns3:hr>
            <ns3:cad>91</ns3:cad>
          </ns3:TrackPointExtension>
        </extensions>
      </trkpt>
      <trkpt lat="34.6428451873362064361572265625" lon="135.12331346981227397918701171875">
        <ele>6.400000095367431640625</ele>
        <time>2026-10-03T01:48:10.000Z</time>
        <extensions>
          <ns3:TrackPointExtension>
            <ns3:atemp>27.0</ns3:atemp>
            <ns3:hr>175</ns3:hr>
            <ns3:cad>91</ns3:cad>
          </ns3:TrackPointExtension>
        </extensions>
      </trkpt>
      <trkpt lat="34.64284862391650676727294921875" lon="135.1232828758656978607177734375">
        <ele>6.19999980926513671875</ele>
        <time>2026-10-03T01:48:11.000Z</time>
        <extensions>
          <ns3:TrackPointExtension>
            <ns3:atemp>26.0</ns3:atemp>
            <ns3:hr>174</ns3:hr>
            <ns3:cad>91</ns3:cad>
          </ns3:TrackPointExtension>
        </extensions>
      </trkpt>
      <trkpt lat="34.64284677989780902862548828125" lon="135.123239457607269287109375">
        <ele>6.19999980926513671875</ele>
        <time>2026-10-03T01:48:12.000Z</time>
        <extensions>
          <ns3:TrackPointExtension>
            <ns3:atemp>27.0</ns3:atemp>
            <ns3:hr>174</ns3:hr>
            <ns3:cad>91</ns3:cad>
          </ns3:TrackPointExtension>
        </extensions>
      </trkpt>
      <trkpt lat="34.64285038411617279052734375" lon="135.12321087531745433807373046875">
        <ele>6.19999980926513671875</ele>
        <time>2026-10-03T01:48:13.000Z</time>
        <extensions>
          <ns3:TrackPointExtension>
            <ns3:atemp>27.0</ns3:atemp>
            <ns3:hr>174</ns3:hr>
            <ns3:cad>91</ns3:cad>
          </ns3:TrackPointExtension>
        </extensions>
      </trkpt>
      <trkpt lat="34.6428478695452213287353515625" lon="135.12317013926804065704345703125">
        <ele>6.19999980926513671875</ele>
        <time>2026-10-03T01:48:14.000Z</time>
        <extensions>
          <ns3:TrackPointExtension>
            <ns3:atemp>27.0</ns3:atemp>
            <ns3:hr>175</ns3:hr>
            <ns3:cad>91</ns3:cad>
          </ns3:TrackPointExtension>
        </extensions>
      </trkpt>
      <trkpt lat="34.642852731049060821533203125" lon="135.1231400482356548309326171875">
        <ele>6.19999980926513671875</ele>
        <time>2026-10-03T01:48:15.000Z</time>
        <extensions>
          <ns3:TrackPointExtension>
            <ns3:atemp>27.0</ns3:atemp>
            <ns3:hr>175</ns3:hr>
            <ns3:cad>91</ns3:cad>
          </ns3:TrackPointExtension>
        </extensions>
      </trkpt>
      <trkpt lat="34.642850719392299652099609375" lon="135.1231018267571926116943359375">
        <ele>6.19999980926513671875</ele>
        <time>2026-10-03T01:48:16.000Z</time>
        <extensions>
          <ns3:TrackPointExtension>
            <ns3:atemp>27.0</ns3:atemp>
            <ns3:hr>174</ns3:hr>
            <ns3:cad>91</ns3:cad>
          </ns3:TrackPointExtension>
        </extensions>
      </trkpt>
      <trkpt lat="34.64285532943904399871826171875" lon="135.12307223863899707794189453125">
        <ele>6.19999980926513671875</ele>
        <time>2026-10-03T01:48:17.000Z</time>
        <extensions>
          <ns3:TrackPointExtension>
            <ns3:atemp>27.0</ns3:atemp>
            <ns3:hr>174</ns3:hr>
            <ns3:cad>91</ns3:cad>
          </ns3:TrackPointExtension>
        </extensions>
      </trkpt>
      <trkpt lat="34.64285315014421939849853515625" lon="135.12303401716053485870361328125">
        <ele>6.19999980926513671875</ele>
        <time>2026-10-03T01:48:18.000Z</time>
        <extensions>
          <ns3:TrackPointExtension>
            <ns3:atemp>27.0</ns3:atemp>
            <ns3:hr>174</ns3:hr>
            <ns3:cad>91</ns3:cad>
          </ns3:TrackPointExtension>
        </extensions>
      </trkpt>
      <trkpt lat="34.64285633526742458343505859375" lon="135.123002417385578155517578125">
        <ele>6.19999980926513671875</ele>
        <time>2026-10-03T01:48:19.000Z</time>
        <extensions>
          <ns3:TrackPointExtension>
            <ns3:atemp>27.0</ns3:atemp>
            <ns3:hr>173</ns3:hr>
            <ns3:cad>91</ns3:cad>
          </ns3:TrackPointExtension>
        </extensions>
      </trkpt>
      <trkpt lat="34.6428579278290271759033203125" lon="135.1229667104780673980712890625">
        <ele>6.19999980926513671875</ele>
        <time>2026-10-03T01:48:20.000Z</time>
        <extensions>
          <ns3:TrackPointExtension>
            <ns3:atemp>27.0</ns3:atemp>
            <ns3:hr>174</ns3:hr>
            <ns3:cad>90</ns3:cad>
          </ns3:TrackPointExtension>
        </extensions>
      </trkpt>
      <trkpt lat="34.64286203496158123016357421875" lon="135.12293762527406215667724609375">
        <ele>6.19999980926513671875</ele>
        <time>2026-10-03T01:48:21.000Z</time>
        <extensions>
          <ns3:TrackPointExtension>
            <ns3:atemp>27.0</ns3:atemp>
            <ns3:hr>174</ns3:hr>
            <ns3:cad>90</ns3:cad>
          </ns3:TrackPointExtension>
        </extensions>
      </trkpt>
      <trkpt lat="34.64286136440932750701904296875" lon="135.1228963024914264678955078125">
        <ele>6.400000095367431640625</ele>
        <time>2026-10-03T01:48:22.000Z</time>
        <extensions>
          <ns3:TrackPointExtension>
            <ns3:atemp>27.0</ns3:atemp>
            <ns3:hr>174</ns3:hr>
            <ns3:cad>90</ns3:cad>
          </ns3:TrackPointExtension>
        </extensions>
      </trkpt>
      <trkpt lat="34.64286287315189838409423828125" lon="135.1228674687445163726806640625">
        <ele>6.400000095367431640625</ele>
        <time>2026-10-03T01:48:23.000Z</time>
        <extensions>
          <ns3:TrackPointExtension>
            <ns3:atemp>27.0</ns3:atemp>
            <ns3:hr>175</ns3:hr>
            <ns3:cad>90</ns3:cad>
          </ns3:TrackPointExtension>
        </extensions>
      </trkpt>
      <trkpt lat="34.642860777676105499267578125" lon="135.12282698415219783782958984375">
        <ele>6.400000095367431640625</ele>
        <time>2026-10-03T01:48:24.000Z</time>
        <extensions>
          <ns3:TrackPointExtension>
            <ns3:atemp>26.0</ns3:atemp>
            <ns3:hr>175</ns3:hr>
            <ns3:cad>90</ns3:cad>
          </ns3:TrackPointExtension>
        </extensions>
      </trkpt>
      <trkpt lat="34.64286320842802524566650390625" lon="135.12279496528208255767822265625">
        <ele>6.400000095367431640625</ele>
        <time>2026-10-03T01:48:25.000Z</time>
        <extensions>
          <ns3:TrackPointExtension>
            <ns3:atemp>27.0</ns3:atemp>
            <ns3:hr>175</ns3:hr>
            <ns3:cad>89</ns3:cad>
          </ns3:TrackPointExtension>
        </extensions>
      </trkpt>
      <trkpt lat="34.642862118780612945556640625" lon="135.12275397777557373046875">
        <ele>6.400000095367431640625</ele>
        <time>2026-10-03T01:48:26.000Z</time>
        <extensions>
          <ns3:TrackPointExtension>
            <ns3:atemp>27.0</ns3:atemp>
            <ns3:hr>176</ns3:hr>
            <ns3:cad>89</ns3:cad>
          </ns3:TrackPointExtension>
        </extensions>
      </trkpt>
      <trkpt lat="34.64286488480865955352783203125" lon="135.1227246411144733428955078125">
        <ele>6.19999980926513671875</ele>
        <time>2026-10-03T01:48:27.000Z</time>
        <extensions>
          <ns3:TrackPointExtension>
            <ns3:atemp>26.0</ns3:atemp>
            <ns3:hr>175</ns3:hr>
            <ns3:cad>89</ns3:cad>
          </ns3:TrackPointExtension>
        </extensions>
      </trkpt>
      <trkpt lat="34.642864800989627838134765625" lon="135.12268382124602794647216796875">
        <ele>6.19999980926513671875</ele>
        <time>2026-10-03T01:48:28.000Z</time>
        <extensions>
          <ns3:TrackPointExtension>
            <ns3:atemp>27.0</ns3:atemp>
            <ns3:hr>175</ns3:hr>
            <ns3:cad>89</ns3:cad>
          </ns3:TrackPointExtension>
        </extensions>
      </trkpt>
      <trkpt lat="34.64286513626575469970703125" lon="135.1226533949375152587890625">
        <ele>6.19999980926513671875</ele>
        <time>2026-10-03T01:48:29.000Z</time>
        <extensions>
          <ns3:TrackPointExtension>
            <ns3:atemp>26.0</ns3:atemp>
            <ns3:hr>175</ns3:hr>
            <ns3:cad>89</ns3:cad>
          </ns3:TrackPointExtension>
        </extensions>
      </trkpt>
      <trkpt lat="34.64286471717059612274169921875" lon="135.1226163469254970550537109375">
        <ele>6.19999980926513671875</ele>
        <time>2026-10-03T01:48:30.000Z</time>
        <extensions>
          <ns3:TrackPointExtension>
            <ns3:atemp>26.0</ns3:atemp>
            <ns3:hr>175</ns3:hr>
            <ns3:cad>89</ns3:cad>
          </ns3:TrackPointExtension>
        </extensions>
      </trkpt>
      <trkpt lat="34.64286773465573787689208984375" lon="135.122585333883762359619140625">
        <ele>6.19999980926513671875</ele>
        <time>2026-10-03T01:48:31.000Z</time>
        <extensions>
          <ns3:TrackPointExtension>
            <ns3:atemp>26.0</ns3:atemp>
            <ns3:hr>174</ns3:hr>
            <ns3:cad>89</ns3:cad>
          </ns3:TrackPointExtension>
        </extensions>
      </trkpt>
      <trkpt lat="34.6428684890270233154296875" lon="135.12254686094820499420166015625">
        <ele>6.400000095367431640625</ele>
        <time>2026-10-03T01:48:32.000Z</time>
        <extensions>
          <ns3:TrackPointExtension>
            <ns3:atemp>26.0</ns3:atemp>
            <ns3:hr>174</ns3:hr>
            <ns3:cad>89</ns3:cad>
          </ns3:TrackPointExtension>
        </extensions>
      </trkpt>
      <trkpt lat="34.642868824303150177001953125" lon="135.12251484207808971405029296875">
        <ele>6.400000095367431640625</ele>
        <time>2026-10-03T01:48:33.000Z</time>
        <extensions>
          <ns3:TrackPointExtension>
            <ns3:atemp>27.0</ns3:atemp>
            <ns3:hr>175</ns3:hr>
            <ns3:cad>89</ns3:cad>
          </ns3:TrackPointExtension>
        </extensions>
      </trkpt>
      <trkpt lat="34.64287058450281620025634765625" lon="135.1224792189896106719970703125">
        <ele>6.400000095367431640625</ele>
        <time>2026-10-03T01:48:34.000Z</time>
        <extensions>
          <ns3:TrackPointExtension>
            <ns3:atemp>26.0</ns3:atemp>
            <ns3:hr>175</ns3:hr>
            <ns3:cad>89</ns3:cad>
          </ns3:TrackPointExtension>
        </extensions>
      </trkpt>
      <trkpt lat="34.6428699977695941925048828125" lon="135.12244619429111480712890625">
        <ele>6.400000095367431640625</ele>
        <time>2026-10-03T01:48:35.000Z</time>
        <extensions>
          <ns3:TrackPointExtension>
            <ns3:atemp>26.0</ns3:atemp>
            <ns3:hr>174</ns3:hr>
            <ns3:cad>89</ns3:cad>
          </ns3:TrackPointExtension>
        </extensions>
      </trkpt>
      <trkpt lat="34.6428710035979747772216796875" lon="135.12241107411682605743408203125">
        <ele>6.400000095367431640625</ele>
        <time>2026-10-03T01:48:36.000Z</time>
        <extensions>
          <ns3:TrackPointExtension>
            <ns3:atemp>26.0</ns3:atemp>
            <ns3:hr>174</ns3:hr>
            <ns3:cad>89</ns3:cad>
          </ns3:TrackPointExtension>
        </extensions>
      </trkpt>
      <trkpt lat="34.64286739937961101531982421875" lon="135.12237838469445705413818359375">
        <ele>6.400000095367431640625</ele>
        <time>2026-10-03T01:48:37.000Z</time>
        <extensions>
          <ns3:TrackPointExtension>
            <ns3:atemp>26.0</ns3:atemp>
            <ns3:hr>173</ns3:hr>
            <ns3:cad>89</ns3:cad>
          </ns3:TrackPointExtension>
        </extensions>
      </trkpt>
      <trkpt lat="34.6428676508367061614990234375" lon="135.12234737165272235870361328125">
        <ele>6.400000095367431640625</ele>
        <time>2026-10-03T01:48:38.000Z</time>
        <extensions>
          <ns3:TrackPointExtension>
            <ns3:atemp>26.0</ns3:atemp>
            <ns3:hr>174</ns3:hr>
            <ns3:cad>89</ns3:cad>
          </ns3:TrackPointExtension>
        </extensions>
      </trkpt>
      <trkpt lat="34.64286186732351779937744140625" lon="135.12231250293552875518798828125">
        <ele>6.400000095367431640625</ele>
        <time>2026-10-03T01:48:39.000Z</time>
        <extensions>
          <ns3:TrackPointExtension>
            <ns3:atemp>26.0</ns3:atemp>
            <ns3:hr>174</ns3:hr>
            <ns3:cad>89</ns3:cad>
          </ns3:TrackPointExtension>
        </extensions>
      </trkpt>
      <trkpt lat="34.64285834692418575286865234375" lon="135.12228165753185749053955078125">
        <ele>6.400000095367431640625</ele>
        <time>2026-10-03T01:48:40.000Z</time>
        <extensions>
          <ns3:TrackPointExtension>
            <ns3:atemp>26.0</ns3:atemp>
            <ns3:hr>174</ns3:hr>
            <ns3:cad>89</ns3:cad>
          </ns3:TrackPointExtension>
        </extensions>
      </trkpt>
      <trkpt lat="34.6428562514483928680419921875" lon="135.122245363891124725341796875">
        <ele>6.400000095367431640625</ele>
        <time>2026-10-03T01:48:41.000Z</time>
        <extensions>
          <ns3:TrackPointExtension>
            <ns3:atemp>26.0</ns3:atemp>
            <ns3:hr>174</ns3:hr>
            <ns3:cad>89</ns3:cad>
          </ns3:TrackPointExtension>
        </extensions>
      </trkpt>
      <trkpt lat="34.6428575925529003143310546875" lon="135.1222156919538974761962890625">
        <ele>6.400000095367431640625</ele>
        <time>2026-10-03T01:48:42.000Z</time>
        <extensions>
          <ns3:TrackPointExtension>
            <ns3:atemp>26.0</ns3:atemp>
            <ns3:hr>175</ns3:hr>
            <ns3:cad>89</ns3:cad>
          </ns3:TrackPointExtension>
        </extensions>
      </trkpt>
      <trkpt lat="34.642853401601314544677734375" lon="135.12217822484672069549560546875">
        <ele>6.19999980926513671875</ele>
        <time>2026-10-03T01:48:43.000Z</time>
        <extensions>
          <ns3:TrackPointExtension>
            <ns3:atemp>26.0</ns3:atemp>
            <ns3:hr>175</ns3:hr>
            <ns3:cad>88</ns3:cad>
          </ns3:TrackPointExtension>
        </extensions>
      </trkpt>
      <trkpt lat="34.64285650290548801422119140625" lon="135.12214872054755687713623046875">
        <ele>6.19999980926513671875</ele>
        <time>2026-10-03T01:48:44.000Z</time>
        <extensions>
          <ns3:TrackPointExtension>
            <ns3:atemp>26.0</ns3:atemp>
            <ns3:hr>175</ns3:hr>
            <ns3:cad>88</ns3:cad>
          </ns3:TrackPointExtension>
        </extensions>
      </trkpt>
      <trkpt lat="34.64285046793520450592041015625" lon="135.1221094094216823577880859375">
        <ele>6.19999980926513671875</ele>
        <time>2026-10-03T01:48:45.000Z</time>
        <extensions>
          <ns3:TrackPointExtension>
            <ns3:atemp>26.0</ns3:atemp>
            <ns3:hr>176</ns3:hr>
            <ns3:cad>88</ns3:cad>
          </ns3:TrackPointExtension>
        </extensions>
      </trkpt>
      <trkpt lat="34.64284895919263362884521484375" lon="135.1220772229135036468505859375">
        <ele>6.19999980926513671875</ele>
        <time>2026-10-03T01:48:46.000Z</time>
        <extensions>
          <ns3:TrackPointExtension>
            <ns3:atemp>26.0</ns3:atemp>
            <ns3:hr>176</ns3:hr>
            <ns3:cad>89</ns3:cad>
          </ns3:TrackPointExtension>
        </extensions>
      </trkpt>
      <trkpt lat="34.64283940382301807403564453125" lon="135.122036151587963104248046875">
        <ele>6.19999980926513671875</ele>
        <time>2026-10-03T01:48:47.000Z</time>
        <extensions>
          <ns3:TrackPointExtension>
            <ns3:atemp>26.0</ns3:atemp>
            <ns3:hr>176</ns3:hr>
            <ns3:cad>89</ns3:cad>
          </ns3:TrackPointExtension>
        </extensions>
      </trkpt>
      <trkpt lat="34.64283990673720836639404296875" lon="135.12200773693621158599853515625">
        <ele>6.19999980926513671875</ele>
        <time>2026-10-03T01:48:48.000Z</time>
        <extensions>
          <ns3:TrackPointExtension>
            <ns3:atemp>26.0</ns3:atemp>
            <ns3:hr>177</ns3:hr>
            <ns3:cad>89</ns3:cad>
          </ns3:TrackPointExtension>
        </extensions>
      </trkpt>
      <trkpt lat="34.6428327821195125579833984375" lon="135.12196918018162250518798828125">
        <ele>6.19999980926513671875</ele>
        <time>2026-10-03T01:48:49.000Z</time>
        <extensions>
          <ns3:TrackPointExtension>
            <ns3:atemp>26.0</ns3:atemp>
            <ns3:hr>177</ns3:hr>
            <ns3:cad>89</ns3:cad>
          </ns3:TrackPointExtension>
        </extensions>
      </trkpt>
      <trkpt lat="34.64283102191984653472900390625" lon="135.12194235809147357940673828125">
        <ele>6.19999980926513671875</ele>
        <time>2026-10-03T01:48:50.000Z</time>
        <extensions>
          <ns3:TrackPointExtension>
            <ns3:atemp>26.0</ns3:atemp>
            <ns3:hr>177</ns3:hr>
            <ns3:cad>89</ns3:cad>
          </ns3:TrackPointExtension>
        </extensions>
      </trkpt>
      <trkpt lat="34.64282465167343616485595703125" lon="135.121904723346233367919921875">
        <ele>6.19999980926513671875</ele>
        <time>2026-10-03T01:48:51.000Z</time>
        <extensions>
          <ns3:TrackPointExtension>
            <ns3:atemp>26.0</ns3:atemp>
            <ns3:hr>177</ns3:hr>
            <ns3:cad>89</ns3:cad>
          </ns3:TrackPointExtension>
        </extensions>
      </trkpt>
      <trkpt lat="34.64282381348311901092529296875" lon="135.121874548494815826416015625">
        <ele>6.19999980926513671875</ele>
        <time>2026-10-03T01:48:52.000Z</time>
        <extensions>
          <ns3:TrackPointExtension>
            <ns3:atemp>26.0</ns3:atemp>
            <ns3:hr>177</ns3:hr>
            <ns3:cad>89</ns3:cad>
          </ns3:TrackPointExtension>
        </extensions>
      </trkpt>
      <trkpt lat="34.6428193710744380950927734375" lon="135.12183389626443386077880859375">
        <ele>6.19999980926513671875</ele>
        <time>2026-10-03T01:48:53.000Z</time>
        <extensions>
          <ns3:TrackPointExtension>
            <ns3:atemp>26.0</ns3:atemp>
            <ns3:hr>177</ns3:hr>
            <ns3:cad>89</ns3:cad>
          </ns3:TrackPointExtension>
        </extensions>
      </trkpt>
      <trkpt lat="34.6428187005221843719482421875" lon="135.12180246412754058837890625">
        <ele>6.19999980926513671875</ele>
        <time>2026-10-03T01:48:54.000Z</time>
        <extensions>
          <ns3:TrackPointExtension>
            <ns3:atemp>26.0</ns3:atemp>
            <ns3:hr>176</ns3:hr>
            <ns3:cad>89</ns3:cad>
          </ns3:TrackPointExtension>
        </extensions>
      </trkpt>
      <trkpt lat="34.6428133361041545867919921875" lon="135.121766589581966400146484375">
        <ele>6.19999980926513671875</ele>
        <time>2026-10-03T01:48:55.000Z</time>
        <extensions>
          <ns3:TrackPointExtension>
            <ns3:atemp>26.0</ns3:atemp>
            <ns3:hr>176</ns3:hr>
            <ns3:cad>89</ns3:cad>
          </ns3:TrackPointExtension>
        </extensions>
      </trkpt>
      <trkpt lat="34.6428133361041545867919921875" lon="135.1217372529208660125732421875">
        <ele>6.19999980926513671875</ele>
        <time>2026-10-03T01:48:56.000Z</time>
        <extensions>
          <ns3:TrackPointExtension>
            <ns3:atemp>26.0</ns3:atemp>
            <ns3:hr>176</ns3:hr>
            <ns3:cad>89</ns3:cad>
          </ns3:TrackPointExtension>
        </extensions>
      </trkpt>
      <trkpt lat="34.64281006716191768646240234375" lon="135.12170054018497467041015625">
        <ele>6.19999980926513671875</ele>
        <time>2026-10-03T01:48:57.000Z</time>
        <extensions>
          <ns3:TrackPointExtension>
            <ns3:atemp>26.0</ns3:atemp>
            <ns3:hr>175</ns3:hr>
            <ns3:cad>89</ns3:cad>
          </ns3:TrackPointExtension>
        </extensions>
      </trkpt>
      <trkpt lat="34.642808474600315093994140625" lon="135.1216681860387325286865234375">
        <ele>6.19999980926513671875</ele>
        <time>2026-10-03T01:48:58.000Z</time>
        <extensions>
          <ns3:TrackPointExtension>
            <ns3:atemp>26.0</ns3:atemp>
            <ns3:hr>175</ns3:hr>
            <ns3:cad>89</ns3:cad>
          </ns3:TrackPointExtension>
        </extensions>
      </trkpt>
      <trkpt lat="34.642803110182285308837890625" lon="135.121631138026714324951171875">
        <ele>6.19999980926513671875</ele>
        <time>2026-10-03T01:48:59.000Z</time>
        <extensions>
          <ns3:TrackPointExtension>
            <ns3:atemp>26.0</ns3:atemp>
            <ns3:hr>174</ns3:hr>
            <ns3:cad>89</ns3:cad>
          </ns3:TrackPointExtension>
        </extensions>
      </trkpt>
      <trkpt lat="34.64279766194522380828857421875" lon="135.121595598757266998291015625">
        <ele>6.19999980926513671875</ele>
        <time>2026-10-03T01:49:00.000Z</time>
        <extensions>
          <ns3:TrackPointExtension>
            <ns3:atemp>26.0</ns3:atemp>
            <ns3:hr>174</ns3:hr>
            <ns3:cad>89</ns3:cad>
          </ns3:TrackPointExtension>
        </extensions>
      </trkpt>
      <trkpt lat="34.64279397390782833099365234375" lon="135.12155947275459766387939453125">
        <ele>6.19999980926513671875</ele>
        <time>2026-10-03T01:49:01.000Z</time>
        <extensions>
          <ns3:TrackPointExtension>
            <ns3:atemp>26.0</ns3:atemp>
            <ns3:hr>174</ns3:hr>
            <ns3:cad>89</ns3:cad>
          </ns3:TrackPointExtension>
        </extensions>
      </trkpt>
      <trkpt lat="34.64278894476592540740966796875" lon="135.1215236820280551910400390625">
        <ele>6.400000095367431640625</ele>
        <time>2026-10-03T01:49:02.000Z</time>
        <extensions>
          <ns3:TrackPointExtension>
            <ns3:atemp>26.0</ns3:atemp>
            <ns3:hr>174</ns3:hr>
            <ns3:cad>89</ns3:cad>
          </ns3:TrackPointExtension>
        </extensions>
      </trkpt>
      <trkpt lat="34.64278466999530792236328125" lon="135.12148839421570301055908203125">
        <ele>6.400000095367431640625</ele>
        <time>2026-10-03T01:49:03.000Z</time>
        <extensions>
          <ns3:TrackPointExtension>
            <ns3:atemp>26.0</ns3:atemp>
            <ns3:hr>174</ns3:hr>
            <ns3:cad>89</ns3:cad>
          </ns3:TrackPointExtension>
        </extensions>
      </trkpt>
      <trkpt lat="34.64277553372085094451904296875" lon="135.12145469896495342254638671875">
        <ele>6.400000095367431640625</ele>
        <time>2026-10-03T01:49:04.000Z</time>
        <extensions>
          <ns3:TrackPointExtension>
            <ns3:atemp>26.0</ns3:atemp>
            <ns3:hr>174</ns3:hr>
            <ns3:cad>89</ns3:cad>
          </ns3:TrackPointExtension>
        </extensions>
      </trkpt>
      <trkpt lat="34.64277100749313831329345703125" lon="135.1214230991899967193603515625">
        <ele>6.400000095367431640625</ele>
        <time>2026-10-03T01:49:05.000Z</time>
        <extensions>
          <ns3:TrackPointExtension>
            <ns3:atemp>26.0</ns3:atemp>
            <ns3:hr>175</ns3:hr>
            <ns3:cad>89</ns3:cad>
          </ns3:TrackPointExtension>
        </extensions>
      </trkpt>
      <trkpt lat="34.6427637152373790740966796875" lon="135.12138730846345424652099609375">
        <ele>6.400000095367431640625</ele>
        <time>2026-10-03T01:49:06.000Z</time>
        <extensions>
          <ns3:TrackPointExtension>
            <ns3:atemp>26.0</ns3:atemp>
            <ns3:hr>175</ns3:hr>
            <ns3:cad>89</ns3:cad>
          </ns3:TrackPointExtension>
        </extensions>
      </trkpt>
      <trkpt lat="34.6427571773529052734375" lon="135.1213557086884975433349609375">
        <ele>6.19999980926513671875</ele>
        <time>2026-10-03T01:49:07.000Z</time>
        <extensions>
          <ns3:TrackPointExtension>
            <ns3:atemp>26.0</ns3:atemp>
            <ns3:hr>175</ns3:hr>
            <ns3:cad>89</ns3:cad>
          </ns3:TrackPointExtension>
        </extensions>
      </trkpt>
      <trkpt lat="34.6427439339458942413330078125" lon="135.1213203370571136474609375">
        <ele>6.19999980926513671875</ele>
        <time>2026-10-03T01:49:08.000Z</time>
        <extensions>
          <ns3:TrackPointExtension>
            <ns3:atemp>26.0</ns3:atemp>
            <ns3:hr>176</ns3:hr>
            <ns3:cad>88</ns3:cad>
          </ns3:TrackPointExtension>
        </extensions>
      </trkpt>
      <trkpt lat="34.64274083264172077178955078125" lon="135.12128882110118865966796875">
        <ele>6.19999980926513671875</ele>
        <time>2026-10-03T01:49:09.000Z</time>
        <extensions>
          <ns3:TrackPointExtension>
            <ns3:atemp>26.0</ns3:atemp>
            <ns3:hr>176</ns3:hr>
            <ns3:cad>88</ns3:cad>
          </ns3:TrackPointExtension>
        </extensions>
      </trkpt>
      <trkpt lat="34.64273144491016864776611328125" lon="135.121249593794345855712890625">
        <ele>6.19999980926513671875</ele>
        <time>2026-10-03T01:49:10.000Z</time>
        <extensions>
          <ns3:TrackPointExtension>
            <ns3:atemp>26.0</ns3:atemp>
            <ns3:hr>176</ns3:hr>
            <ns3:cad>88</ns3:cad>
          </ns3:TrackPointExtension>
        </extensions>
      </trkpt>
      <trkpt lat="34.64272809214890003204345703125" lon="135.12121774256229400634765625">
        <ele>6.19999980926513671875</ele>
        <time>2026-10-03T01:49:11.000Z</time>
        <extensions>
          <ns3:TrackPointExtension>
            <ns3:atemp>26.0</ns3:atemp>
            <ns3:hr>177</ns3:hr>
            <ns3:cad>88</ns3:cad>
          </ns3:TrackPointExtension>
        </extensions>
      </trkpt>
      <trkpt lat="34.64271719567477703094482421875" lon="135.12117692269384860992431640625">
        <ele>6.19999980926513671875</ele>
        <time>2026-10-03T01:49:12.000Z</time>
        <extensions>
          <ns3:TrackPointExtension>
            <ns3:atemp>26.0</ns3:atemp>
            <ns3:hr>177</ns3:hr>
            <ns3:cad>88</ns3:cad>
          </ns3:TrackPointExtension>
        </extensions>
      </trkpt>
      <trkpt lat="34.642712585628032684326171875" lon="135.12114666402339935302734375">
        <ele>6.19999980926513671875</ele>
        <time>2026-10-03T01:49:13.000Z</time>
        <extensions>
          <ns3:TrackPointExtension>
            <ns3:atemp>26.0</ns3:atemp>
            <ns3:hr>177</ns3:hr>
            <ns3:cad>88</ns3:cad>
          </ns3:TrackPointExtension>
        </extensions>
      </trkpt>
      <trkpt lat="34.642704539000988006591796875" lon="135.12110718525946140289306640625">
        <ele>6.19999980926513671875</ele>
        <time>2026-10-03T01:49:14.000Z</time>
        <extensions>
          <ns3:TrackPointExtension>
            <ns3:atemp>26.0</ns3:atemp>
            <ns3:hr>177</ns3:hr>
            <ns3:cad>88</ns3:cad>
          </ns3:TrackPointExtension>
        </extensions>
      </trkpt>
      <trkpt lat="34.64270026423037052154541015625" lon="135.12107365764677524566650390625">
        <ele>6.19999980926513671875</ele>
        <time>2026-10-03T01:49:15.000Z</time>
        <extensions>
          <ns3:TrackPointExtension>
            <ns3:atemp>26.0</ns3:atemp>
            <ns3:hr>177</ns3:hr>
            <ns3:cad>88</ns3:cad>
          </ns3:TrackPointExtension>
        </extensions>
      </trkpt>
      <trkpt lat="34.642692469060420989990234375" lon="135.12103342451155185699462890625">
        <ele>6.19999980926513671875</ele>
        <time>2026-10-03T01:49:16.000Z</time>
        <extensions>
          <ns3:TrackPointExtension>
            <ns3:atemp>26.0</ns3:atemp>
            <ns3:hr>177</ns3:hr>
            <ns3:cad>88</ns3:cad>
          </ns3:TrackPointExtension>
        </extensions>
      </trkpt>
      <trkpt lat="34.64268785901367664337158203125" lon="135.12100182473659515380859375">
        <ele>6.19999980926513671875</ele>
        <time>2026-10-03T01:49:17.000Z</time>
        <extensions>
          <ns3:TrackPointExtension>
            <ns3:atemp>26.0</ns3:atemp>
            <ns3:hr>177</ns3:hr>
            <ns3:cad>88</ns3:cad>
          </ns3:TrackPointExtension>
        </extensions>
      </trkpt>
      <trkpt lat="34.64267998002469539642333984375" lon="135.1209647767245769500732421875">
        <ele>6.19999980926513671875</ele>
        <time>2026-10-03T01:49:18.000Z</time>
        <extensions>
          <ns3:TrackPointExtension>
            <ns3:atemp>26.0</ns3:atemp>
            <ns3:hr>177</ns3:hr>
            <ns3:cad>89</ns3:cad>
          </ns3:TrackPointExtension>
        </extensions>
      </trkpt>
      <trkpt lat="34.64267360977828502655029296875" lon="135.12093267403542995452880859375">
        <ele>6.19999980926513671875</ele>
        <time>2026-10-03T01:49:19.000Z</time>
        <extensions>
          <ns3:TrackPointExtension>
            <ns3:atemp>26.0</ns3:atemp>
            <ns3:hr>177</ns3:hr>
            <ns3:cad>89</ns3:cad>
          </ns3:TrackPointExtension>
        </extensions>
      </trkpt>
      <trkpt lat="34.642668664455413818359375" lon="135.1208980567753314971923828125">
        <ele>6.19999980926513671875</ele>
        <time>2026-10-03T01:49:20.000Z</time>
        <extensions>
          <ns3:TrackPointExtension>
            <ns3:atemp>26.0</ns3:atemp>
            <ns3:hr>177</ns3:hr>
            <ns3:cad>88</ns3:cad>
          </ns3:TrackPointExtension>
        </extensions>
      </trkpt>
      <trkpt lat="34.64266070164740085601806640625" lon="135.1208651997148990631103515625">
        <ele>6.19999980926513671875</ele>
        <time>2026-10-03T01:49:21.000Z</time>
        <extensions>
          <ns3:TrackPointExtension>
            <ns3:atemp>26.0</ns3:atemp>
            <ns3:hr>177</ns3:hr>
            <ns3:cad>88</ns3:cad>
          </ns3:TrackPointExtension>
        </extensions>
      </trkpt>
      <trkpt lat="34.64265483431518077850341796875" lon="135.12083058245480060577392578125">
        <ele>6.19999980926513671875</ele>
        <time>2026-10-03T01:49:22.000Z</time>
        <extensions>
          <ns3:TrackPointExtension>
            <ns3:atemp>26.0</ns3:atemp>
            <ns3:hr>177</ns3:hr>
            <ns3:cad>89</ns3:cad>
          </ns3:TrackPointExtension>
        </extensions>
      </trkpt>
      <trkpt lat="34.6426436863839626312255859375" lon="135.120794959366321563720703125">
        <ele>6.19999980926513671875</ele>
        <time>2026-10-03T01:49:23.000Z</time>
        <extensions>
          <ns3:TrackPointExtension>
            <ns3:atemp>26.0</ns3:atemp>
            <ns3:hr>177</ns3:hr>
            <ns3:cad>89</ns3:cad>
          </ns3:TrackPointExtension>
        </extensions>
      </trkpt>
      <trkpt lat="34.64263706468045711517333984375" lon="135.1207602582871913909912109375">
        <ele>6.19999980926513671875</ele>
        <time>2026-10-03T01:49:24.000Z</time>
        <extensions>
          <ns3:TrackPointExtension>
            <ns3:atemp>26.0</ns3:atemp>
            <ns3:hr>177</ns3:hr>
            <ns3:cad>89</ns3:cad>
          </ns3:TrackPointExtension>
        </extensions>
      </trkpt>
      <trkpt lat="34.6426270902156829833984375" lon="135.120725892484188079833984375">
        <ele>6.19999980926513671875</ele>
        <time>2026-10-03T01:49:25.000Z</time>
        <extensions>
          <ns3:TrackPointExtension>
            <ns3:atemp>26.0</ns3:atemp>
            <ns3:hr>177</ns3:hr>
            <ns3:cad>89</ns3:cad>
          </ns3:TrackPointExtension>
        </extensions>
      </trkpt>
      <trkpt lat="34.64261963032186031341552734375" lon="135.1206927001476287841796875">
        <ele>6.19999980926513671875</ele>
        <time>2026-10-03T01:49:26.000Z</time>
        <extensions>
          <ns3:TrackPointExtension>
            <ns3:atemp>26.0</ns3:atemp>
            <ns3:hr>177</ns3:hr>
            <ns3:cad>89</ns3:cad>
          </ns3:TrackPointExtension>
        </extensions>
      </trkpt>
      <trkpt lat="34.64261057786643505096435546875" lon="135.120658166706562042236328125">
        <ele>6.19999980926513671875</ele>
        <time>2026-10-03T01:49:27.000Z</time>
        <extensions>
          <ns3:TrackPointExtension>
            <ns3:atemp>26.0</ns3:atemp>
            <ns3:hr>177</ns3:hr>
            <ns3:cad>89</ns3:cad>
          </ns3:TrackPointExtension>
        </extensions>
      </trkpt>
      <trkpt lat="34.642604291439056396484375" lon="135.1206238009035587310791015625">
        <ele>6.19999980926513671875</ele>
        <time>2026-10-03T01:49:28.000Z</time>
        <extensions>
          <ns3:TrackPointExtension>
            <ns3:atemp>26.0</ns3:atemp>
            <ns3:hr>177</ns3:hr>
            <ns3:cad>89</ns3:cad>
          </ns3:TrackPointExtension>
        </extensions>
      </trkpt>
      <trkpt lat="34.64259264059364795684814453125" lon="135.1205880939960479736328125">
        <ele>6.19999980926513671875</ele>
        <time>2026-10-03T01:49:29.000Z</time>
        <extensions>
          <ns3:TrackPointExtension>
            <ns3:atemp>26.0</ns3:atemp>
            <ns3:hr>177</ns3:hr>
            <ns3:cad>89</ns3:cad>
          </ns3:TrackPointExtension>
        </extensions>
      </trkpt>
      <trkpt lat="34.6425863541662693023681640625" lon="135.1205540634691715240478515625">
        <ele>6.19999980926513671875</ele>
        <time>2026-10-03T01:49:30.000Z</time>
        <extensions>
          <ns3:TrackPointExtension>
            <ns3:atemp>26.0</ns3:atemp>
            <ns3:hr>177</ns3:hr>
            <ns3:cad>89</ns3:cad>
          </ns3:TrackPointExtension>
        </extensions>
      </trkpt>
      <trkpt lat="34.64257403276860713958740234375" lon="135.12052028439939022064208984375">
        <ele>6.19999980926513671875</ele>
        <time>2026-10-03T01:49:31.000Z</time>
        <extensions>
          <ns3:TrackPointExtension>
            <ns3:atemp>26.0</ns3:atemp>
            <ns3:hr>177</ns3:hr>
            <ns3:cad>89</ns3:cad>
          </ns3:TrackPointExtension>
        </extensions>
      </trkpt>
      <trkpt lat="34.64256850071251392364501953125" lon="135.12049044482409954071044921875">
        <ele>6</ele>
        <time>2026-10-03T01:49:32.000Z</time>
        <extensions>
          <ns3:TrackPointExtension>
            <ns3:atemp>26.0</ns3:atemp>
            <ns3:hr>177</ns3:hr>
            <ns3:cad>90</ns3:cad>
          </ns3:TrackPointExtension>
        </extensions>
      </trkpt>
      <trkpt lat="34.64255576021969318389892578125" lon="135.1204566657543182373046875">
        <ele>6</ele>
        <time>2026-10-03T01:49:33.000Z</time>
        <extensions>
          <ns3:TrackPointExtension>
            <ns3:atemp>26.0</ns3:atemp>
            <ns3:hr>177</ns3:hr>
            <ns3:cad>90</ns3:cad>
          </ns3:TrackPointExtension>
        </extensions>
      </trkpt>
      <trkpt lat="34.6425481326878070831298828125" lon="135.1204283349215984344482421875">
        <ele>6</ele>
        <time>2026-10-03T01:49:34.000Z</time>
        <extensions>
          <ns3:TrackPointExtension>
            <ns3:atemp>26.0</ns3:atemp>
            <ns3:hr>177</ns3:hr>
            <ns3:cad>90</ns3:cad>
          </ns3:TrackPointExtension>
        </extensions>
      </trkpt>
      <trkpt lat="34.6425340510904788970947265625" lon="135.1203951425850391387939453125">
        <ele>6</ele>
        <time>2026-10-03T01:49:35.000Z</time>
        <extensions>
          <ns3:TrackPointExtension>
            <ns3:atemp>26.0</ns3:atemp>
            <ns3:hr>176</ns3:hr>
            <ns3:cad>90</ns3:cad>
          </ns3:TrackPointExtension>
        </extensions>
      </trkpt>
      <trkpt lat="34.64252650737762451171875" lon="135.1203632913529872894287109375">
        <ele>6</ele>
        <time>2026-10-03T01:49:36.000Z</time>
        <extensions>
          <ns3:TrackPointExtension>
            <ns3:atemp>26.0</ns3:atemp>
            <ns3:hr>176</ns3:hr>
            <ns3:cad>90</ns3:cad>
          </ns3:TrackPointExtension>
        </extensions>
      </trkpt>
      <trkpt lat="34.642513431608676910400390625" lon="135.12032926082611083984375">
        <ele>6.19999980926513671875</ele>
        <time>2026-10-03T01:49:37.000Z</time>
        <extensions>
          <ns3:TrackPointExtension>
            <ns3:atemp>26.0</ns3:atemp>
            <ns3:hr>176</ns3:hr>
            <ns3:cad>90</ns3:cad>
          </ns3:TrackPointExtension>
        </extensions>
      </trkpt>
      <trkpt lat="34.642508737742900848388671875" lon="135.1202930510044097900390625">
        <ele>6.19999980926513671875</ele>
        <time>2026-10-03T01:49:38.000Z</time>
        <extensions>
          <ns3:TrackPointExtension>
            <ns3:atemp>26.0</ns3:atemp>
            <ns3:hr>176</ns3:hr>
            <ns3:cad>90</ns3:cad>
          </ns3:TrackPointExtension>
        </extensions>
      </trkpt>
      <trkpt lat="34.64249893091619014739990234375" lon="135.12025960721075534820556640625">
        <ele>6.19999980926513671875</ele>
        <time>2026-10-03T01:49:39.000Z</time>
        <extensions>
          <ns3:TrackPointExtension>
            <ns3:atemp>26.0</ns3:atemp>
            <ns3:hr>176</ns3:hr>
            <ns3:cad>91</ns3:cad>
          </ns3:TrackPointExtension>
        </extensions>
      </trkpt>
      <trkpt lat="34.64249038137495517730712890625" lon="135.1202258281409740447998046875">
        <ele>6.19999980926513671875</ele>
        <time>2026-10-03T01:49:40.000Z</time>
        <extensions>
          <ns3:TrackPointExtension>
            <ns3:atemp>26.0</ns3:atemp>
            <ns3:hr>176</ns3:hr>
            <ns3:cad>91</ns3:cad>
          </ns3:TrackPointExtension>
        </extensions>
      </trkpt>
      <trkpt lat="34.64247512631118297576904296875" lon="135.12019313871860504150390625">
        <ele>6.19999980926513671875</ele>
        <time>2026-10-03T01:49:41.000Z</time>
        <extensions>
          <ns3:TrackPointExtension>
            <ns3:atemp>26.0</ns3:atemp>
            <ns3:hr>177</ns3:hr>
            <ns3:cad>91</ns3:cad>
          </ns3:TrackPointExtension>
        </extensions>
      </trkpt>
      <trkpt lat="34.64246439747512340545654296875" lon="135.12015617452561855316162109375">
        <ele>6.19999980926513671875</ele>
        <time>2026-10-03T01:49:42.000Z</time>
        <extensions>
          <ns3:TrackPointExtension>
            <ns3:atemp>26.0</ns3:atemp>
            <ns3:hr>176</ns3:hr>
            <ns3:cad>91</ns3:cad>
          </ns3:TrackPointExtension>
        </extensions>
      </trkpt>
      <trkpt lat="34.64245299808681011199951171875" lon="135.1201213896274566650390625">
        <ele>6.19999980926513671875</ele>
        <time>2026-10-03T01:49:43.000Z</time>
        <extensions>
          <ns3:TrackPointExtension>
            <ns3:atemp>26.0</ns3:atemp>
            <ns3:hr>177</ns3:hr>
            <ns3:cad>91</ns3:cad>
          </ns3:TrackPointExtension>
        </extensions>
      </trkpt>
      <trkpt lat="34.64244067668914794921875" lon="135.12008442543447017669677734375">
        <ele>6.19999980926513671875</ele>
        <time>2026-10-03T01:49:44.000Z</time>
        <extensions>
          <ns3:TrackPointExtension>
            <ns3:atemp>26.0</ns3:atemp>
            <ns3:hr>177</ns3:hr>
            <ns3:cad>90</ns3:cad>
          </ns3:TrackPointExtension>
        </extensions>
      </trkpt>
      <trkpt lat="34.6424314565956592559814453125" lon="135.12005156837403774261474609375">
        <ele>6</ele>
        <time>2026-10-03T01:49:45.000Z</time>
        <extensions>
          <ns3:TrackPointExtension>
            <ns3:atemp>26.0</ns3:atemp>
            <ns3:hr>177</ns3:hr>
            <ns3:cad>91</ns3:cad>
          </ns3:TrackPointExtension>
        </extensions>
      </trkpt>
      <trkpt lat="34.64241980575025081634521484375" lon="135.120018459856510162353515625">
        <ele>6</ele>
        <time>2026-10-03T01:49:46.000Z</time>
        <extensions>
          <ns3:TrackPointExtension>
            <ns3:atemp>26.0</ns3:atemp>
            <ns3:hr>178</ns3:hr>
            <ns3:cad>91</ns3:cad>
          </ns3:TrackPointExtension>
        </extensions>
      </trkpt>
      <trkpt lat="34.64240622706711292266845703125" lon="135.119986273348331451416015625">
        <ele>6</ele>
        <time>2026-10-03T01:49:47.000Z</time>
        <extensions>
          <ns3:TrackPointExtension>
            <ns3:atemp>26.0</ns3:atemp>
            <ns3:hr>177</ns3:hr>
            <ns3:cad>90</ns3:cad>
          </ns3:TrackPointExtension>
        </extensions>
      </trkpt>
      <trkpt lat="34.64239382185041904449462890625" lon="135.11995375156402587890625">
        <ele>6</ele>
        <time>2026-10-03T01:49:48.000Z</time>
        <extensions>
          <ns3:TrackPointExtension>
            <ns3:atemp>26.0</ns3:atemp>
            <ns3:hr>177</ns3:hr>
            <ns3:cad>90</ns3:cad>
          </ns3:TrackPointExtension>
        </extensions>
      </trkpt>
      <trkpt lat="34.64237873442471027374267578125" lon="135.11992298997938632965087890625">
        <ele>6.19999980926513671875</ele>
        <time>2026-10-03T01:49:49.000Z</time>
        <extensions>
          <ns3:TrackPointExtension>
            <ns3:atemp>26.0</ns3:atemp>
            <ns3:hr>178</ns3:hr>
            <ns3:cad>89</ns3:cad>
          </ns3:TrackPointExtension>
        </extensions>
      </trkpt>
      <trkpt lat="34.6423714421689510345458984375" lon="135.11989139020442962646484375">
        <ele>6.19999980926513671875</ele>
        <time>2026-10-03T01:49:50.000Z</time>
        <extensions>
          <ns3:TrackPointExtension>
            <ns3:atemp>26.0</ns3:atemp>
            <ns3:hr>178</ns3:hr>
            <ns3:cad>89</ns3:cad>
          </ns3:TrackPointExtension>
        </extensions>
      </trkpt>
      <trkpt lat="34.64235685765743255615234375" lon="135.119858197867870330810546875">
        <ele>6.19999980926513671875</ele>
        <time>2026-10-03T01:49:51.000Z</time>
        <extensions>
          <ns3:TrackPointExtension>
            <ns3:atemp>26.0</ns3:atemp>
            <ns3:hr>177</ns3:hr>
            <ns3:cad>89</ns3:cad>
          </ns3:TrackPointExtension>
        </extensions>
      </trkpt>
      <trkpt lat="34.64234923012554645538330078125" lon="135.11982961557805538177490234375">
        <ele>6.19999980926513671875</ele>
        <time>2026-10-03T01:49:52.000Z</time>
        <extensions>
          <ns3:TrackPointExtension>
            <ns3:atemp>26.0</ns3:atemp>
            <ns3:hr>178</ns3:hr>
            <ns3:cad>89</ns3:cad>
          </ns3:TrackPointExtension>
        </extensions>
      </trkpt>
      <trkpt lat="34.642333723604679107666015625" lon="135.11979642324149608612060546875">
        <ele>6.19999980926513671875</ele>
        <time>2026-10-03T01:49:53.000Z</time>
        <extensions>
          <ns3:TrackPointExtension>
            <ns3:atemp>26.0</ns3:atemp>
            <ns3:hr>177</ns3:hr>
            <ns3:cad>89</ns3:cad>
          </ns3:TrackPointExtension>
        </extensions>
      </trkpt>
      <trkpt lat="34.6423255093395709991455078125" lon="135.11976574547588825225830078125">
        <ele>6.19999980926513671875</ele>
        <time>2026-10-03T01:49:54.000Z</time>
        <extensions>
          <ns3:TrackPointExtension>
            <ns3:atemp>26.0</ns3:atemp>
            <ns3:hr>177</ns3:hr>
            <ns3:cad>89</ns3:cad>
          </ns3:TrackPointExtension>
        </extensions>
      </trkpt>
      <trkpt lat="34.64230983518064022064208984375" lon="135.119730792939662933349609375">
        <ele>6.19999980926513671875</ele>
        <time>2026-10-03T01:49:55.000Z</time>
        <extensions>
          <ns3:TrackPointExtension>
            <ns3:atemp>26.0</ns3:atemp>
            <ns3:hr>177</ns3:hr>
            <ns3:cad>89</ns3:cad>
          </ns3:TrackPointExtension>
        </extensions>
      </trkpt>
      <trkpt lat="34.6423033811151981353759765625" lon="135.11970229446887969970703125">
        <ele>6.19999980926513671875</ele>
        <time>2026-10-03T01:49:56.000Z</time>
        <extensions>
          <ns3:TrackPointExtension>
            <ns3:atemp>26.0</ns3:atemp>
            <ns3:hr>177</ns3:hr>
            <ns3:cad>89</ns3:cad>
          </ns3:TrackPointExtension>
        </extensions>
      </trkpt>
      <trkpt lat="34.6422876231372356414794921875" lon="135.11966608464717864990234375">
        <ele>6</ele>
        <time>2026-10-03T01:49:57.000Z</time>
        <extensions>
          <ns3:TrackPointExtension>
            <ns3:atemp>26.0</ns3:atemp>
            <ns3:hr>177</ns3:hr>
            <ns3:cad>89</ns3:cad>
          </ns3:TrackPointExtension>
        </extensions>
      </trkpt>
      <trkpt lat="34.6422819234430789947509765625" lon="135.119634233415126800537109375">
        <ele>6</ele>
        <time>2026-10-03T01:49:58.000Z</time>
        <extensions>
          <ns3:TrackPointExtension>
            <ns3:atemp>26.0</ns3:atemp>
            <ns3:hr>177</ns3:hr>
            <ns3:cad>89</ns3:cad>
          </ns3:TrackPointExtension>
        </extensions>
      </trkpt>
      <trkpt lat="34.64226993732154369354248046875" lon="135.1195956766605377197265625">
        <ele>6</ele>
        <time>2026-10-03T01:49:59.000Z</time>
        <extensions>
          <ns3:TrackPointExtension>
            <ns3:atemp>26.0</ns3:atemp>
            <ns3:hr>176</ns3:hr>
            <ns3:cad>89</ns3:cad>
          </ns3:TrackPointExtension>
        </extensions>
      </trkpt>
      <trkpt lat="34.64226893149316310882568359375" lon="135.1195666752755641937255859375">
        <ele>6</ele>
        <time>2026-10-03T01:50:00.000Z</time>
        <extensions>
          <ns3:TrackPointExtension>
            <ns3:atemp>26.0</ns3:atemp>
            <ns3:hr>176</ns3:hr>
            <ns3:cad>89</ns3:cad>
          </ns3:TrackPointExtension>
        </extensions>
      </trkpt>
      <trkpt lat="34.64226004667580127716064453125" lon="135.11952887289226055145263671875">
        <ele>6</ele>
        <time>2026-10-03T01:50:01.000Z</time>
        <extensions>
          <ns3:TrackPointExtension>
            <ns3:atemp>26.0</ns3:atemp>
            <ns3:hr>175</ns3:hr>
            <ns3:cad>89</ns3:cad>
          </ns3:TrackPointExtension>
        </extensions>
      </trkpt>
      <trkpt lat="34.6422597952187061309814453125" lon="135.11950070969760417938232421875">
        <ele>6</ele>
        <time>2026-10-03T01:50:02.000Z</time>
        <extensions>
          <ns3:TrackPointExtension>
            <ns3:atemp>26.0</ns3:atemp>
            <ns3:hr>176</ns3:hr>
            <ns3:cad>90</ns3:cad>
          </ns3:TrackPointExtension>
        </extensions>
      </trkpt>
      <trkpt lat="34.64224982075393199920654296875" lon="135.1194637455046176910400390625">
        <ele>6</ele>
        <time>2026-10-03T01:50:03.000Z</time>
        <extensions>
          <ns3:TrackPointExtension>
            <ns3:atemp>26.0</ns3:atemp>
            <ns3:hr>176</ns3:hr>
            <ns3:cad>90</ns3:cad>
          </ns3:TrackPointExtension>
        </extensions>
      </trkpt>
      <trkpt lat="34.64224697090685367584228515625" lon="135.11943365447223186492919921875">
        <ele>6</ele>
        <time>2026-10-03T01:50:04.000Z</time>
        <extensions>
          <ns3:TrackPointExtension>
            <ns3:atemp>26.0</ns3:atemp>
            <ns3:hr>176</ns3:hr>
            <ns3:cad>90</ns3:cad>
          </ns3:TrackPointExtension>
        </extensions>
      </trkpt>
      <trkpt lat="34.642239511013031005859375" lon="135.11939526535570621490478515625">
        <ele>6</ele>
        <time>2026-10-03T01:50:05.000Z</time>
        <extensions>
          <ns3:TrackPointExtension>
            <ns3:atemp>26.0</ns3:atemp>
            <ns3:hr>176</ns3:hr>
            <ns3:cad>90</ns3:cad>
          </ns3:TrackPointExtension>
        </extensions>
      </trkpt>
      <trkpt lat="34.64223825372755527496337890625" lon="135.11936492286622524261474609375">
        <ele>6</ele>
        <time>2026-10-03T01:50:06.000Z</time>
        <extensions>
          <ns3:TrackPointExtension>
            <ns3:atemp>26.0</ns3:atemp>
            <ns3:hr>176</ns3:hr>
            <ns3:cad>90</ns3:cad>
          </ns3:TrackPointExtension>
        </extensions>
      </trkpt>
      <trkpt lat="34.6422380022704601287841796875" lon="135.11932536028325557708740234375">
        <ele>6</ele>
        <time>2026-10-03T01:50:07.000Z</time>
        <extensions>
          <ns3:TrackPointExtension>
            <ns3:atemp>26.0</ns3:atemp>
            <ns3:hr>176</ns3:hr>
            <ns3:cad>90</ns3:cad>
          </ns3:TrackPointExtension>
        </extensions>
      </trkpt>
      <trkpt lat="34.64223993010818958282470703125" lon="135.11929468251764774322509765625">
        <ele>6</ele>
        <time>2026-10-03T01:50:08.000Z</time>
        <extensions>
          <ns3:TrackPointExtension>
            <ns3:atemp>26.0</ns3:atemp>
            <ns3:hr>176</ns3:hr>
            <ns3:cad>90</ns3:cad>
          </ns3:TrackPointExtension>
        </extensions>
      </trkpt>
      <trkpt lat="34.64223959483206272125244140625" lon="135.1192535273730754852294921875">
        <ele>6</ele>
        <time>2026-10-03T01:50:09.000Z</time>
        <extensions>
          <ns3:TrackPointExtension>
            <ns3:atemp>26.0</ns3:atemp>
            <ns3:hr>176</ns3:hr>
            <ns3:cad>89</ns3:cad>
          </ns3:TrackPointExtension>
        </extensions>
      </trkpt>
      <trkpt lat="34.64224311523139476776123046875" lon="135.11922427453100681304931640625">
        <ele>6</ele>
        <time>2026-10-03T01:50:10.000Z</time>
        <extensions>
          <ns3:TrackPointExtension>
            <ns3:atemp>26.0</ns3:atemp>
            <ns3:hr>177</ns3:hr>
            <ns3:cad>89</ns3:cad>
          </ns3:TrackPointExtension>
        </extensions>
      </trkpt>
      <trkpt lat="34.6422447077929973602294921875" lon="135.11918521486222743988037109375">
        <ele>6</ele>
        <time>2026-10-03T01:50:11.000Z</time>
        <extensions>
          <ns3:TrackPointExtension>
            <ns3:atemp>26.0</ns3:atemp>
            <ns3:hr>177</ns3:hr>
            <ns3:cad>89</ns3:cad>
          </ns3:TrackPointExtension>
        </extensions>
      </trkpt>
      <trkpt lat="34.642250575125217437744140625" lon="135.1191579736769199371337890625">
        <ele>6</ele>
        <time>2026-10-03T01:50:12.000Z</time>
        <extensions>
          <ns3:TrackPointExtension>
            <ns3:atemp>26.0</ns3:atemp>
            <ns3:hr>177</ns3:hr>
            <ns3:cad>88</ns3:cad>
          </ns3:TrackPointExtension>
        </extensions>
      </trkpt>
      <trkpt lat="34.64225200004875659942626953125" lon="135.1191153936088085174560546875">
        <ele>6</ele>
        <time>2026-10-03T01:50:13.000Z</time>
        <extensions>
          <ns3:TrackPointExtension>
            <ns3:atemp>26.0</ns3:atemp>
            <ns3:hr>177</ns3:hr>
            <ns3:cad>89</ns3:cad>
          </ns3:TrackPointExtension>
        </extensions>
      </trkpt>
      <trkpt lat="34.6422577835619449615478515625" lon="135.1190865598618984222412109375">
        <ele>6</ele>
        <time>2026-10-03T01:50:14.000Z</time>
        <extensions>
          <ns3:TrackPointExtension>
            <ns3:atemp>26.0</ns3:atemp>
            <ns3:hr>177</ns3:hr>
            <ns3:cad>89</ns3:cad>
          </ns3:TrackPointExtension>
        </extensions>
      </trkpt>
      <trkpt lat="34.6422623097896575927734375" lon="135.1190443150699138641357421875">
        <ele>6</ele>
        <time>2026-10-03T01:50:15.000Z</time>
        <extensions>
          <ns3:TrackPointExtension>
            <ns3:atemp>26.0</ns3:atemp>
            <ns3:hr>178</ns3:hr>
            <ns3:cad>89</ns3:cad>
          </ns3:TrackPointExtension>
        </extensions>
      </trkpt>
      <trkpt lat="34.6422671712934970855712890625" lon="135.119018666446208953857421875">
        <ele>6</ele>
        <time>2026-10-03T01:50:16.000Z</time>
        <extensions>
          <ns3:TrackPointExtension>
            <ns3:atemp>26.0</ns3:atemp>
            <ns3:hr>177</ns3:hr>
            <ns3:cad>90</ns3:cad>
          </ns3:TrackPointExtension>
        </extensions>
      </trkpt>
      <trkpt lat="34.64226960204541683197021484375" lon="135.11897675693035125732421875">
        <ele>6</ele>
        <time>2026-10-03T01:50:17.000Z</time>
        <extensions>
          <ns3:TrackPointExtension>
            <ns3:atemp>26.0</ns3:atemp>
            <ns3:hr>179</ns3:hr>
            <ns3:cad>90</ns3:cad>
          </ns3:TrackPointExtension>
        </extensions>
      </trkpt>
      <trkpt lat="34.64227496646344661712646484375" lon="135.118946917355060577392578125">
        <ele>6</ele>
        <time>2026-10-03T01:50:18.000Z</time>
        <extensions>
          <ns3:TrackPointExtension>
            <ns3:atemp>26.0</ns3:atemp>
            <ns3:hr>179</ns3:hr>
            <ns3:cad>90</ns3:cad>
          </ns3:TrackPointExtension>
        </extensions>
      </trkpt>
      <trkpt lat="34.6422730386257171630859375" lon="135.118905007839202880859375">
        <ele>6</ele>
        <time>2026-10-03T01:50:19.000Z</time>
        <extensions>
          <ns3:TrackPointExtension>
            <ns3:atemp>26.0</ns3:atemp>
            <ns3:hr>179</ns3:hr>
            <ns3:cad>90</ns3:cad>
          </ns3:TrackPointExtension>
        </extensions>
      </trkpt>
      <trkpt lat="34.64227798394858837127685546875" lon="135.1188763417303562164306640625">
        <ele>6</ele>
        <time>2026-10-03T01:50:20.000Z</time>
        <extensions>
          <ns3:TrackPointExtension>
            <ns3:atemp>26.0</ns3:atemp>
            <ns3:hr>179</ns3:hr>
            <ns3:cad>90</ns3:cad>
          </ns3:TrackPointExtension>
        </extensions>
      </trkpt>
      <trkpt lat="34.64227731339633464813232421875" lon="135.11883451603353023529052734375">
        <ele>6</ele>
        <time>2026-10-03T01:50:21.000Z</time>
        <extensions>
          <ns3:TrackPointExtension>
            <ns3:atemp>26.0</ns3:atemp>
            <ns3:hr>178</ns3:hr>
            <ns3:cad>90</ns3:cad>
          </ns3:TrackPointExtension>
        </extensions>
      </trkpt>
      <trkpt lat="34.64228183962404727935791015625" lon="135.11880517937242984771728515625">
        <ele>6</ele>
        <time>2026-10-03T01:50:22.000Z</time>
        <extensions>
          <ns3:TrackPointExtension>
            <ns3:atemp>26.0</ns3:atemp>
            <ns3:hr>178</ns3:hr>
            <ns3:cad>90</ns3:cad>
          </ns3:TrackPointExtension>
        </extensions>
      </trkpt>
      <trkpt lat="34.6422819234430789947509765625" lon="135.1187641918659210205078125">
        <ele>6</ele>
        <time>2026-10-03T01:50:23.000Z</time>
        <extensions>
          <ns3:TrackPointExtension>
            <ns3:atemp>26.0</ns3:atemp>
            <ns3:hr>177</ns3:hr>
            <ns3:cad>90</ns3:cad>
          </ns3:TrackPointExtension>
        </extensions>
      </trkpt>
      <trkpt lat="34.64228846132755279541015625" lon="135.11873577721416950225830078125">
        <ele>6</ele>
        <time>2026-10-03T01:50:24.000Z</time>
        <extensions>
          <ns3:TrackPointExtension>
            <ns3:atemp>26.0</ns3:atemp>
            <ns3:hr>176</ns3:hr>
            <ns3:cad>90</ns3:cad>
          </ns3:TrackPointExtension>
        </extensions>
      </trkpt>
      <trkpt lat="34.64228904806077480316162109375" lon="135.11869722045958042144775390625">
        <ele>6</ele>
        <time>2026-10-03T01:50:25.000Z</time>
        <extensions>
          <ns3:TrackPointExtension>
            <ns3:atemp>26.0</ns3:atemp>
            <ns3:hr>176</ns3:hr>
            <ns3:cad>90</ns3:cad>
          </ns3:TrackPointExtension>
        </extensions>
      </trkpt>
      <trkpt lat="34.642294161021709442138671875" lon="135.11866687797009944915771484375">
        <ele>6</ele>
        <time>2026-10-03T01:50:26.000Z</time>
        <extensions>
          <ns3:TrackPointExtension>
            <ns3:atemp>26.0</ns3:atemp>
            <ns3:hr>176</ns3:hr>
            <ns3:cad>90</ns3:cad>
          </ns3:TrackPointExtension>
        </extensions>
      </trkpt>
      <trkpt lat="34.64229592122137546539306640625" lon="135.11862714774906635284423828125">
        <ele>6</ele>
        <time>2026-10-03T01:50:27.000Z</time>
        <extensions>
          <ns3:TrackPointExtension>
            <ns3:atemp>26.0</ns3:atemp>
            <ns3:hr>176</ns3:hr>
            <ns3:cad>89</ns3:cad>
          </ns3:TrackPointExtension>
        </extensions>
      </trkpt>
      <trkpt lat="34.6422996930778026580810546875" lon="135.118598230183124542236328125">
        <ele>6</ele>
        <time>2026-10-03T01:50:28.000Z</time>
        <extensions>
          <ns3:TrackPointExtension>
            <ns3:atemp>26.0</ns3:atemp>
            <ns3:hr>175</ns3:hr>
            <ns3:cad>89</ns3:cad>
          </ns3:TrackPointExtension>
        </extensions>
      </trkpt>
      <trkpt lat="34.64230120182037353515625" lon="135.11856026016175746917724609375">
        <ele>6.19999980926513671875</ele>
        <time>2026-10-03T01:50:29.000Z</time>
        <extensions>
          <ns3:TrackPointExtension>
            <ns3:atemp>26.0</ns3:atemp>
            <ns3:hr>175</ns3:hr>
            <ns3:cad>89</ns3:cad>
          </ns3:TrackPointExtension>
        </extensions>
      </trkpt>
      <trkpt lat="34.642304219305515289306640625" lon="135.11852807365357875823974609375">
        <ele>6.19999980926513671875</ele>
        <time>2026-10-03T01:50:30.000Z</time>
        <extensions>
          <ns3:TrackPointExtension>
            <ns3:atemp>26.0</ns3:atemp>
            <ns3:hr>175</ns3:hr>
            <ns3:cad>89</ns3:cad>
          </ns3:TrackPointExtension>
        </extensions>
      </trkpt>
      <trkpt lat="34.64230455458164215087890625" lon="135.11849119327962398529052734375">
        <ele>6.19999980926513671875</ele>
        <time>2026-10-03T01:50:31.000Z</time>
        <extensions>
          <ns3:TrackPointExtension>
            <ns3:atemp>26.0</ns3:atemp>
            <ns3:hr>175</ns3:hr>
            <ns3:cad>89</ns3:cad>
          </ns3:TrackPointExtension>
        </extensions>
      </trkpt>
      <trkpt lat="34.64230882935225963592529296875" lon="135.118459425866603851318359375">
        <ele>6.19999980926513671875</ele>
        <time>2026-10-03T01:50:32.000Z</time>
        <extensions>
          <ns3:TrackPointExtension>
            <ns3:atemp>26.0</ns3:atemp>
            <ns3:hr>175</ns3:hr>
            <ns3:cad>89</ns3:cad>
          </ns3:TrackPointExtension>
        </extensions>
      </trkpt>
      <trkpt lat="34.642308913171291351318359375" lon="135.118419863283634185791015625">
        <ele>6.19999980926513671875</ele>
        <time>2026-10-03T01:50:33.000Z</time>
        <extensions>
          <ns3:TrackPointExtension>
            <ns3:atemp>26.0</ns3:atemp>
            <ns3:hr>175</ns3:hr>
            <ns3:cad>89</ns3:cad>
          </ns3:TrackPointExtension>
        </extensions>
      </trkpt>
      <trkpt lat="34.64231050573289394378662109375" lon="135.11838608421385288238525390625">
        <ele>6.19999980926513671875</ele>
        <time>2026-10-03T01:50:34.000Z</time>
        <extensions>
          <ns3:TrackPointExtension>
            <ns3:atemp>26.0</ns3:atemp>
            <ns3:hr>176</ns3:hr>
            <ns3:cad>89</ns3:cad>
          </ns3:TrackPointExtension>
        </extensions>
      </trkpt>
      <trkpt lat="34.64231100864708423614501953125" lon="135.11834769509732723236083984375">
        <ele>6.19999980926513671875</ele>
        <time>2026-10-03T01:50:35.000Z</time>
        <extensions>
          <ns3:TrackPointExtension>
            <ns3:atemp>26.0</ns3:atemp>
            <ns3:hr>176</ns3:hr>
            <ns3:cad>89</ns3:cad>
          </ns3:TrackPointExtension>
        </extensions>
      </trkpt>
      <trkpt lat="34.64231134392321109771728515625" lon="135.118314586579799652099609375">
        <ele>6.19999980926513671875</ele>
        <time>2026-10-03T01:50:36.000Z</time>
        <extensions>
          <ns3:TrackPointExtension>
            <ns3:atemp>26.0</ns3:atemp>
            <ns3:hr>176</ns3:hr>
            <ns3:cad>90</ns3:cad>
          </ns3:TrackPointExtension>
        </extensions>
      </trkpt>
      <trkpt lat="34.642310254275798797607421875" lon="135.118275694549083709716796875">
        <ele>6.19999980926513671875</ele>
        <time>2026-10-03T01:50:37.000Z</time>
        <extensions>
          <ns3:TrackPointExtension>
            <ns3:atemp>26.0</ns3:atemp>
            <ns3:hr>176</ns3:hr>
            <ns3:cad>90</ns3:cad>
          </ns3:TrackPointExtension>
        </extensions>
      </trkpt>
      <trkpt lat="34.6423087455332279205322265625" lon="135.11824443005025386810302734375">
        <ele>6.19999980926513671875</ele>
        <time>2026-10-03T01:50:38.000Z</time>
        <extensions>
          <ns3:TrackPointExtension>
            <ns3:atemp>26.0</ns3:atemp>
            <ns3:hr>177</ns3:hr>
            <ns3:cad>90</ns3:cad>
          </ns3:TrackPointExtension>
        </extensions>
      </trkpt>
      <trkpt lat="34.64230581186711788177490234375" lon="135.11820570565760135650634765625">
        <ele>6.19999980926513671875</ele>
        <time>2026-10-03T01:50:39.000Z</time>
        <extensions>
          <ns3:TrackPointExtension>
            <ns3:atemp>26.0</ns3:atemp>
            <ns3:hr>178</ns3:hr>
            <ns3:cad>90</ns3:cad>
          </ns3:TrackPointExtension>
        </extensions>
      </trkpt>
      <trkpt lat="34.64230698533356189727783203125" lon="135.11817418970167636871337890625">
        <ele>6.19999980926513671875</ele>
        <time>2026-10-03T01:50:40.000Z</time>
        <extensions>
          <ns3:TrackPointExtension>
            <ns3:atemp>26.0</ns3:atemp>
            <ns3:hr>178</ns3:hr>
            <ns3:cad>90</ns3:cad>
          </ns3:TrackPointExtension>
        </extensions>
      </trkpt>
      <trkpt lat="34.64230413548648357391357421875" lon="135.1181340403854846954345703125">
        <ele>6.19999980926513671875</ele>
        <time>2026-10-03T01:50:41.000Z</time>
        <extensions>
          <ns3:TrackPointExtension>
            <ns3:atemp>26.0</ns3:atemp>
            <ns3:hr>178</ns3:hr>
            <ns3:cad>90</ns3:cad>
          </ns3:TrackPointExtension>
        </extensions>
      </trkpt>
      <trkpt lat="34.64230346493422985076904296875" lon="135.118101350963115692138671875">
        <ele>6.19999980926513671875</ele>
        <time>2026-10-03T01:50:42.000Z</time>
        <extensions>
          <ns3:TrackPointExtension>
            <ns3:atemp>26.0</ns3:atemp>
            <ns3:hr>177</ns3:hr>
            <ns3:cad>90</ns3:cad>
          </ns3:TrackPointExtension>
        </extensions>
      </trkpt>
      <trkpt lat="34.64229877106845378875732421875" lon="135.11805944144725799560546875">
        <ele>6.19999980926513671875</ele>
        <time>2026-10-03T01:50:43.000Z</time>
        <extensions>
          <ns3:TrackPointExtension>
            <ns3:atemp>26.0</ns3:atemp>
            <ns3:hr>176</ns3:hr>
            <ns3:cad>91</ns3:cad>
          </ns3:TrackPointExtension>
        </extensions>
      </trkpt>
      <trkpt lat="34.64229919016361236572265625" lon="135.1180294342339038848876953125">
        <ele>6</ele>
        <time>2026-10-03T01:50:44.000Z</time>
        <extensions>
          <ns3:TrackPointExtension>
            <ns3:atemp>26.0</ns3:atemp>
            <ns3:hr>176</ns3:hr>
            <ns3:cad>91</ns3:cad>
          </ns3:TrackPointExtension>
        </extensions>
      </trkpt>
      <trkpt lat="34.64229390956461429595947265625" lon="135.11798978783190250396728515625">
        <ele>6</ele>
        <time>2026-10-03T01:50:45.000Z</time>
        <extensions>
          <ns3:TrackPointExtension>
            <ns3:atemp>26.0</ns3:atemp>
            <ns3:hr>176</ns3:hr>
            <ns3:cad>90</ns3:cad>
          </ns3:TrackPointExtension>
        </extensions>
      </trkpt>
      <trkpt lat="34.64229424484074115753173828125" lon="135.1179595291614532470703125">
        <ele>6</ele>
        <time>2026-10-03T01:50:46.000Z</time>
        <extensions>
          <ns3:TrackPointExtension>
            <ns3:atemp>26.0</ns3:atemp>
            <ns3:hr>176</ns3:hr>
            <ns3:cad>90</ns3:cad>
          </ns3:TrackPointExtension>
        </extensions>
      </trkpt>
      <trkpt lat="34.64228888042271137237548828125" lon="135.11791971512138843536376953125">
        <ele>6</ele>
        <time>2026-10-03T01:50:47.000Z</time>
        <extensions>
          <ns3:TrackPointExtension>
            <ns3:atemp>26.0</ns3:atemp>
            <ns3:hr>176</ns3:hr>
            <ns3:cad>90</ns3:cad>
          </ns3:TrackPointExtension>
        </extensions>
      </trkpt>
      <trkpt lat="34.642288796603679656982421875" lon="135.117888115346431732177734375">
        <ele>6</ele>
        <time>2026-10-03T01:50:48.000Z</time>
        <extensions>
          <ns3:TrackPointExtension>
            <ns3:atemp>26.0</ns3:atemp>
            <ns3:hr>176</ns3:hr>
            <ns3:cad>90</ns3:cad>
          </ns3:TrackPointExtension>
        </extensions>
      </trkpt>
      <trkpt lat="34.6422876231372356414794921875" lon="135.11784913949668407440185546875">
        <ele>6</ele>
        <time>2026-10-03T01:50:49.000Z</time>
        <extensions>
          <ns3:TrackPointExtension>
            <ns3:atemp>26.0</ns3:atemp>
            <ns3:hr>177</ns3:hr>
            <ns3:cad>90</ns3:cad>
          </ns3:TrackPointExtension>
        </extensions>
      </trkpt>
      <trkpt lat="34.64228552766144275665283203125" lon="135.11781510896980762481689453125">
        <ele>6</ele>
        <time>2026-10-03T01:50:50.000Z</time>
        <extensions>
          <ns3:TrackPointExtension>
            <ns3:atemp>26.0</ns3:atemp>
            <ns3:hr>177</ns3:hr>
            <ns3:cad>89</ns3:cad>
          </ns3:TrackPointExtension>
        </extensions>
      </trkpt>
      <trkpt lat="34.64228267781436443328857421875" lon="135.1177789829671382904052734375">
        <ele>6</ele>
        <time>2026-10-03T01:50:51.000Z</time>
        <extensions>
          <ns3:TrackPointExtension>
            <ns3:atemp>26.0</ns3:atemp>
            <ns3:hr>177</ns3:hr>
            <ns3:cad>89</ns3:cad>
          </ns3:TrackPointExtension>
        </extensions>
      </trkpt>
      <trkpt lat="34.64227773249149322509765625" lon="135.1177414320409297943115234375">
        <ele>5.80000019073486328125</ele>
        <time>2026-10-03T01:50:52.000Z</time>
        <extensions>
          <ns3:TrackPointExtension>
            <ns3:atemp>26.0</ns3:atemp>
            <ns3:hr>177</ns3:hr>
            <ns3:cad>89</ns3:cad>
          </ns3:TrackPointExtension>
        </extensions>
      </trkpt>
      <trkpt lat="34.64227530173957347869873046875" lon="135.11770446784794330596923828125">
        <ele>5.80000019073486328125</ele>
        <time>2026-10-03T01:50:53.000Z</time>
        <extensions>
          <ns3:TrackPointExtension>
            <ns3:atemp>26.0</ns3:atemp>
            <ns3:hr>178</ns3:hr>
            <ns3:cad>89</ns3:cad>
          </ns3:TrackPointExtension>
        </extensions>
      </trkpt>
      <trkpt lat="34.64226943440735340118408203125" lon="135.1176673360168933868408203125">
        <ele>5.80000019073486328125</ele>
        <time>2026-10-03T01:50:54.000Z</time>
        <extensions>
          <ns3:TrackPointExtension>
            <ns3:atemp>26.0</ns3:atemp>
            <ns3:hr>178</ns3:hr>
            <ns3:cad>89</ns3:cad>
          </ns3:TrackPointExtension>
        </extensions>
      </trkpt>
      <trkpt lat="34.6422671712934970855712890625" lon="135.11763188056647777557373046875">
        <ele>6</ele>
        <time>2026-10-03T01:50:55.000Z</time>
        <extensions>
          <ns3:TrackPointExtension>
            <ns3:atemp>26.0</ns3:atemp>
            <ns3:hr>178</ns3:hr>
            <ns3:cad>89</ns3:cad>
          </ns3:TrackPointExtension>
        </extensions>
      </trkpt>
      <trkpt lat="34.6422577835619449615478515625" lon="135.11759516783058643341064453125">
        <ele>6</ele>
        <time>2026-10-03T01:50:56.000Z</time>
        <extensions>
          <ns3:TrackPointExtension>
            <ns3:atemp>26.0</ns3:atemp>
            <ns3:hr>178</ns3:hr>
            <ns3:cad>89</ns3:cad>
          </ns3:TrackPointExtension>
        </extensions>
      </trkpt>
      <trkpt lat="34.64225552044808864593505859375" lon="135.11756046675145626068115234375">
        <ele>6</ele>
        <time>2026-10-03T01:50:57.000Z</time>
        <extensions>
          <ns3:TrackPointExtension>
            <ns3:atemp>26.0</ns3:atemp>
            <ns3:hr>178</ns3:hr>
            <ns3:cad>89</ns3:cad>
          </ns3:TrackPointExtension>
        </extensions>
      </trkpt>
      <trkpt lat="34.64224797673523426055908203125" lon="135.1175248436629772186279296875">
        <ele>6</ele>
        <time>2026-10-03T01:50:58.000Z</time>
        <extensions>
          <ns3:TrackPointExtension>
            <ns3:atemp>26.0</ns3:atemp>
            <ns3:hr>178</ns3:hr>
            <ns3:cad>89</ns3:cad>
          </ns3:TrackPointExtension>
        </extensions>
      </trkpt>
      <trkpt lat="34.64224210940301418304443359375" lon="135.1174943335354328155517578125">
        <ele>6</ele>
        <time>2026-10-03T01:50:59.000Z</time>
        <extensions>
          <ns3:TrackPointExtension>
            <ns3:atemp>26.0</ns3:atemp>
            <ns3:hr>178</ns3:hr>
            <ns3:cad>89</ns3:cad>
          </ns3:TrackPointExtension>
        </extensions>
      </trkpt>
      <trkpt lat="34.64223121292889118194580078125" lon="135.11746038682758808135986328125">
        <ele>6</ele>
        <time>2026-10-03T01:51:00.000Z</time>
        <extensions>
          <ns3:TrackPointExtension>
            <ns3:atemp>26.0</ns3:atemp>
            <ns3:hr>178</ns3:hr>
            <ns3:cad>89</ns3:cad>
          </ns3:TrackPointExtension>
        </extensions>
      </trkpt>
      <trkpt lat="34.6422262676060199737548828125" lon="135.11742752976715564727783203125">
        <ele>6</ele>
        <time>2026-10-03T01:51:01.000Z</time>
        <extensions>
          <ns3:TrackPointExtension>
            <ns3:atemp>26.0</ns3:atemp>
            <ns3:hr>178</ns3:hr>
            <ns3:cad>89</ns3:cad>
          </ns3:TrackPointExtension>
        </extensions>
      </trkpt>
      <trkpt lat="34.64221604168415069580078125" lon="135.117389895021915435791015625">
        <ele>6</ele>
        <time>2026-10-03T01:51:02.000Z</time>
        <extensions>
          <ns3:TrackPointExtension>
            <ns3:atemp>26.0</ns3:atemp>
            <ns3:hr>178</ns3:hr>
            <ns3:cad>89</ns3:cad>
          </ns3:TrackPointExtension>
        </extensions>
      </trkpt>
      <trkpt lat="34.64221344329416751861572265625" lon="135.1173582114279270172119140625">
        <ele>6</ele>
        <time>2026-10-03T01:51:03.000Z</time>
        <extensions>
          <ns3:TrackPointExtension>
            <ns3:atemp>26.0</ns3:atemp>
            <ns3:hr>178</ns3:hr>
            <ns3:cad>89</ns3:cad>
          </ns3:TrackPointExtension>
        </extensions>
      </trkpt>
      <trkpt lat="34.64220388792455196380615234375" lon="135.1173209957778453826904296875">
        <ele>6</ele>
        <time>2026-10-03T01:51:04.000Z</time>
        <extensions>
          <ns3:TrackPointExtension>
            <ns3:atemp>26.0</ns3:atemp>
            <ns3:hr>178</ns3:hr>
            <ns3:cad>89</ns3:cad>
          </ns3:TrackPointExtension>
        </extensions>
      </trkpt>
      <trkpt lat="34.6422017924487590789794921875" lon="135.11729056946933269500732421875">
        <ele>6.19999980926513671875</ele>
        <time>2026-10-03T01:51:05.000Z</time>
        <extensions>
          <ns3:TrackPointExtension>
            <ns3:atemp>26.0</ns3:atemp>
            <ns3:hr>178</ns3:hr>
            <ns3:cad>90</ns3:cad>
          </ns3:TrackPointExtension>
        </extensions>
      </trkpt>
      <trkpt lat="34.6421937458217144012451171875" lon="135.11725368909537792205810546875">
        <ele>6.19999980926513671875</ele>
        <time>2026-10-03T01:51:06.000Z</time>
        <extensions>
          <ns3:TrackPointExtension>
            <ns3:atemp>26.0</ns3:atemp>
            <ns3:hr>178</ns3:hr>
            <ns3:cad>90</ns3:cad>
          </ns3:TrackPointExtension>
        </extensions>
      </trkpt>
      <trkpt lat="34.64218980632722377777099609375" lon="135.117222927510738372802734375">
        <ele>6.19999980926513671875</ele>
        <time>2026-10-03T01:51:07.000Z</time>
        <extensions>
          <ns3:TrackPointExtension>
            <ns3:atemp>26.0</ns3:atemp>
            <ns3:hr>178</ns3:hr>
            <ns3:cad>90</ns3:cad>
          </ns3:TrackPointExtension>
        </extensions>
      </trkpt>
      <trkpt lat="34.6421816758811473846435546875" lon="135.11718529276549816131591796875">
        <ele>6.19999980926513671875</ele>
        <time>2026-10-03T01:51:08.000Z</time>
        <extensions>
          <ns3:TrackPointExtension>
            <ns3:atemp>26.0</ns3:atemp>
            <ns3:hr>178</ns3:hr>
            <ns3:cad>90</ns3:cad>
          </ns3:TrackPointExtension>
        </extensions>
      </trkpt>
      <trkpt lat="34.64217849075794219970703125" lon="135.1171516813337802886962890625">
        <ele>6.19999980926513671875</ele>
        <time>2026-10-03T01:51:09.000Z</time>
        <extensions>
          <ns3:TrackPointExtension>
            <ns3:atemp>26.0</ns3:atemp>
            <ns3:hr>178</ns3:hr>
            <ns3:cad>90</ns3:cad>
          </ns3:TrackPointExtension>
        </extensions>
      </trkpt>
      <trkpt lat="34.642170108854770660400390625" lon="135.1171151362359523773193359375">
        <ele>6.19999980926513671875</ele>
        <time>2026-10-03T01:51:10.000Z</time>
        <extensions>
          <ns3:TrackPointExtension>
            <ns3:atemp>26.0</ns3:atemp>
            <ns3:hr>178</ns3:hr>
            <ns3:cad>90</ns3:cad>
          </ns3:TrackPointExtension>
        </extensions>
      </trkpt>
      <trkpt lat="34.64216583408415317535400390625" lon="135.1170837879180908203125">
        <ele>6.19999980926513671875</ele>
        <time>2026-10-03T01:51:11.000Z</time>
        <extensions>
          <ns3:TrackPointExtension>
            <ns3:atemp>26.0</ns3:atemp>
            <ns3:hr>178</ns3:hr>
            <ns3:cad>90</ns3:cad>
          </ns3:TrackPointExtension>
        </extensions>
      </trkpt>
      <trkpt lat="34.64215376414358615875244140625" lon="135.11704984121024608612060546875">
        <ele>6.19999980926513671875</ele>
        <time>2026-10-03T01:51:12.000Z</time>
        <extensions>
          <ns3:TrackPointExtension>
            <ns3:atemp>26.0</ns3:atemp>
            <ns3:hr>178</ns3:hr>
            <ns3:cad>90</ns3:cad>
          </ns3:TrackPointExtension>
        </extensions>
      </trkpt>
      <trkpt lat="34.64214756153523921966552734375" lon="135.117017738521099090576171875">
        <ele>6</ele>
        <time>2026-10-03T01:51:13.000Z</time>
        <extensions>
          <ns3:TrackPointExtension>
            <ns3:atemp>26.0</ns3:atemp>
            <ns3:hr>178</ns3:hr>
            <ns3:cad>90</ns3:cad>
          </ns3:TrackPointExtension>
        </extensions>
      </trkpt>
      <trkpt lat="34.64214035309851169586181640625" lon="135.11698194779455661773681640625">
        <ele>6</ele>
        <time>2026-10-03T01:51:14.000Z</time>
        <extensions>
          <ns3:TrackPointExtension>
            <ns3:atemp>26.0</ns3:atemp>
            <ns3:hr>178</ns3:hr>
            <ns3:cad>90</ns3:cad>
          </ns3:TrackPointExtension>
        </extensions>
      </trkpt>
      <trkpt lat="34.64214169420301914215087890625" lon="135.116953365504741668701171875">
        <ele>6</ele>
        <time>2026-10-03T01:51:15.000Z</time>
        <extensions>
          <ns3:TrackPointExtension>
            <ns3:atemp>26.0</ns3:atemp>
            <ns3:hr>178</ns3:hr>
            <ns3:cad>90</ns3:cad>
          </ns3:TrackPointExtension>
        </extensions>
      </trkpt>
      <trkpt lat="34.642137922346591949462890625" lon="135.11691740714013576507568359375">
        <ele>6.19999980926513671875</ele>
        <time>2026-10-03T01:51:16.000Z</time>
        <extensions>
          <ns3:TrackPointExtension>
            <ns3:atemp>26.0</ns3:atemp>
            <ns3:hr>177</ns3:hr>
            <ns3:cad>90</ns3:cad>
          </ns3:TrackPointExtension>
        </extensions>
      </trkpt>
      <trkpt lat="34.64213959872722625732421875" lon="135.11688639409840106964111328125">
        <ele>6</ele>
        <time>2026-10-03T01:51:17.000Z</time>
        <extensions>
          <ns3:TrackPointExtension>
            <ns3:atemp>26.0</ns3:atemp>
            <ns3:hr>176</ns3:hr>
            <ns3:cad>90</ns3:cad>
          </ns3:TrackPointExtension>
        </extensions>
      </trkpt>
      <trkpt lat="34.64213666506111621856689453125" lon="135.116848088800907135009765625">
        <ele>6</ele>
        <time>2026-10-03T01:51:18.000Z</time>
        <extensions>
          <ns3:TrackPointExtension>
            <ns3:atemp>26.0</ns3:atemp>
            <ns3:hr>176</ns3:hr>
            <ns3:cad>90</ns3:cad>
          </ns3:TrackPointExtension>
        </extensions>
      </trkpt>
      <trkpt lat="34.642138592898845672607421875" lon="135.11681615374982357025146484375">
        <ele>6</ele>
        <time>2026-10-03T01:51:19.000Z</time>
        <extensions>
          <ns3:TrackPointExtension>
            <ns3:atemp>26.0</ns3:atemp>
            <ns3:hr>176</ns3:hr>
            <ns3:cad>90</ns3:cad>
          </ns3:TrackPointExtension>
        </extensions>
      </trkpt>
      <trkpt lat="34.64213691651821136474609375" lon="135.11677692644298076629638671875">
        <ele>6</ele>
        <time>2026-10-03T01:51:20.000Z</time>
        <extensions>
          <ns3:TrackPointExtension>
            <ns3:atemp>26.0</ns3:atemp>
            <ns3:hr>176</ns3:hr>
            <ns3:cad>90</ns3:cad>
          </ns3:TrackPointExtension>
        </extensions>
      </trkpt>
      <trkpt lat="34.6421417780220508575439453125" lon="135.1167433150112628936767578125">
        <ele>6</ele>
        <time>2026-10-03T01:51:21.000Z</time>
        <extensions>
          <ns3:TrackPointExtension>
            <ns3:atemp>26.0</ns3:atemp>
            <ns3:hr>176</ns3:hr>
            <ns3:cad>90</ns3:cad>
          </ns3:TrackPointExtension>
        </extensions>
      </trkpt>
      <trkpt lat="34.64214353822171688079833984375" lon="135.1167054288089275360107421875">
        <ele>6</ele>
        <time>2026-10-03T01:51:22.000Z</time>
        <extensions>
          <ns3:TrackPointExtension>
            <ns3:atemp>26.0</ns3:atemp>
            <ns3:hr>176</ns3:hr>
            <ns3:cad>90</ns3:cad>
          </ns3:TrackPointExtension>
        </extensions>
      </trkpt>
      <trkpt lat="34.64215108193457126617431640625" lon="135.11667517013847827911376953125">
        <ele>6</ele>
        <time>2026-10-03T01:51:23.000Z</time>
        <extensions>
          <ns3:TrackPointExtension>
            <ns3:atemp>26.0</ns3:atemp>
            <ns3:hr>176</ns3:hr>
            <ns3:cad>90</ns3:cad>
          </ns3:TrackPointExtension>
        </extensions>
      </trkpt>
      <trkpt lat="34.642154015600681304931640625" lon="135.11663921177387237548828125">
        <ele>6.19999980926513671875</ele>
        <time>2026-10-03T01:51:24.000Z</time>
        <extensions>
          <ns3:TrackPointExtension>
            <ns3:atemp>26.0</ns3:atemp>
            <ns3:hr>176</ns3:hr>
            <ns3:cad>90</ns3:cad>
          </ns3:TrackPointExtension>
        </extensions>
      </trkpt>
      <trkpt lat="34.642157368361949920654296875" lon="135.116608031094074249267578125">
        <ele>6.19999980926513671875</ele>
        <time>2026-10-03T01:51:25.000Z</time>
        <extensions>
          <ns3:TrackPointExtension>
            <ns3:atemp>26.0</ns3:atemp>
            <ns3:hr>177</ns3:hr>
            <ns3:cad>90</ns3:cad>
          </ns3:TrackPointExtension>
        </extensions>
      </trkpt>
      <trkpt lat="34.64215569198131561279296875" lon="135.116569809615612030029296875">
        <ele>6.19999980926513671875</ele>
        <time>2026-10-03T01:51:26.000Z</time>
        <extensions>
          <ns3:TrackPointExtension>
            <ns3:atemp>26.0</ns3:atemp>
            <ns3:hr>177</ns3:hr>
            <ns3:cad>90</ns3:cad>
          </ns3:TrackPointExtension>
        </extensions>
      </trkpt>
      <trkpt lat="34.6421602182090282440185546875" lon="135.11654038913547992706298828125">
        <ele>6.19999980926513671875</ele>
        <time>2026-10-03T01:51:27.000Z</time>
        <extensions>
          <ns3:TrackPointExtension>
            <ns3:atemp>26.0</ns3:atemp>
            <ns3:hr>177</ns3:hr>
            <ns3:cad>90</ns3:cad>
          </ns3:TrackPointExtension>
        </extensions>
      </trkpt>
      <trkpt lat="34.642158709466457366943359375" lon="135.1165035925805568695068359375">
        <ele>6</ele>
        <time>2026-10-03T01:51:28.000Z</time>
        <extensions>
          <ns3:TrackPointExtension>
            <ns3:atemp>26.0</ns3:atemp>
            <ns3:hr>177</ns3:hr>
            <ns3:cad>90</ns3:cad>
          </ns3:TrackPointExtension>
        </extensions>
      </trkpt>
      <trkpt lat="34.64216449297964572906494140625" lon="135.116475261747837066650390625">
        <ele>6</ele>
        <time>2026-10-03T01:51:29.000Z</time>
        <extensions>
          <ns3:TrackPointExtension>
            <ns3:atemp>26.0</ns3:atemp>
            <ns3:hr>177</ns3:hr>
            <ns3:cad>90</ns3:cad>
          </ns3:TrackPointExtension>
        </extensions>
      </trkpt>
      <trkpt lat="34.6421655826270580291748046875" lon="135.11643762700259685516357421875">
        <ele>6</ele>
        <time>2026-10-03T01:51:30.000Z</time>
        <extensions>
          <ns3:TrackPointExtension>
            <ns3:atemp>26.0</ns3:atemp>
            <ns3:hr>177</ns3:hr>
            <ns3:cad>90</ns3:cad>
          </ns3:TrackPointExtension>
        </extensions>
      </trkpt>
      <trkpt lat="34.64217421598732471466064453125" lon="135.1164087094366550445556640625">
        <ele>6</ele>
        <time>2026-10-03T01:51:31.000Z</time>
        <extensions>
          <ns3:TrackPointExtension>
            <ns3:atemp>26.0</ns3:atemp>
            <ns3:hr>177</ns3:hr>
            <ns3:cad>89</ns3:cad>
          </ns3:TrackPointExtension>
        </extensions>
      </trkpt>
      <trkpt lat="34.64217756874859333038330078125" lon="135.11637107469141483306884765625">
        <ele>6</ele>
        <time>2026-10-03T01:51:32.000Z</time>
        <extensions>
          <ns3:TrackPointExtension>
            <ns3:atemp>26.0</ns3:atemp>
            <ns3:hr>177</ns3:hr>
            <ns3:cad>90</ns3:cad>
          </ns3:TrackPointExtension>
        </extensions>
      </trkpt>
      <trkpt lat="34.64218377135694026947021484375" lon="135.1163403131067752838134765625">
        <ele>6.19999980926513671875</ele>
        <time>2026-10-03T01:51:33.000Z</time>
        <extensions>
          <ns3:TrackPointExtension>
            <ns3:atemp>26.0</ns3:atemp>
            <ns3:hr>178</ns3:hr>
            <ns3:cad>90</ns3:cad>
          </ns3:TrackPointExtension>
        </extensions>
      </trkpt>
      <trkpt lat="34.64218611828982830047607421875" lon="135.1162994094192981719970703125">
        <ele>6.19999980926513671875</ele>
        <time>2026-10-03T01:51:34.000Z</time>
        <extensions>
          <ns3:TrackPointExtension>
            <ns3:atemp>26.0</ns3:atemp>
            <ns3:hr>178</ns3:hr>
            <ns3:cad>90</ns3:cad>
          </ns3:TrackPointExtension>
        </extensions>
      </trkpt>
      <trkpt lat="34.642194248735904693603515625" lon="135.11626898311078548431396484375">
        <ele>6.19999980926513671875</ele>
        <time>2026-10-03T01:51:35.000Z</time>
        <extensions>
          <ns3:TrackPointExtension>
            <ns3:atemp>26.0</ns3:atemp>
            <ns3:hr>178</ns3:hr>
            <ns3:cad>89</ns3:cad>
          </ns3:TrackPointExtension>
        </extensions>
      </trkpt>
      <trkpt lat="34.64219500310719013214111328125" lon="135.1162259839475154876708984375">
        <ele>6.19999980926513671875</ele>
        <time>2026-10-03T01:51:36.000Z</time>
        <extensions>
          <ns3:TrackPointExtension>
            <ns3:atemp>26.0</ns3:atemp>
            <ns3:hr>178</ns3:hr>
            <ns3:cad>89</ns3:cad>
          </ns3:TrackPointExtension>
        </extensions>
      </trkpt>
      <trkpt lat="34.64220204390585422515869140625" lon="135.11619530618190765380859375">
        <ele>6.19999980926513671875</ele>
        <time>2026-10-03T01:51:37.000Z</time>
        <extensions>
          <ns3:TrackPointExtension>
            <ns3:atemp>26.0</ns3:atemp>
            <ns3:hr>178</ns3:hr>
            <ns3:cad>89</ns3:cad>
          </ns3:TrackPointExtension>
        </extensions>
      </trkpt>
      <trkpt lat="34.6421964280307292938232421875" lon="135.11615641415119171142578125">
        <ele>6.19999980926513671875</ele>
        <time>2026-10-03T01:51:38.000Z</time>
        <extensions>
          <ns3:TrackPointExtension>
            <ns3:atemp>26.0</ns3:atemp>
            <ns3:hr>178</ns3:hr>
            <ns3:cad>90</ns3:cad>
          </ns3:TrackPointExtension>
        </extensions>
      </trkpt>
      <trkpt lat="34.6421992778778076171875" lon="135.11612783186137676239013671875">
        <ele>6.19999980926513671875</ele>
        <time>2026-10-03T01:51:39.000Z</time>
        <extensions>
          <ns3:TrackPointExtension>
            <ns3:atemp>26.0</ns3:atemp>
            <ns3:hr>177</ns3:hr>
            <ns3:cad>90</ns3:cad>
          </ns3:TrackPointExtension>
        </extensions>
      </trkpt>
      <trkpt lat="34.64219483546912670135498046875" lon="135.116088688373565673828125">
        <ele>6.19999980926513671875</ele>
        <time>2026-10-03T01:51:40.000Z</time>
        <extensions>
          <ns3:TrackPointExtension>
            <ns3:atemp>26.0</ns3:atemp>
            <ns3:hr>176</ns3:hr>
            <ns3:cad>90</ns3:cad>
          </ns3:TrackPointExtension>
        </extensions>
      </trkpt>
      <trkpt lat="34.64219592511653900146484375" lon="135.11605842970311641693115234375">
        <ele>6.400000095367431640625</ele>
        <time>2026-10-03T01:51:41.000Z</time>
        <extensions>
          <ns3:TrackPointExtension>
            <ns3:atemp>26.0</ns3:atemp>
            <ns3:hr>176</ns3:hr>
            <ns3:cad>90</ns3:cad>
          </ns3:TrackPointExtension>
        </extensions>
      </trkpt>
      <trkpt lat="34.6421924047172069549560546875" lon="135.11602087877690792083740234375">
        <ele>6.400000095367431640625</ele>
        <time>2026-10-03T01:51:42.000Z</time>
        <extensions>
          <ns3:TrackPointExtension>
            <ns3:atemp>26.0</ns3:atemp>
            <ns3:hr>176</ns3:hr>
            <ns3:cad>90</ns3:cad>
          </ns3:TrackPointExtension>
        </extensions>
      </trkpt>
      <trkpt lat="34.64219165034592151641845703125" lon="135.11599003337323665618896484375">
        <ele>6.400000095367431640625</ele>
        <time>2026-10-03T01:51:43.000Z</time>
        <extensions>
          <ns3:TrackPointExtension>
            <ns3:atemp>26.0</ns3:atemp>
            <ns3:hr>176</ns3:hr>
            <ns3:cad>90</ns3:cad>
          </ns3:TrackPointExtension>
        </extensions>
      </trkpt>
      <trkpt lat="34.6421846933662891387939453125" lon="135.11594879440963268280029296875">
        <ele>6.599999904632568359375</ele>
        <time>2026-10-03T01:51:44.000Z</time>
        <extensions>
          <ns3:TrackPointExtension>
            <ns3:atemp>26.0</ns3:atemp>
            <ns3:hr>176</ns3:hr>
            <ns3:cad>90</ns3:cad>
          </ns3:TrackPointExtension>
        </extensions>
      </trkpt>
      <trkpt lat="34.64218460954725742340087890625" lon="135.115916691720485687255859375">
        <ele>6.599999904632568359375</ele>
        <time>2026-10-03T01:51:45.000Z</time>
        <extensions>
          <ns3:TrackPointExtension>
            <ns3:atemp>26.0</ns3:atemp>
            <ns3:hr>175</ns3:hr>
            <ns3:cad>89</ns3:cad>
          </ns3:TrackPointExtension>
        </extensions>
      </trkpt>
      <trkpt lat="34.6421783231198787689208984375" lon="135.115875117480754852294921875">
        <ele>6.599999904632568359375</ele>
        <time>2026-10-03T01:51:46.000Z</time>
        <extensions>
          <ns3:TrackPointExtension>
            <ns3:atemp>26.0</ns3:atemp>
            <ns3:hr>176</ns3:hr>
            <ns3:cad>89</ns3:cad>
          </ns3:TrackPointExtension>
        </extensions>
      </trkpt>
      <trkpt lat="34.64217991568148136138916015625" lon="135.1158457808196544647216796875">
        <ele>6.599999904632568359375</ele>
        <time>2026-10-03T01:51:47.000Z</time>
        <extensions>
          <ns3:TrackPointExtension>
            <ns3:atemp>26.0</ns3:atemp>
            <ns3:hr>175</ns3:hr>
            <ns3:cad>89</ns3:cad>
          </ns3:TrackPointExtension>
        </extensions>
      </trkpt>
      <trkpt lat="34.642174132168292999267578125" lon="135.11580747552216053009033203125">
        <ele>6.599999904632568359375</ele>
        <time>2026-10-03T01:51:48.000Z</time>
        <extensions>
          <ns3:TrackPointExtension>
            <ns3:atemp>26.0</ns3:atemp>
            <ns3:hr>175</ns3:hr>
            <ns3:cad>89</ns3:cad>
          </ns3:TrackPointExtension>
        </extensions>
      </trkpt>
      <trkpt lat="34.642175137996673583984375" lon="135.11577813886106014251708984375">
        <ele>6.599999904632568359375</ele>
        <time>2026-10-03T01:51:49.000Z</time>
        <extensions>
          <ns3:TrackPointExtension>
            <ns3:atemp>26.0</ns3:atemp>
            <ns3:hr>175</ns3:hr>
            <ns3:cad>89</ns3:cad>
          </ns3:TrackPointExtension>
        </extensions>
      </trkpt>
      <trkpt lat="34.64217086322605609893798828125" lon="135.11573874391615390777587890625">
        <ele>6.599999904632568359375</ele>
        <time>2026-10-03T01:51:50.000Z</time>
        <extensions>
          <ns3:TrackPointExtension>
            <ns3:atemp>26.0</ns3:atemp>
            <ns3:hr>175</ns3:hr>
            <ns3:cad>89</ns3:cad>
          </ns3:TrackPointExtension>
        </extensions>
      </trkpt>
      <trkpt lat="34.6421659179031848907470703125" lon="135.11570773087441921234130859375">
        <ele>6.599999904632568359375</ele>
        <time>2026-10-03T01:51:51.000Z</time>
        <extensions>
          <ns3:TrackPointExtension>
            <ns3:atemp>26.0</ns3:atemp>
            <ns3:hr>176</ns3:hr>
            <ns3:cad>89</ns3:cad>
          </ns3:TrackPointExtension>
        </extensions>
      </trkpt>
      <trkpt lat="34.64216046966612339019775390625" lon="135.11566699482500553131103515625">
        <ele>6.80000019073486328125</ele>
        <time>2026-10-03T01:51:52.000Z</time>
        <extensions>
          <ns3:TrackPointExtension>
            <ns3:atemp>26.0</ns3:atemp>
            <ns3:hr>176</ns3:hr>
            <ns3:cad>89</ns3:cad>
          </ns3:TrackPointExtension>
        </extensions>
      </trkpt>
      <trkpt lat="34.64215912856161594390869140625" lon="135.11564017273485660552978515625">
        <ele>6.80000019073486328125</ele>
        <time>2026-10-03T01:51:53.000Z</time>
        <extensions>
          <ns3:TrackPointExtension>
            <ns3:atemp>26.0</ns3:atemp>
            <ns3:hr>177</ns3:hr>
            <ns3:cad>90</ns3:cad>
          </ns3:TrackPointExtension>
        </extensions>
      </trkpt>
      <trkpt lat="34.64215678162872791290283203125" lon="135.11559776030480861663818359375">
        <ele>6.80000019073486328125</ele>
        <time>2026-10-03T01:51:54.000Z</time>
        <extensions>
          <ns3:TrackPointExtension>
            <ns3:atemp>26.0</ns3:atemp>
            <ns3:hr>177</ns3:hr>
            <ns3:cad>90</ns3:cad>
          </ns3:TrackPointExtension>
        </extensions>
      </trkpt>
      <trkpt lat="34.64215795509517192840576171875" lon="135.11556657962501049041748046875">
        <ele>6.80000019073486328125</ele>
        <time>2026-10-03T01:51:55.000Z</time>
        <extensions>
          <ns3:TrackPointExtension>
            <ns3:atemp>26.0</ns3:atemp>
            <ns3:hr>178</ns3:hr>
            <ns3:cad>90</ns3:cad>
          </ns3:TrackPointExtension>
        </extensions>
      </trkpt>
      <trkpt lat="34.6421515010297298431396484375" lon="135.1155282743275165557861328125">
        <ele>6.80000019073486328125</ele>
        <time>2026-10-03T01:51:56.000Z</time>
        <extensions>
          <ns3:TrackPointExtension>
            <ns3:atemp>26.0</ns3:atemp>
            <ns3:hr>178</ns3:hr>
            <ns3:cad>90</ns3:cad>
          </ns3:TrackPointExtension>
        </extensions>
      </trkpt>
      <trkpt lat="34.64215259067714214324951171875" lon="135.11549969203770160675048828125">
        <ele>6.80000019073486328125</ele>
        <time>2026-10-03T01:51:57.000Z</time>
        <extensions>
          <ns3:TrackPointExtension>
            <ns3:atemp>26.0</ns3:atemp>
            <ns3:hr>178</ns3:hr>
            <ns3:cad>90</ns3:cad>
          </ns3:TrackPointExtension>
        </extensions>
      </trkpt>
      <trkpt lat="34.64214638806879520416259765625" lon="135.1154588721692562103271484375">
        <ele>6.599999904632568359375</ele>
        <time>2026-10-03T01:51:58.000Z</time>
        <extensions>
          <ns3:TrackPointExtension>
            <ns3:atemp>26.0</ns3:atemp>
            <ns3:hr>177</ns3:hr>
            <ns3:cad>90</ns3:cad>
          </ns3:TrackPointExtension>
        </extensions>
      </trkpt>
      <trkpt lat="34.64214638806879520416259765625" lon="135.11542894877493381500244140625">
        <ele>6.599999904632568359375</ele>
        <time>2026-10-03T01:51:59.000Z</time>
        <extensions>
          <ns3:TrackPointExtension>
            <ns3:atemp>26.0</ns3:atemp>
            <ns3:hr>176</ns3:hr>
            <ns3:cad>90</ns3:cad>
          </ns3:TrackPointExtension>
        </extensions>
      </trkpt>
      <trkpt lat="34.64214026927947998046875" lon="135.1153864525258541107177734375">
        <ele>6.599999904632568359375</ele>
        <time>2026-10-03T01:52:00.000Z</time>
        <extensions>
          <ns3:TrackPointExtension>
            <ns3:atemp>26.0</ns3:atemp>
            <ns3:hr>176</ns3:hr>
            <ns3:cad>90</ns3:cad>
          </ns3:TrackPointExtension>
        </extensions>
      </trkpt>
      <trkpt lat="34.6421401016414165496826171875" lon="135.11535569094121456146240234375">
        <ele>6.400000095367431640625</ele>
        <time>2026-10-03T01:52:01.000Z</time>
        <extensions>
          <ns3:TrackPointExtension>
            <ns3:atemp>26.0</ns3:atemp>
            <ns3:hr>174</ns3:hr>
            <ns3:cad>90</ns3:cad>
          </ns3:TrackPointExtension>
        </extensions>
      </trkpt>
      <trkpt lat="34.64213297702372074127197265625" lon="135.11531579308211803436279296875">
        <ele>6.400000095367431640625</ele>
        <time>2026-10-03T01:52:02.000Z</time>
        <extensions>
          <ns3:TrackPointExtension>
            <ns3:atemp>26.0</ns3:atemp>
            <ns3:hr>175</ns3:hr>
            <ns3:cad>90</ns3:cad>
          </ns3:TrackPointExtension>
        </extensions>
      </trkpt>
      <trkpt lat="34.64213063009083271026611328125" lon="135.11528444476425647735595703125">
        <ele>6.400000095367431640625</ele>
        <time>2026-10-03T01:52:03.000Z</time>
        <extensions>
          <ns3:TrackPointExtension>
            <ns3:atemp>26.0</ns3:atemp>
            <ns3:hr>175</ns3:hr>
            <ns3:cad>90</ns3:cad>
          </ns3:TrackPointExtension>
        </extensions>
      </trkpt>
      <trkpt lat="34.64212308637797832489013671875" lon="135.11524437926709651947021484375">
        <ele>6.400000095367431640625</ele>
        <time>2026-10-03T01:52:04.000Z</time>
        <extensions>
          <ns3:TrackPointExtension>
            <ns3:atemp>26.0</ns3:atemp>
            <ns3:hr>175</ns3:hr>
            <ns3:cad>90</ns3:cad>
          </ns3:TrackPointExtension>
        </extensions>
      </trkpt>
      <trkpt lat="34.64212090708315372467041015625" lon="135.11521286331117153167724609375">
        <ele>6.19999980926513671875</ele>
        <time>2026-10-03T01:52:05.000Z</time>
        <extensions>
          <ns3:TrackPointExtension>
            <ns3:atemp>26.0</ns3:atemp>
            <ns3:hr>175</ns3:hr>
            <ns3:cad>90</ns3:cad>
          </ns3:TrackPointExtension>
        </extensions>
      </trkpt>
      <trkpt lat="34.6421121060848236083984375" lon="135.11517413891851902008056640625">
        <ele>6.19999980926513671875</ele>
        <time>2026-10-03T01:52:06.000Z</time>
        <extensions>
          <ns3:TrackPointExtension>
            <ns3:atemp>26.0</ns3:atemp>
            <ns3:hr>175</ns3:hr>
            <ns3:cad>90</ns3:cad>
          </ns3:TrackPointExtension>
        </extensions>
      </trkpt>
      <trkpt lat="34.64211034588515758514404296875" lon="135.115143544971942901611328125">
        <ele>6.19999980926513671875</ele>
        <time>2026-10-03T01:52:07.000Z</time>
        <extensions>
          <ns3:TrackPointExtension>
            <ns3:atemp>26.0</ns3:atemp>
            <ns3:hr>176</ns3:hr>
            <ns3:cad>91</ns3:cad>
          </ns3:TrackPointExtension>
        </extensions>
      </trkpt>
      <trkpt lat="34.64210380800068378448486328125" lon="135.1151024736464023590087890625">
        <ele>6</ele>
        <time>2026-10-03T01:52:08.000Z</time>
        <extensions>
          <ns3:TrackPointExtension>
            <ns3:atemp>26.0</ns3:atemp>
            <ns3:hr>176</ns3:hr>
            <ns3:cad>91</ns3:cad>
          </ns3:TrackPointExtension>
        </extensions>
      </trkpt>
      <trkpt lat="34.6421028859913349151611328125" lon="135.11507288552820682525634765625">
        <ele>6</ele>
        <time>2026-10-03T01:52:09.000Z</time>
        <extensions>
          <ns3:TrackPointExtension>
            <ns3:atemp>26.0</ns3:atemp>
            <ns3:hr>176</ns3:hr>
            <ns3:cad>91</ns3:cad>
          </ns3:TrackPointExtension>
        </extensions>
      </trkpt>
      <trkpt lat="34.6420960128307342529296875" lon="135.11503399349749088287353515625">
        <ele>6</ele>
        <time>2026-10-03T01:52:10.000Z</time>
        <extensions>
          <ns3:TrackPointExtension>
            <ns3:atemp>26.0</ns3:atemp>
            <ns3:hr>176</ns3:hr>
            <ns3:cad>91</ns3:cad>
          </ns3:TrackPointExtension>
        </extensions>
      </trkpt>
      <trkpt lat="34.64209492318332195281982421875" lon="135.11500465683639049530029296875">
        <ele>6</ele>
        <time>2026-10-03T01:52:11.000Z</time>
        <extensions>
          <ns3:TrackPointExtension>
            <ns3:atemp>26.0</ns3:atemp>
            <ns3:hr>175</ns3:hr>
            <ns3:cad>91</ns3:cad>
          </ns3:TrackPointExtension>
        </extensions>
      </trkpt>
      <trkpt lat="34.64208662509918212890625" lon="135.114964507520198822021484375">
        <ele>6.19999980926513671875</ele>
        <time>2026-10-03T01:52:12.000Z</time>
        <extensions>
          <ns3:TrackPointExtension>
            <ns3:atemp>26.0</ns3:atemp>
            <ns3:hr>175</ns3:hr>
            <ns3:cad>90</ns3:cad>
          </ns3:TrackPointExtension>
        </extensions>
      </trkpt>
      <trkpt lat="34.642083942890167236328125" lon="135.11493240483105182647705078125">
        <ele>6.19999980926513671875</ele>
        <time>2026-10-03T01:52:13.000Z</time>
        <extensions>
          <ns3:TrackPointExtension>
            <ns3:atemp>26.0</ns3:atemp>
            <ns3:hr>175</ns3:hr>
            <ns3:cad>90</ns3:cad>
          </ns3:TrackPointExtension>
        </extensions>
      </trkpt>
      <trkpt lat="34.642079584300518035888671875" lon="135.114890746772289276123046875">
        <ele>6.19999980926513671875</ele>
        <time>2026-10-03T01:52:14.000Z</time>
        <extensions>
          <ns3:TrackPointExtension>
            <ns3:atemp>26.0</ns3:atemp>
            <ns3:hr>175</ns3:hr>
            <ns3:cad>90</ns3:cad>
          </ns3:TrackPointExtension>
        </extensions>
      </trkpt>
      <trkpt lat="34.64207924902439117431640625" lon="135.1148597337305545806884765625">
        <ele>6.19999980926513671875</ele>
        <time>2026-10-03T01:52:15.000Z</time>
        <extensions>
          <ns3:TrackPointExtension>
            <ns3:atemp>26.0</ns3:atemp>
            <ns3:hr>175</ns3:hr>
            <ns3:cad>89</ns3:cad>
          </ns3:TrackPointExtension>
        </extensions>
      </trkpt>
      <trkpt lat="34.64207254350185394287109375" lon="135.114823020994663238525390625">
        <ele>6.19999980926513671875</ele>
        <time>2026-10-03T01:52:16.000Z</time>
        <extensions>
          <ns3:TrackPointExtension>
            <ns3:atemp>26.0</ns3:atemp>
            <ns3:hr>175</ns3:hr>
            <ns3:cad>89</ns3:cad>
          </ns3:TrackPointExtension>
        </extensions>
      </trkpt>
      <trkpt lat="34.64207329787313938140869140625" lon="135.114792175590991973876953125">
        <ele>6.19999980926513671875</ele>
        <time>2026-10-03T01:52:17.000Z</time>
        <extensions>
          <ns3:TrackPointExtension>
            <ns3:atemp>26.0</ns3:atemp>
            <ns3:hr>175</ns3:hr>
            <ns3:cad>89</ns3:cad>
          </ns3:TrackPointExtension>
        </extensions>
      </trkpt>
      <trkpt lat="34.64206625707447528839111328125" lon="135.1147551275789737701416015625">
        <ele>6.19999980926513671875</ele>
        <time>2026-10-03T01:52:18.000Z</time>
        <extensions>
          <ns3:TrackPointExtension>
            <ns3:atemp>26.0</ns3:atemp>
            <ns3:hr>175</ns3:hr>
            <ns3:cad>89</ns3:cad>
          </ns3:TrackPointExtension>
        </extensions>
      </trkpt>
      <trkpt lat="34.6420649997889995574951171875" lon="135.11472411453723907470703125">
        <ele>6.19999980926513671875</ele>
        <time>2026-10-03T01:52:19.000Z</time>
        <extensions>
          <ns3:TrackPointExtension>
            <ns3:atemp>26.0</ns3:atemp>
            <ns3:hr>175</ns3:hr>
            <ns3:cad>89</ns3:cad>
          </ns3:TrackPointExtension>
        </extensions>
      </trkpt>
      <trkpt lat="34.6420613117516040802001953125" lon="135.11469016782939434051513671875">
        <ele>6.19999980926513671875</ele>
        <time>2026-10-03T01:52:20.000Z</time>
        <extensions>
          <ns3:TrackPointExtension>
            <ns3:atemp>26.0</ns3:atemp>
            <ns3:hr>176</ns3:hr>
            <ns3:cad>88</ns3:cad>
          </ns3:TrackPointExtension>
        </extensions>
      </trkpt>
      <trkpt lat="34.6420552767813205718994140625" lon="135.1146578975021839141845703125">
        <ele>6.19999980926513671875</ele>
        <time>2026-10-03T01:52:21.000Z</time>
        <extensions>
          <ns3:TrackPointExtension>
            <ns3:atemp>26.0</ns3:atemp>
            <ns3:hr>176</ns3:hr>
            <ns3:cad>89</ns3:cad>
          </ns3:TrackPointExtension>
        </extensions>
      </trkpt>
      <trkpt lat="34.64205108582973480224609375" lon="135.114621184766292572021484375">
        <ele>6.19999980926513671875</ele>
        <time>2026-10-03T01:52:22.000Z</time>
        <extensions>
          <ns3:TrackPointExtension>
            <ns3:atemp>26.0</ns3:atemp>
            <ns3:hr>176</ns3:hr>
            <ns3:cad>89</ns3:cad>
          </ns3:TrackPointExtension>
        </extensions>
      </trkpt>
      <trkpt lat="34.64204446412622928619384765625" lon="135.1145858131349086761474609375">
        <ele>6.19999980926513671875</ele>
        <time>2026-10-03T01:52:23.000Z</time>
        <extensions>
          <ns3:TrackPointExtension>
            <ns3:atemp>26.0</ns3:atemp>
            <ns3:hr>176</ns3:hr>
            <ns3:cad>89</ns3:cad>
          </ns3:TrackPointExtension>
        </extensions>
      </trkpt>
      <trkpt lat="34.642039351165294647216796875" lon="135.11454750783741474151611328125">
        <ele>6.400000095367431640625</ele>
        <time>2026-10-03T01:52:24.000Z</time>
        <extensions>
          <ns3:TrackPointExtension>
            <ns3:atemp>26.0</ns3:atemp>
            <ns3:hr>176</ns3:hr>
            <ns3:cad>89</ns3:cad>
          </ns3:TrackPointExtension>
        </extensions>
      </trkpt>
      <trkpt lat="34.64203105308115482330322265625" lon="135.1145128905773162841796875">
        <ele>6.400000095367431640625</ele>
        <time>2026-10-03T01:52:25.000Z</time>
        <extensions>
          <ns3:TrackPointExtension>
            <ns3:atemp>26.0</ns3:atemp>
            <ns3:hr>176</ns3:hr>
            <ns3:cad>89</ns3:cad>
          </ns3:TrackPointExtension>
        </extensions>
      </trkpt>
      <trkpt lat="34.6420240961015224456787109375" lon="135.11448011733591556549072265625">
        <ele>6.400000095367431640625</ele>
        <time>2026-10-03T01:52:26.000Z</time>
        <extensions>
          <ns3:TrackPointExtension>
            <ns3:atemp>26.0</ns3:atemp>
            <ns3:hr>177</ns3:hr>
            <ns3:cad>89</ns3:cad>
          </ns3:TrackPointExtension>
        </extensions>
      </trkpt>
      <trkpt lat="34.642016887664794921875" lon="135.11444826610386371612548828125">
        <ele>6.599999904632568359375</ele>
        <time>2026-10-03T01:52:27.000Z</time>
        <extensions>
          <ns3:TrackPointExtension>
            <ns3:atemp>26.0</ns3:atemp>
            <ns3:hr>177</ns3:hr>
            <ns3:cad>90</ns3:cad>
          </ns3:TrackPointExtension>
        </extensions>
      </trkpt>
      <trkpt lat="34.64200926013290882110595703125" lon="135.11441272683441638946533203125">
        <ele>6.599999904632568359375</ele>
        <time>2026-10-03T01:52:28.000Z</time>
        <extensions>
          <ns3:TrackPointExtension>
            <ns3:atemp>26.0</ns3:atemp>
            <ns3:hr>177</ns3:hr>
            <ns3:cad>90</ns3:cad>
          </ns3:TrackPointExtension>
        </extensions>
      </trkpt>
      <trkpt lat="34.64200054295361042022705078125" lon="135.11437970213592052459716796875">
        <ele>6.599999904632568359375</ele>
        <time>2026-10-03T01:52:29.000Z</time>
        <extensions>
          <ns3:TrackPointExtension>
            <ns3:atemp>26.0</ns3:atemp>
            <ns3:hr>177</ns3:hr>
            <ns3:cad>90</ns3:cad>
          </ns3:TrackPointExtension>
        </extensions>
      </trkpt>
      <trkpt lat="34.641992747783660888671875" lon="135.11434684507548809051513671875">
        <ele>6.599999904632568359375</ele>
        <time>2026-10-03T01:52:30.000Z</time>
        <extensions>
          <ns3:TrackPointExtension>
            <ns3:atemp>26.0</ns3:atemp>
            <ns3:hr>176</ns3:hr>
            <ns3:cad>90</ns3:cad>
          </ns3:TrackPointExtension>
        </extensions>
      </trkpt>
      <trkpt lat="34.64198512025177478790283203125" lon="135.11431532911956310272216796875">
        <ele>6.599999904632568359375</ele>
        <time>2026-10-03T01:52:31.000Z</time>
        <extensions>
          <ns3:TrackPointExtension>
            <ns3:atemp>26.0</ns3:atemp>
            <ns3:hr>175</ns3:hr>
            <ns3:cad>90</ns3:cad>
          </ns3:TrackPointExtension>
        </extensions>
      </trkpt>
      <trkpt lat="34.64197606779634952545166015625" lon="135.11428012512624263763427734375">
        <ele>6.599999904632568359375</ele>
        <time>2026-10-03T01:52:32.000Z</time>
        <extensions>
          <ns3:TrackPointExtension>
            <ns3:atemp>26.0</ns3:atemp>
            <ns3:hr>175</ns3:hr>
            <ns3:cad>90</ns3:cad>
          </ns3:TrackPointExtension>
        </extensions>
      </trkpt>
      <trkpt lat="34.64196952991187572479248046875" lon="135.11424860917031764984130859375">
        <ele>6.599999904632568359375</ele>
        <time>2026-10-03T01:52:33.000Z</time>
        <extensions>
          <ns3:TrackPointExtension>
            <ns3:atemp>26.0</ns3:atemp>
            <ns3:hr>175</ns3:hr>
            <ns3:cad>90</ns3:cad>
          </ns3:TrackPointExtension>
        </extensions>
      </trkpt>
      <trkpt lat="34.6419577114284038543701171875" lon="135.11421239934861660003662109375">
        <ele>6.599999904632568359375</ele>
        <time>2026-10-03T01:52:34.000Z</time>
        <extensions>
          <ns3:TrackPointExtension>
            <ns3:atemp>26.0</ns3:atemp>
            <ns3:hr>175</ns3:hr>
            <ns3:cad>90</ns3:cad>
          </ns3:TrackPointExtension>
        </extensions>
      </trkpt>
      <trkpt lat="34.64195041917264461517333984375" lon="135.11418038047850131988525390625">
        <ele>6.599999904632568359375</ele>
        <time>2026-10-03T01:52:35.000Z</time>
        <extensions>
          <ns3:TrackPointExtension>
            <ns3:atemp>26.0</ns3:atemp>
            <ns3:hr>175</ns3:hr>
            <ns3:cad>90</ns3:cad>
          </ns3:TrackPointExtension>
        </extensions>
      </trkpt>
      <trkpt lat="34.641937427222728729248046875" lon="135.1141455955803394317626953125">
        <ele>6.599999904632568359375</ele>
        <time>2026-10-03T01:52:36.000Z</time>
        <extensions>
          <ns3:TrackPointExtension>
            <ns3:atemp>26.0</ns3:atemp>
            <ns3:hr>175</ns3:hr>
            <ns3:cad>91</ns3:cad>
          </ns3:TrackPointExtension>
        </extensions>
      </trkpt>
      <trkpt lat="34.6419312246143817901611328125" lon="135.1141170971095561981201171875">
        <ele>6.599999904632568359375</ele>
        <time>2026-10-03T01:52:37.000Z</time>
        <extensions>
          <ns3:TrackPointExtension>
            <ns3:atemp>26.0</ns3:atemp>
            <ns3:hr>175</ns3:hr>
            <ns3:cad>91</ns3:cad>
          </ns3:TrackPointExtension>
        </extensions>
      </trkpt>
      <trkpt lat="34.64192141778767108917236328125" lon="135.1140802167356014251708984375">
        <ele>6.599999904632568359375</ele>
        <time>2026-10-03T01:52:38.000Z</time>
        <extensions>
          <ns3:TrackPointExtension>
            <ns3:atemp>26.0</ns3:atemp>
            <ns3:hr>176</ns3:hr>
            <ns3:cad>90</ns3:cad>
          </ns3:TrackPointExtension>
        </extensions>
      </trkpt>
      <trkpt lat="34.64191672392189502716064453125" lon="135.114048533141613006591796875">
        <ele>6.599999904632568359375</ele>
        <time>2026-10-03T01:52:39.000Z</time>
        <extensions>
          <ns3:TrackPointExtension>
            <ns3:atemp>26.0</ns3:atemp>
            <ns3:hr>176</ns3:hr>
            <ns3:cad>90</ns3:cad>
          </ns3:TrackPointExtension>
        </extensions>
      </trkpt>
      <trkpt lat="34.641908593475818634033203125" lon="135.1140091381967067718505859375">
        <ele>6.599999904632568359375</ele>
        <time>2026-10-03T01:52:40.000Z</time>
        <extensions>
          <ns3:TrackPointExtension>
            <ns3:atemp>26.0</ns3:atemp>
            <ns3:hr>176</ns3:hr>
            <ns3:cad>90</ns3:cad>
          </ns3:TrackPointExtension>
        </extensions>
      </trkpt>
      <trkpt lat="34.64190213941037654876708984375" lon="135.11397820897400379180908203125">
        <ele>6.599999904632568359375</ele>
        <time>2026-10-03T01:52:41.000Z</time>
        <extensions>
          <ns3:TrackPointExtension>
            <ns3:atemp>26.0</ns3:atemp>
            <ns3:hr>175</ns3:hr>
            <ns3:cad>90</ns3:cad>
          </ns3:TrackPointExtension>
        </extensions>
      </trkpt>
      <trkpt lat="34.64189124293625354766845703125" lon="135.11394015513360500335693359375">
        <ele>6.599999904632568359375</ele>
        <time>2026-10-03T01:52:42.000Z</time>
        <extensions>
          <ns3:TrackPointExtension>
            <ns3:atemp>26.0</ns3:atemp>
            <ns3:hr>175</ns3:hr>
            <ns3:cad>91</ns3:cad>
          </ns3:TrackPointExtension>
        </extensions>
      </trkpt>
      <trkpt lat="34.64188403449952602386474609375" lon="135.1139139197766780853271484375">
        <ele>6.599999904632568359375</ele>
        <time>2026-10-03T01:52:43.000Z</time>
        <extensions>
          <ns3:TrackPointExtension>
            <ns3:atemp>26.0</ns3:atemp>
            <ns3:hr>175</ns3:hr>
            <ns3:cad>91</ns3:cad>
          </ns3:TrackPointExtension>
        </extensions>
      </trkpt>
      <trkpt lat="34.64187179692089557647705078125" lon="135.11387997306883335113525390625">
        <ele>6.599999904632568359375</ele>
        <time>2026-10-03T01:52:44.000Z</time>
        <extensions>
          <ns3:TrackPointExtension>
            <ns3:atemp>26.0</ns3:atemp>
            <ns3:hr>175</ns3:hr>
            <ns3:cad>91</ns3:cad>
          </ns3:TrackPointExtension>
        </extensions>
      </trkpt>
      <trkpt lat="34.64186894707381725311279296875" lon="135.11385214515030384063720703125">
        <ele>6.599999904632568359375</ele>
        <time>2026-10-03T01:52:45.000Z</time>
        <extensions>
          <ns3:TrackPointExtension>
            <ns3:atemp>26.0</ns3:atemp>
            <ns3:hr>175</ns3:hr>
            <ns3:cad>91</ns3:cad>
          </ns3:TrackPointExtension>
        </extensions>
      </trkpt>
      <trkpt lat="34.641858637332916259765625" lon="135.11381526477634906768798828125">
        <ele>6.599999904632568359375</ele>
        <time>2026-10-03T01:52:46.000Z</time>
        <extensions>
          <ns3:TrackPointExtension>
            <ns3:atemp>26.0</ns3:atemp>
            <ns3:hr>175</ns3:hr>
            <ns3:cad>90</ns3:cad>
          </ns3:TrackPointExtension>
        </extensions>
      </trkpt>
      <trkpt lat="34.6418554522097110748291015625" lon="135.11378609575331211090087890625">
        <ele>6.599999904632568359375</ele>
        <time>2026-10-03T01:52:47.000Z</time>
        <extensions>
          <ns3:TrackPointExtension>
            <ns3:atemp>26.0</ns3:atemp>
            <ns3:hr>175</ns3:hr>
            <ns3:cad>90</ns3:cad>
          </ns3:TrackPointExtension>
        </extensions>
      </trkpt>
      <trkpt lat="34.64184883050620555877685546875" lon="135.113749466836452484130859375">
        <ele>6.599999904632568359375</ele>
        <time>2026-10-03T01:52:48.000Z</time>
        <extensions>
          <ns3:TrackPointExtension>
            <ns3:atemp>26.0</ns3:atemp>
            <ns3:hr>175</ns3:hr>
            <ns3:cad>90</ns3:cad>
          </ns3:TrackPointExtension>
        </extensions>
      </trkpt>
      <trkpt lat="34.641845561563968658447265625" lon="135.11372155509889125823974609375">
        <ele>6.599999904632568359375</ele>
        <time>2026-10-03T01:52:49.000Z</time>
        <extensions>
          <ns3:TrackPointExtension>
            <ns3:atemp>26.0</ns3:atemp>
            <ns3:hr>175</ns3:hr>
            <ns3:cad>90</ns3:cad>
          </ns3:TrackPointExtension>
        </extensions>
      </trkpt>
      <trkpt lat="34.64183810167014598846435546875" lon="135.11368299834430217742919921875">
        <ele>6.599999904632568359375</ele>
        <time>2026-10-03T01:52:50.000Z</time>
        <extensions>
          <ns3:TrackPointExtension>
            <ns3:atemp>26.0</ns3:atemp>
            <ns3:hr>176</ns3:hr>
            <ns3:cad>90</ns3:cad>
          </ns3:TrackPointExtension>
        </extensions>
      </trkpt>
      <trkpt lat="34.64183458127081394195556640625" lon="135.1136530749499797821044921875">
        <ele>6.599999904632568359375</ele>
        <time>2026-10-03T01:52:51.000Z</time>
        <extensions>
          <ns3:TrackPointExtension>
            <ns3:atemp>26.0</ns3:atemp>
            <ns3:hr>176</ns3:hr>
            <ns3:cad>89</ns3:cad>
          </ns3:TrackPointExtension>
        </extensions>
      </trkpt>
      <trkpt lat="34.64182871393859386444091796875" lon="135.1136131770908832550048828125">
        <ele>6.599999904632568359375</ele>
        <time>2026-10-03T01:52:52.000Z</time>
        <extensions>
          <ns3:TrackPointExtension>
            <ns3:atemp>26.0</ns3:atemp>
            <ns3:hr>176</ns3:hr>
            <ns3:cad>89</ns3:cad>
          </ns3:TrackPointExtension>
        </extensions>
      </trkpt>
      <trkpt lat="34.64182309806346893310546875" lon="135.11358191259205341339111328125">
        <ele>6.599999904632568359375</ele>
        <time>2026-10-03T01:52:53.000Z</time>
        <extensions>
          <ns3:TrackPointExtension>
            <ns3:atemp>26.0</ns3:atemp>
            <ns3:hr>177</ns3:hr>
            <ns3:cad>89</ns3:cad>
          </ns3:TrackPointExtension>
        </extensions>
      </trkpt>
      <trkpt lat="34.6418138779699802398681640625" lon="135.11354654096066951751708984375">
        <ele>6.599999904632568359375</ele>
        <time>2026-10-03T01:52:54.000Z</time>
        <extensions>
          <ns3:TrackPointExtension>
            <ns3:atemp>26.0</ns3:atemp>
            <ns3:hr>177</ns3:hr>
            <ns3:cad>89</ns3:cad>
          </ns3:TrackPointExtension>
        </extensions>
      </trkpt>
      <trkpt lat="34.6418091841042041778564453125" lon="135.113515444099903106689453125">
        <ele>6.599999904632568359375</ele>
        <time>2026-10-03T01:52:55.000Z</time>
        <extensions>
          <ns3:TrackPointExtension>
            <ns3:atemp>26.0</ns3:atemp>
            <ns3:hr>177</ns3:hr>
            <ns3:cad>89</ns3:cad>
          </ns3:TrackPointExtension>
        </extensions>
      </trkpt>
      <trkpt lat="34.64180222712457180023193359375" lon="135.11347931809723377227783203125">
        <ele>6.599999904632568359375</ele>
        <time>2026-10-03T01:52:56.000Z</time>
        <extensions>
          <ns3:TrackPointExtension>
            <ns3:atemp>26.0</ns3:atemp>
            <ns3:hr>177</ns3:hr>
            <ns3:cad>89</ns3:cad>
          </ns3:TrackPointExtension>
        </extensions>
      </trkpt>
      <trkpt lat="34.64179493486881256103515625" lon="135.11344646103680133819580078125">
        <ele>6.599999904632568359375</ele>
        <time>2026-10-03T01:52:57.000Z</time>
        <extensions>
          <ns3:TrackPointExtension>
            <ns3:atemp>26.0</ns3:atemp>
            <ns3:hr>176</ns3:hr>
            <ns3:cad>90</ns3:cad>
          </ns3:TrackPointExtension>
        </extensions>
      </trkpt>
      <trkpt lat="34.6417907439172267913818359375" lon="135.1134113408625125885009765625">
        <ele>6.599999904632568359375</ele>
        <time>2026-10-03T01:52:58.000Z</time>
        <extensions>
          <ns3:TrackPointExtension>
            <ns3:atemp>26.0</ns3:atemp>
            <ns3:hr>175</ns3:hr>
            <ns3:cad>90</ns3:cad>
          </ns3:TrackPointExtension>
        </extensions>
      </trkpt>
      <trkpt lat="34.64178713969886302947998046875" lon="135.1133781485259532928466796875">
        <ele>6.599999904632568359375</ele>
        <time>2026-10-03T01:52:59.000Z</time>
        <extensions>
          <ns3:TrackPointExtension>
            <ns3:atemp>26.0</ns3:atemp>
            <ns3:hr>175</ns3:hr>
            <ns3:cad>90</ns3:cad>
          </ns3:TrackPointExtension>
        </extensions>
      </trkpt>
      <trkpt lat="34.6417813561856746673583984375" lon="135.11334068141877651214599609375">
        <ele>6.599999904632568359375</ele>
        <time>2026-10-03T01:53:00.000Z</time>
        <extensions>
          <ns3:TrackPointExtension>
            <ns3:atemp>26.0</ns3:atemp>
            <ns3:hr>175</ns3:hr>
            <ns3:cad>90</ns3:cad>
          </ns3:TrackPointExtension>
        </extensions>
      </trkpt>
      <trkpt lat="34.64177657850086688995361328125" lon="135.11330832727253437042236328125">
        <ele>6.599999904632568359375</ele>
        <time>2026-10-03T01:53:01.000Z</time>
        <extensions>
          <ns3:TrackPointExtension>
            <ns3:atemp>26.0</ns3:atemp>
            <ns3:hr>174</ns3:hr>
            <ns3:cad>90</ns3:cad>
          </ns3:TrackPointExtension>
        </extensions>
      </trkpt>
      <trkpt lat="34.64177171699702739715576171875" lon="135.11327706277370452880859375">
        <ele>6.80000019073486328125</ele>
        <time>2026-10-03T01:53:02.000Z</time>
        <extensions>
          <ns3:TrackPointExtension>
            <ns3:atemp>26.0</ns3:atemp>
            <ns3:hr>175</ns3:hr>
            <ns3:cad>89</ns3:cad>
          </ns3:TrackPointExtension>
        </extensions>
      </trkpt>
      <trkpt lat="34.6417609043419361114501953125" lon="135.11324487626552581787109375">
        <ele>6.80000019073486328125</ele>
        <time>2026-10-03T01:53:03.000Z</time>
        <extensions>
          <ns3:TrackPointExtension>
            <ns3:atemp>26.0</ns3:atemp>
            <ns3:hr>175</ns3:hr>
            <ns3:cad>89</ns3:cad>
          </ns3:TrackPointExtension>
        </extensions>
      </trkpt>
      <trkpt lat="34.64175797067582607269287109375" lon="135.11321243830025196075439453125">
        <ele>7</ele>
        <time>2026-10-03T01:53:04.000Z</time>
        <extensions>
          <ns3:TrackPointExtension>
            <ns3:atemp>26.0</ns3:atemp>
            <ns3:hr>175</ns3:hr>
            <ns3:cad>89</ns3:cad>
          </ns3:TrackPointExtension>
        </extensions>
      </trkpt>
      <trkpt lat="34.64174925349652767181396484375" lon="135.113178826868534088134765625">
        <ele>7</ele>
        <time>2026-10-03T01:53:05.000Z</time>
        <extensions>
          <ns3:TrackPointExtension>
            <ns3:atemp>26.0</ns3:atemp>
            <ns3:hr>175</ns3:hr>
            <ns3:cad>89</ns3:cad>
          </ns3:TrackPointExtension>
        </extensions>
      </trkpt>
      <trkpt lat="34.64174254797399044036865234375" lon="135.1131488196551799774169921875">
        <ele>7.19999980926513671875</ele>
        <time>2026-10-03T01:53:06.000Z</time>
        <extensions>
          <ns3:TrackPointExtension>
            <ns3:atemp>26.0</ns3:atemp>
            <ns3:hr>175</ns3:hr>
            <ns3:cad>89</ns3:cad>
          </ns3:TrackPointExtension>
        </extensions>
      </trkpt>
      <trkpt lat="34.6417360939085483551025390625" lon="135.113113112747669219970703125">
        <ele>7.19999980926513671875</ele>
        <time>2026-10-03T01:53:07.000Z</time>
        <extensions>
          <ns3:TrackPointExtension>
            <ns3:atemp>26.0</ns3:atemp>
            <ns3:hr>175</ns3:hr>
            <ns3:cad>89</ns3:cad>
          </ns3:TrackPointExtension>
        </extensions>
      </trkpt>
      <trkpt lat="34.641730897128582000732421875" lon="135.113082267343997955322265625">
        <ele>7.19999980926513671875</ele>
        <time>2026-10-03T01:53:08.000Z</time>
        <extensions>
          <ns3:TrackPointExtension>
            <ns3:atemp>26.0</ns3:atemp>
            <ns3:hr>176</ns3:hr>
            <ns3:cad>89</ns3:cad>
          </ns3:TrackPointExtension>
        </extensions>
      </trkpt>
      <trkpt lat="34.64172125793993473052978515625" lon="135.1130465604364871978759765625">
        <ele>7</ele>
        <time>2026-10-03T01:53:09.000Z</time>
        <extensions>
          <ns3:TrackPointExtension>
            <ns3:atemp>26.0</ns3:atemp>
            <ns3:hr>176</ns3:hr>
            <ns3:cad>89</ns3:cad>
          </ns3:TrackPointExtension>
        </extensions>
      </trkpt>
      <trkpt lat="34.6417169831693172454833984375" lon="135.11301797814667224884033203125">
        <ele>7</ele>
        <time>2026-10-03T01:53:10.000Z</time>
        <extensions>
          <ns3:TrackPointExtension>
            <ns3:atemp>26.0</ns3:atemp>
            <ns3:hr>176</ns3:hr>
            <ns3:cad>88</ns3:cad>
          </ns3:TrackPointExtension>
        </extensions>
      </trkpt>
      <trkpt lat="34.641708098351955413818359375" lon="135.1129825226962566375732421875">
        <ele>6.80000019073486328125</ele>
        <time>2026-10-03T01:53:11.000Z</time>
        <extensions>
          <ns3:TrackPointExtension>
            <ns3:atemp>26.0</ns3:atemp>
            <ns3:hr>176</ns3:hr>
            <ns3:cad>88</ns3:cad>
          </ns3:TrackPointExtension>
        </extensions>
      </trkpt>
      <trkpt lat="34.64170399121940135955810546875" lon="135.11295410804450511932373046875">
        <ele>6.80000019073486328125</ele>
        <time>2026-10-03T01:53:12.000Z</time>
        <extensions>
          <ns3:TrackPointExtension>
            <ns3:atemp>26.0</ns3:atemp>
            <ns3:hr>176</ns3:hr>
            <ns3:cad>88</ns3:cad>
          </ns3:TrackPointExtension>
        </extensions>
      </trkpt>
      <trkpt lat="34.64169510640203952789306640625" lon="135.11291706003248691558837890625">
        <ele>6.80000019073486328125</ele>
        <time>2026-10-03T01:53:13.000Z</time>
        <extensions>
          <ns3:TrackPointExtension>
            <ns3:atemp>26.0</ns3:atemp>
            <ns3:hr>176</ns3:hr>
            <ns3:cad>88</ns3:cad>
          </ns3:TrackPointExtension>
        </extensions>
      </trkpt>
      <trkpt lat="34.641694016754627227783203125" lon="135.11288587935268878936767578125">
        <ele>6.80000019073486328125</ele>
        <time>2026-10-03T01:53:14.000Z</time>
        <extensions>
          <ns3:TrackPointExtension>
            <ns3:atemp>26.0</ns3:atemp>
            <ns3:hr>177</ns3:hr>
            <ns3:cad>88</ns3:cad>
          </ns3:TrackPointExtension>
        </extensions>
      </trkpt>
      <trkpt lat="34.6416854672133922576904296875" lon="135.112846232950687408447265625">
        <ele>6.80000019073486328125</ele>
        <time>2026-10-03T01:53:15.000Z</time>
        <extensions>
          <ns3:TrackPointExtension>
            <ns3:atemp>26.0</ns3:atemp>
            <ns3:hr>176</ns3:hr>
            <ns3:cad>88</ns3:cad>
          </ns3:TrackPointExtension>
        </extensions>
      </trkpt>
      <trkpt lat="34.641685299575328826904296875" lon="135.11281245388090610504150390625">
        <ele>6.80000019073486328125</ele>
        <time>2026-10-03T01:53:16.000Z</time>
        <extensions>
          <ns3:TrackPointExtension>
            <ns3:atemp>26.0</ns3:atemp>
            <ns3:hr>176</ns3:hr>
            <ns3:cad>88</ns3:cad>
          </ns3:TrackPointExtension>
        </extensions>
      </trkpt>
      <trkpt lat="34.64167800731956958770751953125" lon="135.112772472202777862548828125">
        <ele>6.80000019073486328125</ele>
        <time>2026-10-03T01:53:17.000Z</time>
        <extensions>
          <ns3:TrackPointExtension>
            <ns3:atemp>26.0</ns3:atemp>
            <ns3:hr>176</ns3:hr>
            <ns3:cad>89</ns3:cad>
          </ns3:TrackPointExtension>
        </extensions>
      </trkpt>
      <trkpt lat="34.6416754089295864105224609375" lon="135.11274321936070919036865234375">
        <ele>6.80000019073486328125</ele>
        <time>2026-10-03T01:53:18.000Z</time>
        <extensions>
          <ns3:TrackPointExtension>
            <ns3:atemp>26.0</ns3:atemp>
            <ns3:hr>176</ns3:hr>
            <ns3:cad>89</ns3:cad>
          </ns3:TrackPointExtension>
        </extensions>
      </trkpt>
      <trkpt lat="34.64166979305446147918701171875" lon="135.11270700953900814056396484375">
        <ele>6.80000019073486328125</ele>
        <time>2026-10-03T01:53:19.000Z</time>
        <extensions>
          <ns3:TrackPointExtension>
            <ns3:atemp>26.0</ns3:atemp>
            <ns3:hr>176</ns3:hr>
            <ns3:cad>89</ns3:cad>
          </ns3:TrackPointExtension>
        </extensions>
      </trkpt>
      <trkpt lat="34.64166861958801746368408203125" lon="135.11267314665019512176513671875">
        <ele>7</ele>
        <time>2026-10-03T01:53:20.000Z</time>
        <extensions>
          <ns3:TrackPointExtension>
            <ns3:atemp>26.0</ns3:atemp>
            <ns3:hr>176</ns3:hr>
            <ns3:cad>89</ns3:cad>
          </ns3:TrackPointExtension>
        </extensions>
      </trkpt>
      <trkpt lat="34.64166493155062198638916015625" lon="135.11263425461947917938232421875">
        <ele>7</ele>
        <time>2026-10-03T01:53:21.000Z</time>
        <extensions>
          <ns3:TrackPointExtension>
            <ns3:atemp>26.0</ns3:atemp>
            <ns3:hr>176</ns3:hr>
            <ns3:cad>89</ns3:cad>
          </ns3:TrackPointExtension>
        </extensions>
      </trkpt>
      <trkpt lat="34.64166350662708282470703125" lon="135.1126016490161418914794921875">
        <ele>7</ele>
        <time>2026-10-03T01:53:22.000Z</time>
        <extensions>
          <ns3:TrackPointExtension>
            <ns3:atemp>26.0</ns3:atemp>
            <ns3:hr>176</ns3:hr>
            <ns3:cad>89</ns3:cad>
          </ns3:TrackPointExtension>
        </extensions>
      </trkpt>
      <trkpt lat="34.64165939949452877044677734375" lon="135.11256493628025054931640625">
        <ele>7</ele>
        <time>2026-10-03T01:53:23.000Z</time>
        <extensions>
          <ns3:TrackPointExtension>
            <ns3:atemp>26.0</ns3:atemp>
            <ns3:hr>176</ns3:hr>
            <ns3:cad>89</ns3:cad>
          </ns3:TrackPointExtension>
        </extensions>
      </trkpt>
      <trkpt lat="34.64165671728551387786865234375" lon="135.11253199540078639984130859375">
        <ele>7.19999980926513671875</ele>
        <time>2026-10-03T01:53:24.000Z</time>
        <extensions>
          <ns3:TrackPointExtension>
            <ns3:atemp>26.0</ns3:atemp>
            <ns3:hr>175</ns3:hr>
            <ns3:cad>89</ns3:cad>
          </ns3:TrackPointExtension>
        </extensions>
      </trkpt>
      <trkpt lat="34.64165219105780124664306640625" lon="135.11249662376940250396728515625">
        <ele>7</ele>
        <time>2026-10-03T01:53:25.000Z</time>
        <extensions>
          <ns3:TrackPointExtension>
            <ns3:atemp>26.0</ns3:atemp>
            <ns3:hr>175</ns3:hr>
            <ns3:cad>89</ns3:cad>
          </ns3:TrackPointExtension>
        </extensions>
      </trkpt>
      <trkpt lat="34.64164883829653263092041015625" lon="135.11246443726122379302978515625">
        <ele>7</ele>
        <time>2026-10-03T01:53:26.000Z</time>
        <extensions>
          <ns3:TrackPointExtension>
            <ns3:atemp>26.0</ns3:atemp>
            <ns3:hr>175</ns3:hr>
            <ns3:cad>89</ns3:cad>
          </ns3:TrackPointExtension>
        </extensions>
      </trkpt>
      <trkpt lat="34.6416422165930271148681640625" lon="135.11242856271564960479736328125">
        <ele>7</ele>
        <time>2026-10-03T01:53:27.000Z</time>
        <extensions>
          <ns3:TrackPointExtension>
            <ns3:atemp>26.0</ns3:atemp>
            <ns3:hr>176</ns3:hr>
            <ns3:cad>90</ns3:cad>
          </ns3:TrackPointExtension>
        </extensions>
      </trkpt>
      <trkpt lat="34.6416391991078853607177734375" lon="135.1123964600265026092529296875">
        <ele>7</ele>
        <time>2026-10-03T01:53:28.000Z</time>
        <extensions>
          <ns3:TrackPointExtension>
            <ns3:atemp>26.0</ns3:atemp>
            <ns3:hr>175</ns3:hr>
            <ns3:cad>90</ns3:cad>
          </ns3:TrackPointExtension>
        </extensions>
      </trkpt>
      <trkpt lat="34.6416331641376018524169921875" lon="135.11235932819545269012451171875">
        <ele>7</ele>
        <time>2026-10-03T01:53:29.000Z</time>
        <extensions>
          <ns3:TrackPointExtension>
            <ns3:atemp>26.0</ns3:atemp>
            <ns3:hr>175</ns3:hr>
            <ns3:cad>90</ns3:cad>
          </ns3:TrackPointExtension>
        </extensions>
      </trkpt>
      <trkpt lat="34.64162888936698436737060546875" lon="135.11232630349695682525634765625">
        <ele>7.19999980926513671875</ele>
        <time>2026-10-03T01:53:30.000Z</time>
        <extensions>
          <ns3:TrackPointExtension>
            <ns3:atemp>26.0</ns3:atemp>
            <ns3:hr>175</ns3:hr>
            <ns3:cad>90</ns3:cad>
          </ns3:TrackPointExtension>
        </extensions>
      </trkpt>
      <trkpt lat="34.64162285439670085906982421875" lon="135.1122911833226680755615234375">
        <ele>7.19999980926513671875</ele>
        <time>2026-10-03T01:53:31.000Z</time>
        <extensions>
          <ns3:TrackPointExtension>
            <ns3:atemp>26.0</ns3:atemp>
            <ns3:hr>175</ns3:hr>
            <ns3:cad>90</ns3:cad>
          </ns3:TrackPointExtension>
        </extensions>
      </trkpt>
      <trkpt lat="34.6416177414357662200927734375" lon="135.11225723661482334136962890625">
        <ele>7.19999980926513671875</ele>
        <time>2026-10-03T01:53:32.000Z</time>
        <extensions>
          <ns3:TrackPointExtension>
            <ns3:atemp>26.0</ns3:atemp>
            <ns3:hr>176</ns3:hr>
            <ns3:cad>90</ns3:cad>
          </ns3:TrackPointExtension>
        </extensions>
      </trkpt>
      <trkpt lat="34.641614221036434173583984375" lon="135.1122254692018032073974609375">
        <ele>7.19999980926513671875</ele>
        <time>2026-10-03T01:53:33.000Z</time>
        <extensions>
          <ns3:TrackPointExtension>
            <ns3:atemp>26.0</ns3:atemp>
            <ns3:hr>176</ns3:hr>
            <ns3:cad>89</ns3:cad>
          </ns3:TrackPointExtension>
        </extensions>
      </trkpt>
      <trkpt lat="34.64160642586648464202880859375" lon="135.11219303123652935028076171875">
        <ele>7.19999980926513671875</ele>
        <time>2026-10-03T01:53:34.000Z</time>
        <extensions>
          <ns3:TrackPointExtension>
            <ns3:atemp>26.0</ns3:atemp>
            <ns3:hr>176</ns3:hr>
            <ns3:cad>89</ns3:cad>
          </ns3:TrackPointExtension>
        </extensions>
      </trkpt>
      <trkpt lat="34.6416033245623111724853515625" lon="135.1121564023196697235107421875">
        <ele>7</ele>
        <time>2026-10-03T01:53:35.000Z</time>
        <extensions>
          <ns3:TrackPointExtension>
            <ns3:atemp>26.0</ns3:atemp>
            <ns3:hr>176</ns3:hr>
            <ns3:cad>89</ns3:cad>
          </ns3:TrackPointExtension>
        </extensions>
      </trkpt>
      <trkpt lat="34.64159720577299594879150390625" lon="135.11211792938411235809326171875">
        <ele>7</ele>
        <time>2026-10-03T01:53:36.000Z</time>
        <extensions>
          <ns3:TrackPointExtension>
            <ns3:atemp>26.0</ns3:atemp>
            <ns3:hr>177</ns3:hr>
            <ns3:cad>89</ns3:cad>
          </ns3:TrackPointExtension>
        </extensions>
      </trkpt>
      <trkpt lat="34.64159376919269561767578125" lon="135.1120853237807750701904296875">
        <ele>7</ele>
        <time>2026-10-03T01:53:37.000Z</time>
        <extensions>
          <ns3:TrackPointExtension>
            <ns3:atemp>26.0</ns3:atemp>
            <ns3:hr>177</ns3:hr>
            <ns3:cad>89</ns3:cad>
          </ns3:TrackPointExtension>
        </extensions>
      </trkpt>
      <trkpt lat="34.64158714748919010162353515625" lon="135.11204768903553485870361328125">
        <ele>7</ele>
        <time>2026-10-03T01:53:38.000Z</time>
        <extensions>
          <ns3:TrackPointExtension>
            <ns3:atemp>26.0</ns3:atemp>
            <ns3:hr>177</ns3:hr>
            <ns3:cad>89</ns3:cad>
          </ns3:TrackPointExtension>
        </extensions>
      </trkpt>
      <trkpt lat="34.64158413000404834747314453125" lon="135.112014077603816986083984375">
        <ele>7</ele>
        <time>2026-10-03T01:53:39.000Z</time>
        <extensions>
          <ns3:TrackPointExtension>
            <ns3:atemp>26.0</ns3:atemp>
            <ns3:hr>177</ns3:hr>
            <ns3:cad>89</ns3:cad>
          </ns3:TrackPointExtension>
        </extensions>
      </trkpt>
      <trkpt lat="34.6415761671960353851318359375" lon="135.111979879438877105712890625">
        <ele>7</ele>
        <time>2026-10-03T01:53:40.000Z</time>
        <extensions>
          <ns3:TrackPointExtension>
            <ns3:atemp>26.0</ns3:atemp>
            <ns3:hr>177</ns3:hr>
            <ns3:cad>89</ns3:cad>
          </ns3:TrackPointExtension>
        </extensions>
      </trkpt>
      <trkpt lat="34.64157038368284702301025390625" lon="135.11194643564522266387939453125">
        <ele>7.19999980926513671875</ele>
        <time>2026-10-03T01:53:41.000Z</time>
        <extensions>
          <ns3:TrackPointExtension>
            <ns3:atemp>26.0</ns3:atemp>
            <ns3:hr>177</ns3:hr>
            <ns3:cad>89</ns3:cad>
          </ns3:TrackPointExtension>
        </extensions>
      </trkpt>
      <trkpt lat="34.6415610797703266143798828125" lon="135.11191005818545818328857421875">
        <ele>7.19999980926513671875</ele>
        <time>2026-10-03T01:53:42.000Z</time>
        <extensions>
          <ns3:TrackPointExtension>
            <ns3:atemp>26.0</ns3:atemp>
            <ns3:hr>176</ns3:hr>
            <ns3:cad>89</ns3:cad>
          </ns3:TrackPointExtension>
        </extensions>
      </trkpt>
      <trkpt lat="34.64155814610421657562255859375" lon="135.1118767820298671722412109375">
        <ele>7.19999980926513671875</ele>
        <time>2026-10-03T01:53:43.000Z</time>
        <extensions>
          <ns3:TrackPointExtension>
            <ns3:atemp>26.0</ns3:atemp>
            <ns3:hr>176</ns3:hr>
            <ns3:cad>89</ns3:cad>
          </ns3:TrackPointExtension>
        </extensions>
      </trkpt>
      <trkpt lat="34.64155160821974277496337890625" lon="135.11183805763721466064453125">
        <ele>7.19999980926513671875</ele>
        <time>2026-10-03T01:53:44.000Z</time>
        <extensions>
          <ns3:TrackPointExtension>
            <ns3:atemp>26.0</ns3:atemp>
            <ns3:hr>176</ns3:hr>
            <ns3:cad>89</ns3:cad>
          </ns3:TrackPointExtension>
        </extensions>
      </trkpt>
      <trkpt lat="34.64155085384845733642578125" lon="135.11180444620549678802490234375">
        <ele>7.19999980926513671875</ele>
        <time>2026-10-03T01:53:45.000Z</time>
        <extensions>
          <ns3:TrackPointExtension>
            <ns3:atemp>26.0</ns3:atemp>
            <ns3:hr>175</ns3:hr>
            <ns3:cad>89</ns3:cad>
          </ns3:TrackPointExtension>
        </extensions>
      </trkpt>
      <trkpt lat="34.6415439806878566741943359375" lon="135.11176488362252712249755859375">
        <ele>7.19999980926513671875</ele>
        <time>2026-10-03T01:53:46.000Z</time>
        <extensions>
          <ns3:TrackPointExtension>
            <ns3:atemp>26.0</ns3:atemp>
            <ns3:hr>175</ns3:hr>
            <ns3:cad>89</ns3:cad>
          </ns3:TrackPointExtension>
        </extensions>
      </trkpt>
      <trkpt lat="34.64154557324945926666259765625" lon="135.1117359660565853118896484375">
        <ele>7.19999980926513671875</ele>
        <time>2026-10-03T01:53:47.000Z</time>
        <extensions>
          <ns3:TrackPointExtension>
            <ns3:atemp>26.0</ns3:atemp>
            <ns3:hr>175</ns3:hr>
            <ns3:cad>89</ns3:cad>
          </ns3:TrackPointExtension>
        </extensions>
      </trkpt>
      <trkpt lat="34.641537778079509735107421875" lon="135.11169682256877422332763671875">
        <ele>7.19999980926513671875</ele>
        <time>2026-10-03T01:53:48.000Z</time>
        <extensions>
          <ns3:TrackPointExtension>
            <ns3:atemp>26.0</ns3:atemp>
            <ns3:hr>175</ns3:hr>
            <ns3:cad>89</ns3:cad>
          </ns3:TrackPointExtension>
        </extensions>
      </trkpt>
      <trkpt lat="34.64153534732758998870849609375" lon="135.1116679050028324127197265625">
        <ele>7.19999980926513671875</ele>
        <time>2026-10-03T01:53:49.000Z</time>
        <extensions>
          <ns3:TrackPointExtension>
            <ns3:atemp>26.0</ns3:atemp>
            <ns3:hr>176</ns3:hr>
            <ns3:cad>89</ns3:cad>
          </ns3:TrackPointExtension>
        </extensions>
      </trkpt>
      <trkpt lat="34.6415265463292598724365234375" lon="135.11163010261952877044677734375">
        <ele>7</ele>
        <time>2026-10-03T01:53:50.000Z</time>
        <extensions>
          <ns3:TrackPointExtension>
            <ns3:atemp>26.0</ns3:atemp>
            <ns3:hr>175</ns3:hr>
            <ns3:cad>89</ns3:cad>
          </ns3:TrackPointExtension>
        </extensions>
      </trkpt>
      <trkpt lat="34.64152361266314983367919921875" lon="135.11160143651068210601806640625">
        <ele>7</ele>
        <time>2026-10-03T01:53:51.000Z</time>
        <extensions>
          <ns3:TrackPointExtension>
            <ns3:atemp>26.0</ns3:atemp>
            <ns3:hr>175</ns3:hr>
            <ns3:cad>89</ns3:cad>
          </ns3:TrackPointExtension>
        </extensions>
      </trkpt>
      <trkpt lat="34.641515314579010009765625" lon="135.1115649752318859100341796875">
        <ele>7</ele>
        <time>2026-10-03T01:53:52.000Z</time>
        <extensions>
          <ns3:TrackPointExtension>
            <ns3:atemp>26.0</ns3:atemp>
            <ns3:hr>175</ns3:hr>
            <ns3:cad>89</ns3:cad>
          </ns3:TrackPointExtension>
        </extensions>
      </trkpt>
      <trkpt lat="34.6415148116648197174072265625" lon="135.11153438128530979156494140625">
        <ele>7</ele>
        <time>2026-10-03T01:53:53.000Z</time>
        <extensions>
          <ns3:TrackPointExtension>
            <ns3:atemp>26.0</ns3:atemp>
            <ns3:hr>175</ns3:hr>
            <ns3:cad>88</ns3:cad>
          </ns3:TrackPointExtension>
        </extensions>
      </trkpt>
      <trkpt lat="34.64151053689420223236083984375" lon="135.111495740711688995361328125">
        <ele>7</ele>
        <time>2026-10-03T01:53:54.000Z</time>
        <extensions>
          <ns3:TrackPointExtension>
            <ns3:atemp>26.0</ns3:atemp>
            <ns3:hr>175</ns3:hr>
            <ns3:cad>88</ns3:cad>
          </ns3:TrackPointExtension>
        </extensions>
      </trkpt>
      <trkpt lat="34.64150936342775821685791015625" lon="135.1114607043564319610595703125">
        <ele>7</ele>
        <time>2026-10-03T01:53:55.000Z</time>
        <extensions>
          <ns3:TrackPointExtension>
            <ns3:atemp>26.0</ns3:atemp>
            <ns3:hr>175</ns3:hr>
            <ns3:cad>88</ns3:cad>
          </ns3:TrackPointExtension>
        </extensions>
      </trkpt>
      <trkpt lat="34.641506262123584747314453125" lon="135.1114241592586040496826171875">
        <ele>7</ele>
        <time>2026-10-03T01:53:56.000Z</time>
        <extensions>
          <ns3:TrackPointExtension>
            <ns3:atemp>26.0</ns3:atemp>
            <ns3:hr>176</ns3:hr>
            <ns3:cad>88</ns3:cad>
          </ns3:TrackPointExtension>
        </extensions>
      </trkpt>
      <trkpt lat="34.64150433428585529327392578125" lon="135.11138878762722015380859375">
        <ele>7.19999980926513671875</ele>
        <time>2026-10-03T01:53:57.000Z</time>
        <extensions>
          <ns3:TrackPointExtension>
            <ns3:atemp>26.0</ns3:atemp>
            <ns3:hr>176</ns3:hr>
            <ns3:cad>88</ns3:cad>
          </ns3:TrackPointExtension>
        </extensions>
      </trkpt>
      <trkpt lat="34.64150165207684040069580078125" lon="135.1113497279584407806396484375">
        <ele>7.19999980926513671875</ele>
        <time>2026-10-03T01:53:58.000Z</time>
        <extensions>
          <ns3:TrackPointExtension>
            <ns3:atemp>26.0</ns3:atemp>
            <ns3:hr>175</ns3:hr>
            <ns3:cad>89</ns3:cad>
          </ns3:TrackPointExtension>
        </extensions>
      </trkpt>
      <trkpt lat="34.64149813167750835418701171875" lon="135.1113151945173740386962890625">
        <ele>7.19999980926513671875</ele>
        <time>2026-10-03T01:53:59.000Z</time>
        <extensions>
          <ns3:TrackPointExtension>
            <ns3:atemp>26.0</ns3:atemp>
            <ns3:hr>176</ns3:hr>
            <ns3:cad>89</ns3:cad>
          </ns3:TrackPointExtension>
        </extensions>
      </trkpt>
      <trkpt lat="34.6414967067539691925048828125" lon="135.11127823032438755035400390625">
        <ele>7.19999980926513671875</ele>
        <time>2026-10-03T01:54:00.000Z</time>
        <extensions>
          <ns3:TrackPointExtension>
            <ns3:atemp>26.0</ns3:atemp>
            <ns3:hr>176</ns3:hr>
            <ns3:cad>89</ns3:cad>
          </ns3:TrackPointExtension>
        </extensions>
      </trkpt>
      <trkpt lat="34.6414911746978759765625" lon="135.11124419979751110076904296875">
        <ele>7.19999980926513671875</ele>
        <time>2026-10-03T01:54:01.000Z</time>
        <extensions>
          <ns3:TrackPointExtension>
            <ns3:atemp>26.0</ns3:atemp>
            <ns3:hr>176</ns3:hr>
            <ns3:cad>89</ns3:cad>
          </ns3:TrackPointExtension>
        </extensions>
      </trkpt>
      <trkpt lat="34.6414896659553050994873046875" lon="135.11121201328933238983154296875">
        <ele>7.19999980926513671875</ele>
        <time>2026-10-03T01:54:02.000Z</time>
        <extensions>
          <ns3:TrackPointExtension>
            <ns3:atemp>26.0</ns3:atemp>
            <ns3:hr>177</ns3:hr>
            <ns3:cad>89</ns3:cad>
          </ns3:TrackPointExtension>
        </extensions>
      </trkpt>
      <trkpt lat="34.64148723520338535308837890625" lon="135.1111770607531070709228515625">
        <ele>7.19999980926513671875</ele>
        <time>2026-10-03T01:54:03.000Z</time>
        <extensions>
          <ns3:TrackPointExtension>
            <ns3:atemp>26.0</ns3:atemp>
            <ns3:hr>177</ns3:hr>
            <ns3:cad>89</ns3:cad>
          </ns3:TrackPointExtension>
        </extensions>
      </trkpt>
      <trkpt lat="34.64148723520338535308837890625" lon="135.1111425273120403289794921875">
        <ele>7.19999980926513671875</ele>
        <time>2026-10-03T01:54:04.000Z</time>
        <extensions>
          <ns3:TrackPointExtension>
            <ns3:atemp>26.0</ns3:atemp>
            <ns3:hr>177</ns3:hr>
            <ns3:cad>89</ns3:cad>
          </ns3:TrackPointExtension>
        </extensions>
      </trkpt>
      <trkpt lat="34.6414819546043872833251953125" lon="135.11110791005194187164306640625">
        <ele>7.400000095367431640625</ele>
        <time>2026-10-03T01:54:05.000Z</time>
        <extensions>
          <ns3:TrackPointExtension>
            <ns3:atemp>26.0</ns3:atemp>
            <ns3:hr>177</ns3:hr>
            <ns3:cad>89</ns3:cad>
          </ns3:TrackPointExtension>
        </extensions>
      </trkpt>
      <trkpt lat="34.64148036204278469085693359375" lon="135.11107907630503177642822265625">
        <ele>7.400000095367431640625</ele>
        <time>2026-10-03T01:54:06.000Z</time>
        <extensions>
          <ns3:TrackPointExtension>
            <ns3:atemp>26.0</ns3:atemp>
            <ns3:hr>177</ns3:hr>
            <ns3:cad>88</ns3:cad>
          </ns3:TrackPointExtension>
        </extensions>
      </trkpt>
      <trkpt lat="34.6414765901863574981689453125" lon="135.1110412739217281341552734375">
        <ele>7.400000095367431640625</ele>
        <time>2026-10-03T01:54:07.000Z</time>
        <extensions>
          <ns3:TrackPointExtension>
            <ns3:atemp>26.0</ns3:atemp>
            <ns3:hr>177</ns3:hr>
            <ns3:cad>88</ns3:cad>
          </ns3:TrackPointExtension>
        </extensions>
      </trkpt>
      <trkpt lat="34.64147935621440410614013671875" lon="135.1110131107270717620849609375">
        <ele>7.400000095367431640625</ele>
        <time>2026-10-03T01:54:08.000Z</time>
        <extensions>
          <ns3:TrackPointExtension>
            <ns3:atemp>26.0</ns3:atemp>
            <ns3:hr>177</ns3:hr>
            <ns3:cad>88</ns3:cad>
          </ns3:TrackPointExtension>
        </extensions>
      </trkpt>
      <trkpt lat="34.64147214777767658233642578125" lon="135.110975392162799835205078125">
        <ele>7.400000095367431640625</ele>
        <time>2026-10-03T01:54:09.000Z</time>
        <extensions>
          <ns3:TrackPointExtension>
            <ns3:atemp>26.0</ns3:atemp>
            <ns3:hr>177</ns3:hr>
            <ns3:cad>88</ns3:cad>
          </ns3:TrackPointExtension>
        </extensions>
      </trkpt>
      <trkpt lat="34.64147114194929599761962890625" lon="135.1109450496733188629150390625">
        <ele>7.599999904632568359375</ele>
        <time>2026-10-03T01:54:10.000Z</time>
        <extensions>
          <ns3:TrackPointExtension>
            <ns3:atemp>26.0</ns3:atemp>
            <ns3:hr>177</ns3:hr>
            <ns3:cad>89</ns3:cad>
          </ns3:TrackPointExtension>
        </extensions>
      </trkpt>
      <trkpt lat="34.64146426878869533538818359375" lon="135.1109044812619686126708984375">
        <ele>7.400000095367431640625</ele>
        <time>2026-10-03T01:54:11.000Z</time>
        <extensions>
          <ns3:TrackPointExtension>
            <ns3:atemp>26.0</ns3:atemp>
            <ns3:hr>176</ns3:hr>
            <ns3:cad>89</ns3:cad>
          </ns3:TrackPointExtension>
        </extensions>
      </trkpt>
      <trkpt lat="34.6414641849696636199951171875" lon="135.1108758151531219482421875">
        <ele>7.400000095367431640625</ele>
        <time>2026-10-03T01:54:12.000Z</time>
        <extensions>
          <ns3:TrackPointExtension>
            <ns3:atemp>26.0</ns3:atemp>
            <ns3:hr>177</ns3:hr>
            <ns3:cad>89</ns3:cad>
          </ns3:TrackPointExtension>
        </extensions>
      </trkpt>
      <trkpt lat="34.6414598263800144195556640625" lon="135.1108380965888500213623046875">
        <ele>7.400000095367431640625</ele>
        <time>2026-10-03T01:54:13.000Z</time>
        <extensions>
          <ns3:TrackPointExtension>
            <ns3:atemp>26.0</ns3:atemp>
            <ns3:hr>177</ns3:hr>
            <ns3:cad>89</ns3:cad>
          </ns3:TrackPointExtension>
        </extensions>
      </trkpt>
      <trkpt lat="34.6414630115032196044921875" lon="135.11080884374678134918212890625">
        <ele>7.400000095367431640625</ele>
        <time>2026-10-03T01:54:14.000Z</time>
        <extensions>
          <ns3:TrackPointExtension>
            <ns3:atemp>26.0</ns3:atemp>
            <ns3:hr>177</ns3:hr>
            <ns3:cad>89</ns3:cad>
          </ns3:TrackPointExtension>
        </extensions>
      </trkpt>
      <trkpt lat="34.64145756326615810394287109375" lon="135.11076961643993854522705078125">
        <ele>7.400000095367431640625</ele>
        <time>2026-10-03T01:54:15.000Z</time>
        <extensions>
          <ns3:TrackPointExtension>
            <ns3:atemp>26.0</ns3:atemp>
            <ns3:hr>176</ns3:hr>
            <ns3:cad>89</ns3:cad>
          </ns3:TrackPointExtension>
        </extensions>
      </trkpt>
      <trkpt lat="34.641458988189697265625" lon="135.11073960922658443450927734375">
        <ele>7.400000095367431640625</ele>
        <time>2026-10-03T01:54:16.000Z</time>
        <extensions>
          <ns3:TrackPointExtension>
            <ns3:atemp>26.0</ns3:atemp>
            <ns3:hr>177</ns3:hr>
            <ns3:cad>89</ns3:cad>
          </ns3:TrackPointExtension>
        </extensions>
      </trkpt>
      <trkpt lat="34.64145404286682605743408203125" lon="135.11070373468101024627685546875">
        <ele>7.400000095367431640625</ele>
        <time>2026-10-03T01:54:17.000Z</time>
        <extensions>
          <ns3:TrackPointExtension>
            <ns3:atemp>26.0</ns3:atemp>
            <ns3:hr>177</ns3:hr>
            <ns3:cad>89</ns3:cad>
          </ns3:TrackPointExtension>
        </extensions>
      </trkpt>
      <trkpt lat="34.6414524503052234649658203125" lon="135.11067523621022701263427734375">
        <ele>7.19999980926513671875</ele>
        <time>2026-10-03T01:54:18.000Z</time>
        <extensions>
          <ns3:TrackPointExtension>
            <ns3:atemp>26.0</ns3:atemp>
            <ns3:hr>177</ns3:hr>
            <ns3:cad>89</ns3:cad>
          </ns3:TrackPointExtension>
        </extensions>
      </trkpt>
      <trkpt lat="34.6414482593536376953125" lon="135.11063517071306705474853515625">
        <ele>7.400000095367431640625</ele>
        <time>2026-10-03T01:54:19.000Z</time>
        <extensions>
          <ns3:TrackPointExtension>
            <ns3:atemp>26.0</ns3:atemp>
            <ns3:hr>178</ns3:hr>
            <ns3:cad>89</ns3:cad>
          </ns3:TrackPointExtension>
        </extensions>
      </trkpt>
      <trkpt lat="34.64144934900104999542236328125" lon="135.11060365475714206695556640625">
        <ele>7.19999980926513671875</ele>
        <time>2026-10-03T01:54:20.000Z</time>
        <extensions>
          <ns3:TrackPointExtension>
            <ns3:atemp>26.0</ns3:atemp>
            <ns3:hr>177</ns3:hr>
            <ns3:cad>89</ns3:cad>
          </ns3:TrackPointExtension>
        </extensions>
      </trkpt>
      <trkpt lat="34.6414490975439548492431640625" lon="135.11056727729737758636474609375">
        <ele>7.400000095367431640625</ele>
        <time>2026-10-03T01:54:21.000Z</time>
        <extensions>
          <ns3:TrackPointExtension>
            <ns3:atemp>26.0</ns3:atemp>
            <ns3:hr>178</ns3:hr>
            <ns3:cad>89</ns3:cad>
          </ns3:TrackPointExtension>
        </extensions>
      </trkpt>
      <trkpt lat="34.64144884608685970306396484375" lon="135.1105351746082305908203125">
        <ele>7.400000095367431640625</ele>
        <time>2026-10-03T01:54:22.000Z</time>
        <extensions>
          <ns3:TrackPointExtension>
            <ns3:atemp>26.0</ns3:atemp>
            <ns3:hr>177</ns3:hr>
            <ns3:cad>90</ns3:cad>
          </ns3:TrackPointExtension>
        </extensions>
      </trkpt>
      <trkpt lat="34.64144666679203510284423828125" lon="135.11049427092075347900390625">
        <ele>7.400000095367431640625</ele>
        <time>2026-10-03T01:54:23.000Z</time>
        <extensions>
          <ns3:TrackPointExtension>
            <ns3:atemp>26.0</ns3:atemp>
            <ns3:hr>176</ns3:hr>
            <ns3:cad>90</ns3:cad>
          </ns3:TrackPointExtension>
        </extensions>
      </trkpt>
      <trkpt lat="34.6414467506110668182373046875" lon="135.11046032421290874481201171875">
        <ele>7.400000095367431640625</ele>
        <time>2026-10-03T01:54:24.000Z</time>
        <extensions>
          <ns3:TrackPointExtension>
            <ns3:atemp>26.0</ns3:atemp>
            <ns3:hr>176</ns3:hr>
            <ns3:cad>90</ns3:cad>
          </ns3:TrackPointExtension>
        </extensions>
      </trkpt>
      <trkpt lat="34.64143644087016582489013671875" lon="135.11041942052543163299560546875">
        <ele>7.400000095367431640625</ele>
        <time>2026-10-03T01:54:25.000Z</time>
        <extensions>
          <ns3:TrackPointExtension>
            <ns3:atemp>26.0</ns3:atemp>
            <ns3:hr>176</ns3:hr>
            <ns3:cad>91</ns3:cad>
          </ns3:TrackPointExtension>
        </extensions>
      </trkpt>
      <trkpt lat="34.64143191464245319366455078125" lon="135.1103881560266017913818359375">
        <ele>7.400000095367431640625</ele>
        <time>2026-10-03T01:54:26.000Z</time>
        <extensions>
          <ns3:TrackPointExtension>
            <ns3:atemp>26.0</ns3:atemp>
            <ns3:hr>176</ns3:hr>
            <ns3:cad>90</ns3:cad>
          </ns3:TrackPointExtension>
        </extensions>
      </trkpt>
      <trkpt lat="34.64141045697033405303955078125" lon="135.11035420931875705718994140625">
        <ele>7.400000095367431640625</ele>
        <time>2026-10-03T01:54:27.000Z</time>
        <extensions>
          <ns3:TrackPointExtension>
            <ns3:atemp>26.0</ns3:atemp>
            <ns3:hr>176</ns3:hr>
            <ns3:cad>90</ns3:cad>
          </ns3:TrackPointExtension>
        </extensions>
      </trkpt>
      <trkpt lat="34.6413988061249256134033203125" lon="135.1103284768760204315185546875">
        <ele>7.400000095367431640625</ele>
        <time>2026-10-03T01:54:28.000Z</time>
        <extensions>
          <ns3:TrackPointExtension>
            <ns3:atemp>26.0</ns3:atemp>
            <ns3:hr>176</ns3:hr>
            <ns3:cad>91</ns3:cad>
          </ns3:TrackPointExtension>
        </extensions>
      </trkpt>
      <trkpt lat="34.641372822225093841552734375" lon="135.11030517518520355224609375">
        <ele>7.599999904632568359375</ele>
        <time>2026-10-03T01:54:29.000Z</time>
        <extensions>
          <ns3:TrackPointExtension>
            <ns3:atemp>26.0</ns3:atemp>
            <ns3:hr>177</ns3:hr>
            <ns3:cad>90</ns3:cad>
          </ns3:TrackPointExtension>
        </extensions>
      </trkpt>
      <trkpt lat="34.6413532085716724395751953125" lon="135.11028665117919445037841796875">
        <ele>7.599999904632568359375</ele>
        <time>2026-10-03T01:54:30.000Z</time>
        <extensions>
          <ns3:TrackPointExtension>
            <ns3:atemp>26.0</ns3:atemp>
            <ns3:hr>177</ns3:hr>
            <ns3:cad>90</ns3:cad>
          </ns3:TrackPointExtension>
        </extensions>
      </trkpt>
      <trkpt lat="34.6413226984441280364990234375" lon="135.11027290485799312591552734375">
        <ele>7.599999904632568359375</ele>
        <time>2026-10-03T01:54:31.000Z</time>
        <extensions>
          <ns3:TrackPointExtension>
            <ns3:atemp>26.0</ns3:atemp>
            <ns3:hr>177</ns3:hr>
            <ns3:cad>90</ns3:cad>
          </ns3:TrackPointExtension>
        </extensions>
      </trkpt>
      <trkpt lat="34.64130048640072345733642578125" lon="135.110257901251316070556640625">
        <ele>7.599999904632568359375</ele>
        <time>2026-10-03T01:54:32.000Z</time>
        <extensions>
          <ns3:TrackPointExtension>
            <ns3:atemp>26.0</ns3:atemp>
            <ns3:hr>178</ns3:hr>
            <ns3:cad>90</ns3:cad>
          </ns3:TrackPointExtension>
        </extensions>
      </trkpt>
      <trkpt lat="34.64126922190189361572265625" lon="135.11024482548236846923828125">
        <ele>7.400000095367431640625</ele>
        <time>2026-10-03T01:54:33.000Z</time>
        <extensions>
          <ns3:TrackPointExtension>
            <ns3:atemp>26.0</ns3:atemp>
            <ns3:hr>178</ns3:hr>
            <ns3:cad>90</ns3:cad>
          </ns3:TrackPointExtension>
        </extensions>
      </trkpt>
      <trkpt lat="34.641246087849140167236328125" lon="135.11023149825632572174072265625">
        <ele>7.19999980926513671875</ele>
        <time>2026-10-03T01:54:34.000Z</time>
        <extensions>
          <ns3:TrackPointExtension>
            <ns3:atemp>26.0</ns3:atemp>
            <ns3:hr>178</ns3:hr>
            <ns3:cad>90</ns3:cad>
          </ns3:TrackPointExtension>
        </extensions>
      </trkpt>
      <trkpt lat="34.64121817611157894134521484375" lon="135.11020861566066741943359375">
        <ele>7</ele>
        <time>2026-10-03T01:54:35.000Z</time>
        <extensions>
          <ns3:TrackPointExtension>
            <ns3:atemp>26.0</ns3:atemp>
            <ns3:hr>179</ns3:hr>
            <ns3:cad>90</ns3:cad>
          </ns3:TrackPointExtension>
        </extensions>
      </trkpt>
      <trkpt lat="34.6412050165235996246337890625" lon="135.11018757708370685577392578125">
        <ele>6.80000019073486328125</ele>
        <time>2026-10-03T01:54:36.000Z</time>
        <extensions>
          <ns3:TrackPointExtension>
            <ns3:atemp>26.0</ns3:atemp>
            <ns3:hr>178</ns3:hr>
            <ns3:cad>89</ns3:cad>
          </ns3:TrackPointExtension>
        </extensions>
      </trkpt>
      <trkpt lat="34.6411894261837005615234375" lon="135.11014902032911777496337890625">
        <ele>6.80000019073486328125</ele>
        <time>2026-10-03T01:54:37.000Z</time>
        <extensions>
          <ns3:TrackPointExtension>
            <ns3:atemp>26.0</ns3:atemp>
            <ns3:hr>178</ns3:hr>
            <ns3:cad>88</ns3:cad>
          </ns3:TrackPointExtension>
        </extensions>
      </trkpt>
      <trkpt lat="34.64118297211825847625732421875" lon="135.1101175881922245025634765625">
        <ele>7</ele>
        <time>2026-10-03T01:54:38.000Z</time>
        <extensions>
          <ns3:TrackPointExtension>
            <ns3:atemp>26.0</ns3:atemp>
            <ns3:hr>178</ns3:hr>
            <ns3:cad>88</ns3:cad>
          </ns3:TrackPointExtension>
        </extensions>
      </trkpt>
      <trkpt lat="34.64117626659572124481201171875" lon="135.11008548550307750701904296875">
        <ele>7</ele>
        <time>2026-10-03T01:54:39.000Z</time>
        <extensions>
          <ns3:TrackPointExtension>
            <ns3:atemp>26.0</ns3:atemp>
            <ns3:hr>177</ns3:hr>
            <ns3:cad>88</ns3:cad>
          </ns3:TrackPointExtension>
        </extensions>
      </trkpt>
      <trkpt lat="34.641168974339962005615234375" lon="135.11005396954715251922607421875">
        <ele>7</ele>
        <time>2026-10-03T01:54:40.000Z</time>
        <extensions>
          <ns3:TrackPointExtension>
            <ns3:atemp>26.0</ns3:atemp>
            <ns3:hr>177</ns3:hr>
            <ns3:cad>88</ns3:cad>
          </ns3:TrackPointExtension>
        </extensions>
      </trkpt>
      <trkpt lat="34.64115983806550502777099609375" lon="135.11002195067703723907470703125">
        <ele>6.80000019073486328125</ele>
        <time>2026-10-03T01:54:41.000Z</time>
        <extensions>
          <ns3:TrackPointExtension>
            <ns3:atemp>26.0</ns3:atemp>
            <ns3:hr>177</ns3:hr>
            <ns3:cad>88</ns3:cad>
          </ns3:TrackPointExtension>
        </extensions>
      </trkpt>
      <trkpt lat="34.64114315807819366455078125" lon="135.10999579913914203643798828125">
        <ele>6.599999904632568359375</ele>
        <time>2026-10-03T01:54:42.000Z</time>
        <extensions>
          <ns3:TrackPointExtension>
            <ns3:atemp>26.0</ns3:atemp>
            <ns3:hr>177</ns3:hr>
            <ns3:cad>88</ns3:cad>
          </ns3:TrackPointExtension>
        </extensions>
      </trkpt>
      <trkpt lat="34.6411389671266078948974609375" lon="135.10997216217219829559326171875">
        <ele>6.599999904632568359375</ele>
        <time>2026-10-03T01:54:43.000Z</time>
        <extensions>
          <ns3:TrackPointExtension>
            <ns3:atemp>26.0</ns3:atemp>
            <ns3:hr>177</ns3:hr>
            <ns3:cad>88</ns3:cad>
          </ns3:TrackPointExtension>
        </extensions>
      </trkpt>
      <trkpt lat="34.6411309204995632171630859375" lon="135.10994575917720794677734375">
        <ele>6.599999904632568359375</ele>
        <time>2026-10-03T01:54:44.000Z</time>
        <extensions>
          <ns3:TrackPointExtension>
            <ns3:atemp>26.0</ns3:atemp>
            <ns3:hr>177</ns3:hr>
            <ns3:cad>88</ns3:cad>
          </ns3:TrackPointExtension>
        </extensions>
      </trkpt>
      <trkpt lat="34.64113050140440464019775390625" lon="135.10992153547704219818115234375">
        <ele>6.599999904632568359375</ele>
        <time>2026-10-03T01:54:45.000Z</time>
        <extensions>
          <ns3:TrackPointExtension>
            <ns3:atemp>26.0</ns3:atemp>
            <ns3:hr>177</ns3:hr>
            <ns3:cad>88</ns3:cad>
          </ns3:TrackPointExtension>
        </extensions>
      </trkpt>
      <trkpt lat="34.64112228713929653167724609375" lon="135.10988716967403888702392578125">
        <ele>6.400000095367431640625</ele>
        <time>2026-10-03T01:54:46.000Z</time>
        <extensions>
          <ns3:TrackPointExtension>
            <ns3:atemp>26.0</ns3:atemp>
            <ns3:hr>176</ns3:hr>
            <ns3:cad>88</ns3:cad>
          </ns3:TrackPointExtension>
        </extensions>
      </trkpt>
      <trkpt lat="34.6411170065402984619140625" lon="135.10985565371811389923095703125">
        <ele>6.400000095367431640625</ele>
        <time>2026-10-03T01:54:47.000Z</time>
        <extensions>
          <ns3:TrackPointExtension>
            <ns3:atemp>26.0</ns3:atemp>
            <ns3:hr>176</ns3:hr>
            <ns3:cad>88</ns3:cad>
          </ns3:TrackPointExtension>
        </extensions>
      </trkpt>
      <trkpt lat="34.641107283532619476318359375" lon="135.10982765816152095794677734375">
        <ele>6.400000095367431640625</ele>
        <time>2026-10-03T01:54:48.000Z</time>
        <extensions>
          <ns3:TrackPointExtension>
            <ns3:atemp>26.0</ns3:atemp>
            <ns3:hr>176</ns3:hr>
            <ns3:cad>87</ns3:cad>
          </ns3:TrackPointExtension>
        </extensions>
      </trkpt>
      <trkpt lat="34.64109848253428936004638671875" lon="135.10980603285133838653564453125">
        <ele>6.599999904632568359375</ele>
        <time>2026-10-03T01:54:49.000Z</time>
        <extensions>
          <ns3:TrackPointExtension>
            <ns3:atemp>26.0</ns3:atemp>
            <ns3:hr>176</ns3:hr>
            <ns3:cad>87</ns3:cad>
          </ns3:TrackPointExtension>
        </extensions>
      </trkpt>
      <trkpt lat="34.64109060354530811309814453125" lon="135.10979295708239078521728515625">
        <ele>6.599999904632568359375</ele>
        <time>2026-10-03T01:54:50.000Z</time>
        <extensions>
          <ns3:TrackPointExtension>
            <ns3:atemp>26.0</ns3:atemp>
            <ns3:hr>176</ns3:hr>
            <ns3:cad>85</ns3:cad>
          </ns3:TrackPointExtension>
        </extensions>
      </trkpt>
    </trkseg>
  </trk>
</gpx>
